Error   2026-06-02 03:21:22:576  DevID:  Source-Line:libMvCameraControl.so(GenTLLoadLibraryEx.cpp-L0222)  ProcessName:grabImgWithTrigger(110524)     Description:[LoadCtiLibInter]Load CTI failed! CTI path[/opt/MVS/lib/aarch64/libMvProducerVIR.so], nRet[0x8000000c]
Error   2026-06-02 03:21:22:578  DevID:  Source-Line:libMvCameraControl.so(GenTLLoadLibraryEx.cpp-L0222)  ProcessName:grabImgWithTrigger(110524)     Description:[LoadCtiLibInter]Load CTI failed! CTI path[/opt/MVS/lib/aarch64/libMvProducerVIR.so], nRet[0x8000000c]
Info    2026-06-02 03:21:22:578  DevID:  Source-Line:libMvCameraControl.so(GigELoadLibrary.cpp-L1611)  ProcessName:grabImgWithTrigger(110524)     Description:[LoadGigEAllFunctions]Load MVGigEVisionSDK success
Info    2026-06-02 03:21:22:680  DevID:MV-CS050-10GC(DB0498485)  Source-Line:libMvCameraControl.so(GigEDevice.cpp-L0375)  ProcessName:grabImgWithTrigger(110524)     Description:[Init]GEV INFO DeviceIP[192.168.127.3], NetIP[192.168.127.110], ManufacturerInfo[Hikrobot], DeviceVersion[V4.0.43 250414 1530132], UserID[]
Info    2026-06-02 03:21:22:680  DevID:MV-CS050-10GC(DB0498485)  Source-Line:libMvCameraControl.so(MediaProcess.cpp-L0880)  ProcessName:grabImgWithTrigger(110524)     Description:[SetBayerCvtQuality]Set Bayer CvtQuality success! BayerCvtQuality[1]
Info    2026-06-02 03:21:22:680  DevID:MV-CS050-10GC(DB0498485)  Source-Line:libMvCameraControl.so(MediaProcess.cpp-L1876)  ProcessName:grabImgWithTrigger(110524)     Description:[SetBayerThreadNum]Set Bayer Thread Num success! BayerThreadNum[4]
Info    2026-06-02 03:21:22:680  DevID:MV-CS050-10GC(DB0498485)  Source-Line:libMvCameraControl.so(MediaProcess.cpp-L0880)  ProcessName:grabImgWithTrigger(110524)     Description:[SetBayerCvtQuality]Set Bayer CvtQuality success! BayerCvtQuality[1]
Info    2026-06-02 03:21:22:680  DevID:MV-CS050-10GC(DB0498485)  Source-Line:libMvCameraControl.so(MediaProcess.cpp-L1876)  ProcessName:grabImgWithTrigger(110524)     Description:[SetBayerThreadNum]Set Bayer Thread Num success! BayerThreadNum[4]
Info    2026-06-02 03:21:22:944  DevID:MV-CS050-10GC(DB0498485)  Source-Line:libMvCameraControl.so(GigEDevice.cpp-L0571)  ProcessName:grabImgWithTrigger(110524)     Description:[GetXmlInfo]Get GenICamXML From device, len [0x197c9] Type[1]
Info    2026-06-02 03:21:23:153  DevID:MV-CS050-10GC(DB0498485)  Source-Line:libMvCameraControl.so(GigEDevice.cpp-L0922)  ProcessName:grabImgWithTrigger(110524)     Description:[OpenDevice]Load XML success
Info    2026-06-02 03:21:23:156  DevID:MV-CS050-10GC(DB0498485)  Source-Line:libMvCameraControl.so(GenICamImpl.cpp-L0802)  ProcessName:grabImgWithTrigger(110524)     Description:[InvalidateNodes]Invalidate Nodes success
Info    2026-06-02 03:21:23:156  DevID:MV-CS050-10GC(DB0498485)  Source-Line:libMvCameraControl.so(GigEDevice.cpp-L0935)  ProcessName:grabImgWithTrigger(110524)     Description:[OpenDevice]Invalidate Nodes success
Info    2026-06-02 03:21:23:158  DevID:MV-CS050-10GC(DB0498485)  Source-Line:libMvCameraControl.so(StreamGrab.cpp-L0237)  ProcessName:grabImgWithTrigger(110524)     Description:[Open]Stream channel[0] opened
Info    2026-06-02 03:21:23:160  DevID:MV-CS050-10GC(DB0498485)  Source-Line:libMvCameraControl.so(GigEDevice.cpp-L0967)  ProcessName:grabImgWithTrigger(110524)     Description:[OpenDevice]Open device success! PrivilegeMode[1], SwitchoverKey[0], DeviceUptime[10390],DeviceFirmwareVersion[V4.0.43 2504141530132 23120701]
Info    2026-06-02 03:21:23:160  DevID:MV-CS050-10GC(DB0498485)  Source-Line:libMvCameraControl.so(MediaProcess.cpp-L0880)  ProcessName:grabImgWithTrigger(110524)     Description:[SetBayerCvtQuality]Set Bayer CvtQuality success! BayerCvtQuality[1]
Info    2026-06-02 03:21:23:160  DevID:MV-CS050-10GC(DB0498485)  Source-Line:libMvCameraControl.so(MediaProcess.cpp-L1876)  ProcessName:grabImgWithTrigger(110524)     Description:[SetBayerThreadNum]Set Bayer Thread Num success! BayerThreadNum[4]
Info    2026-06-02 03:21:23:160  DevID:MV-CS050-10GC(DB0498485)  Source-Line:libMvCameraControl.so(GigEDevice.cpp-L0986)  ProcessName:grabImgWithTrigger(110524)     Description:[OpenDevice]OpenDevice, cost time 480.000000ms 
Info    2026-06-02 03:21:23:160  DevID:  Source-Line:libMvCameraControl.so(GenICamImpl.cpp-L2412)  ProcessName:grabImgWithTrigger(110524)     Description:[RecordThread]RecordThread Start, ThreadId[2675888224]
Info    2026-06-02 03:21:23:174  DevID:MV-CS050-10GC(DB0498485)  Source-Line:libMvCameraControl.so(GenICamImpl.cpp-L2443)  ProcessName:grabImgWithTrigger(110524)     Description:[RecordThreadProc][Record] Get BlackLevel value [240]
Info    2026-06-02 03:21:23:185  DevID:MV-CS050-10GC(DB0498485)  Source-Line:libMvCameraControl.so(GenICamImpl.cpp-L2465)  ProcessName:grabImgWithTrigger(110524)     Description:[RecordThreadProc][Record] Get BalanceWhiteAuto Value [1] (0:off 1:contineu; 2:once):
Info    2026-06-02 03:21:23:193  DevID:MV-CS050-10GC(DB0498485)  Source-Line:libMvCameraControl.so(GenICamImpl.cpp-L2531)  ProcessName:grabImgWithTrigger(110524)     Description:[RecordThreadProc][Record] Get ExposureAuto value [0]
Info    2026-06-02 03:21:23:201  DevID:MV-CS050-10GC(DB0498485)  Source-Line:libMvCameraControl.so(GenICamImpl.cpp-L2553)  ProcessName:grabImgWithTrigger(110524)     Description:[RecordThreadProc][Record] Get ExposureTime value [5000.000000] 
Info    2026-06-02 03:21:23:209  DevID:MV-CS050-10GC(DB0498485)  Source-Line:libMvCameraControl.so(GenICamImpl.cpp-L2574)  ProcessName:grabImgWithTrigger(110524)     Description:[RecordThreadProc][Record] Get GainAuto value [2] (0:off 1:contineu; 2:once):
Info    2026-06-02 03:21:23:224  DevID:MV-CS050-10GC(DB0498485)  Source-Line:libMvCameraControl.so(GenICamImpl.cpp-L2595)  ProcessName:grabImgWithTrigger(110524)     Description:[RecordThreadProc][Record] Get Gain value [1.974500] 
Info    2026-06-02 03:21:23:239  DevID:MV-CS050-10GC(DB0498485)  Source-Line:libMvCameraControl.so(GenICamImpl.cpp-L2616)  ProcessName:grabImgWithTrigger(110524)     Description:[RecordThreadProc][Record] Get PixelFormat value [35127316] :
Error   2026-06-02 03:21:23:265  DevID:MV-CS050-10GC(DB0498485)  Source-Line:libMvCameraControl.so(GenICamImpl.cpp-L1181)  ProcessName:grabImgWithTrigger(110524)     Description:[XML_GetNodeAccessMode]PropertyName[SeqExpEnable], Ret[0x80000109]
Error   2026-06-02 03:21:23:265  DevID:MV-CS050-10GC(DB0498485)  Source-Line:libMvCameraControl.so(GenICamImpl.cpp-L1181)  ProcessName:grabImgWithTrigger(110524)     Description:[XML_GetNodeAccessMode]PropertyName[MultiLightControl], Ret[0x80000109]
Info    2026-06-02 03:21:23:269  DevID:MV-CS050-10GC(DB0498485)  Source-Line:libMvCameraControl.so(LiquidLensController.cpp-L2113)  ProcessName:grabImgWithTrigger(110524)     Description:[SetFastQuit][CLiquidLensController]SetFastQuit: Fast quit disabled
Info    2026-06-02 03:21:23:269  DevID:MV-CS050-10GC(DB0498485)  Source-Line:libMvCameraControl.so(GigEStream.cpp-L0070)  ProcessName:grabImgWithTrigger(110524)     Description:[StartAcquisition][GEV]Width[2448], Height[2048], PixelFormat[0x2180014], PayloadSize[15040512], ChunkCount[100], CompressMode[0], DeviceUptime[10390]
Info    2026-06-02 03:21:23:277  DevID:MV-CS050-10GC(DB0498485)  Source-Line:libMvCameraControl.so(GenICamImpl.cpp-L2637)  ProcessName:grabImgWithTrigger(110524)     Description:[RecordThreadProc][Record] Get GammaEnable value [1] 
Info    2026-06-02 03:21:23:279  DevID:MV-CS050-10GC(DB0498485)  Source-Line:libMvCameraControl.so(StreamGrab.cpp-L0872)  ProcessName:grabImgWithTrigger(110524)     Description:[StartGrabbing]StreamChannel[0], Start grabbing success, There is no registration callback.
Info    2026-06-02 03:21:23:280  DevID:MV-CS050-10GC(DB0498485)  Source-Line:libMvCameraControl.so(GenICamImpl.cpp-L2658)  ProcessName:grabImgWithTrigger(110524)     Description:[RecordThreadProc][Record] Get Gamma value [0.700000] 
Info    2026-06-02 03:21:23:281  DevID:MV-CS050-10GC(DB0498485)  Source-Line:libMvCameraControl.so(GenICamImpl.cpp-L2679)  ProcessName:grabImgWithTrigger(110524)     Description:[RecordThreadProc][Record] Get UserSetCurrent value [0]
Info    2026-06-02 03:21:23:283  DevID:MV-CS050-10GC(DB0498485)  Source-Line:libMvCameraControl.so(GenICamImpl.cpp-L2700)  ProcessName:grabImgWithTrigger(110524)     Description:[RecordThreadProc][Record] Get UserSetSelector value [0] 
Info    2026-06-02 03:21:23:284  DevID:MV-CS050-10GC(DB0498485)  Source-Line:libMvCameraControl.so(GenICamImpl.cpp-L2721)  ProcessName:grabImgWithTrigger(110524)     Description:[RecordThreadProc][Record] Get UserSetDefault value[0]
Info    2026-06-02 03:21:23:284  DevID:  Source-Line:libMvCameraControl.so(GenICamImpl.cpp-L2417)  ProcessName:grabImgWithTrigger(110524)     Description:[RecordThread]RecordThread End, ThreadId[2675888224]
Warning 2026-06-02 03:21:24:291  DevID:MV-CS050-10GC(DB0498485)  Source-Line:libMvCameraControl.so(StreamGrab.cpp-L1254)  ProcessName:grabImgWithTrigger(110524)     Description:[GetOneFrameTimeout]StreamChannel[0], Get image failed! Msec[1000], Ret[0x80000007]
Warning 2026-06-02 03:21:25:291  DevID:MV-CS050-10GC(DB0498485)  Source-Line:libMvCameraControl.so(StreamGrab.cpp-L1254)  ProcessName:grabImgWithTrigger(110524)     Description:[GetOneFrameTimeout]StreamChannel[0], Get image failed! Msec[1000], Ret[0x80000007]
Warning 2026-06-02 03:21:26:291  DevID:MV-CS050-10GC(DB0498485)  Source-Line:libMvCameraControl.so(StreamGrab.cpp-L1254)  ProcessName:grabImgWithTrigger(110524)     Description:[GetOneFrameTimeout]StreamChannel[0], Get image failed! Msec[1000], Ret[0x80000007]
Warning 2026-06-02 03:21:27:291  DevID:MV-CS050-10GC(DB0498485)  Source-Line:libMvCameraControl.so(StreamGrab.cpp-L1254)  ProcessName:grabImgWithTrigger(110524)     Description:[GetOneFrameTimeout]StreamChannel[0], Get image failed! Msec[1000], Ret[0x80000007]
Warning 2026-06-02 03:21:28:292  DevID:MV-CS050-10GC(DB0498485)  Source-Line:libMvCameraControl.so(StreamGrab.cpp-L1254)  ProcessName:grabImgWithTrigger(110524)     Description:[GetOneFrameTimeout]StreamChannel[0], Get image failed! Msec[1000], Ret[0x80000007]
Warning 2026-06-02 03:21:29:292  DevID:MV-CS050-10GC(DB0498485)  Source-Line:libMvCameraControl.so(StreamGrab.cpp-L1254)  ProcessName:grabImgWithTrigger(110524)     Description:[GetOneFrameTimeout]StreamChannel[0], Get image failed! Msec[1000], Ret[0x80000007]
Warning 2026-06-02 03:21:30:292  DevID:MV-CS050-10GC(DB0498485)  Source-Line:libMvCameraControl.so(StreamGrab.cpp-L1254)  ProcessName:grabImgWithTrigger(110524)     Description:[GetOneFrameTimeout]StreamChannel[0], Get image failed! Msec[1000], Ret[0x80000007]
Warning 2026-06-02 03:21:31:292  DevID:MV-CS050-10GC(DB0498485)  Source-Line:libMvCameraControl.so(StreamGrab.cpp-L1254)  ProcessName:grabImgWithTrigger(110524)     Description:[GetOneFrameTimeout]StreamChannel[0], Get image failed! Msec[1000], Ret[0x80000007]
Warning 2026-06-02 03:21:32:292  DevID:MV-CS050-10GC(DB0498485)  Source-Line:libMvCameraControl.so(StreamGrab.cpp-L1254)  ProcessName:grabImgWithTrigger(110524)     Description:[GetOneFrameTimeout]StreamChannel[0], Get image failed! Msec[1000], Ret[0x80000007]
Warning 2026-06-02 03:21:33:292  DevID:MV-CS050-10GC(DB0498485)  Source-Line:libMvCameraControl.so(StreamGrab.cpp-L1254)  ProcessName:grabImgWithTrigger(110524)     Description:[GetOneFrameTimeout]StreamChannel[0], Get image failed! Msec[1000], Ret[0x80000007]
Warning 2026-06-02 03:21:34:292  DevID:MV-CS050-10GC(DB0498485)  Source-Line:libMvCameraControl.so(StreamGrab.cpp-L1254)  ProcessName:grabImgWithTrigger(110524)     Description:[GetOneFrameTimeout]StreamChannel[0], Get image failed! Msec[1000], Ret[0x80000007]
Warning 2026-06-02 03:21:35:293  DevID:MV-CS050-10GC(DB0498485)  Source-Line:libMvCameraControl.so(StreamGrab.cpp-L1254)  ProcessName:grabImgWithTrigger(110524)     Description:[GetOneFrameTimeout]StreamChannel[0], Get image failed! Msec[1000], Ret[0x80000007]
Warning 2026-06-02 03:21:36:293  DevID:MV-CS050-10GC(DB0498485)  Source-Line:libMvCameraControl.so(StreamGrab.cpp-L1254)  ProcessName:grabImgWithTrigger(110524)     Description:[GetOneFrameTimeout]StreamChannel[0], Get image failed! Msec[1000], Ret[0x80000007]
Warning 2026-06-02 03:21:37:293  DevID:MV-CS050-10GC(DB0498485)  Source-Line:libMvCameraControl.so(StreamGrab.cpp-L1254)  ProcessName:grabImgWithTrigger(110524)     Description:[GetOneFrameTimeout]StreamChannel[0], Get image failed! Msec[1000], Ret[0x80000007]
Warning 2026-06-02 03:21:38:293  DevID:MV-CS050-10GC(DB0498485)  Source-Line:libMvCameraControl.so(StreamGrab.cpp-L1254)  ProcessName:grabImgWithTrigger(110524)     Description:[GetOneFrameTimeout]StreamChannel[0], Get image failed! Msec[1000], Ret[0x80000007]
Warning 2026-06-02 03:21:39:293  DevID:MV-CS050-10GC(DB0498485)  Source-Line:libMvCameraControl.so(StreamGrab.cpp-L1254)  ProcessName:grabImgWithTrigger(110524)     Description:[GetOneFrameTimeout]StreamChannel[0], Get image failed! Msec[1000], Ret[0x80000007]
Warning 2026-06-02 03:21:40:293  DevID:MV-CS050-10GC(DB0498485)  Source-Line:libMvCameraControl.so(StreamGrab.cpp-L1254)  ProcessName:grabImgWithTrigger(110524)     Description:[GetOneFrameTimeout]StreamChannel[0], Get image failed! Msec[1000], Ret[0x80000007]
Warning 2026-06-02 03:21:41:293  DevID:MV-CS050-10GC(DB0498485)  Source-Line:libMvCameraControl.so(StreamGrab.cpp-L1254)  ProcessName:grabImgWithTrigger(110524)     Description:[GetOneFrameTimeout]StreamChannel[0], Get image failed! Msec[1000], Ret[0x80000007]
Warning 2026-06-02 03:21:42:293  DevID:MV-CS050-10GC(DB0498485)  Source-Line:libMvCameraControl.so(StreamGrab.cpp-L1254)  ProcessName:grabImgWithTrigger(110524)     Description:[GetOneFrameTimeout]StreamChannel[0], Get image failed! Msec[1000], Ret[0x80000007]
Warning 2026-06-02 03:21:43:294  DevID:MV-CS050-10GC(DB0498485)  Source-Line:libMvCameraControl.so(StreamGrab.cpp-L1254)  ProcessName:grabImgWithTrigger(110524)     Description:[GetOneFrameTimeout]StreamChannel[0], Get image failed! Msec[1000], Ret[0x80000007]
Warning 2026-06-02 03:21:44:294  DevID:MV-CS050-10GC(DB0498485)  Source-Line:libMvCameraControl.so(StreamGrab.cpp-L1254)  ProcessName:grabImgWithTrigger(110524)     Description:[GetOneFrameTimeout]StreamChannel[0], Get image failed! Msec[1000], Ret[0x80000007]
Warning 2026-06-02 03:21:45:294  DevID:MV-CS050-10GC(DB0498485)  Source-Line:libMvCameraControl.so(StreamGrab.cpp-L1254)  ProcessName:grabImgWithTrigger(110524)     Description:[GetOneFrameTimeout]StreamChannel[0], Get image failed! Msec[1000], Ret[0x80000007]
Warning 2026-06-02 03:21:46:294  DevID:MV-CS050-10GC(DB0498485)  Source-Line:libMvCameraControl.so(StreamGrab.cpp-L1254)  ProcessName:grabImgWithTrigger(110524)     Description:[GetOneFrameTimeout]StreamChannel[0], Get image failed! Msec[1000], Ret[0x80000007]
Warning 2026-06-02 03:21:47:294  DevID:MV-CS050-10GC(DB0498485)  Source-Line:libMvCameraControl.so(StreamGrab.cpp-L1254)  ProcessName:grabImgWithTrigger(110524)     Description:[GetOneFrameTimeout]StreamChannel[0], Get image failed! Msec[1000], Ret[0x80000007]
Warning 2026-06-02 03:21:48:294  DevID:MV-CS050-10GC(DB0498485)  Source-Line:libMvCameraControl.so(StreamGrab.cpp-L1254)  ProcessName:grabImgWithTrigger(110524)     Description:[GetOneFrameTimeout]StreamChannel[0], Get image failed! Msec[1000], Ret[0x80000007]
Warning 2026-06-02 03:21:49:294  DevID:MV-CS050-10GC(DB0498485)  Source-Line:libMvCameraControl.so(StreamGrab.cpp-L1254)  ProcessName:grabImgWithTrigger(110524)     Description:[GetOneFrameTimeout]StreamChannel[0], Get image failed! Msec[1000], Ret[0x80000007]
Warning 2026-06-02 03:21:50:294  DevID:MV-CS050-10GC(DB0498485)  Source-Line:libMvCameraControl.so(StreamGrab.cpp-L1254)  ProcessName:grabImgWithTrigger(110524)     Description:[GetOneFrameTimeout]StreamChannel[0], Get image failed! Msec[1000], Ret[0x80000007]
Warning 2026-06-02 03:21:51:294  DevID:MV-CS050-10GC(DB0498485)  Source-Line:libMvCameraControl.so(StreamGrab.cpp-L1254)  ProcessName:grabImgWithTrigger(110524)     Description:[GetOneFrameTimeout]StreamChannel[0], Get image failed! Msec[1000], Ret[0x80000007]
Warning 2026-06-02 03:21:52:295  DevID:MV-CS050-10GC(DB0498485)  Source-Line:libMvCameraControl.so(StreamGrab.cpp-L1254)  ProcessName:grabImgWithTrigger(110524)     Description:[GetOneFrameTimeout]StreamChannel[0], Get image failed! Msec[1000], Ret[0x80000007]
Warning 2026-06-02 03:21:53:295  DevID:MV-CS050-10GC(DB0498485)  Source-Line:libMvCameraControl.so(StreamGrab.cpp-L1254)  ProcessName:grabImgWithTrigger(110524)     Description:[GetOneFrameTimeout]StreamChannel[0], Get image failed! Msec[1000], Ret[0x80000007]
Warning 2026-06-02 03:21:54:295  DevID:MV-CS050-10GC(DB0498485)  Source-Line:libMvCameraControl.so(StreamGrab.cpp-L1254)  ProcessName:grabImgWithTrigger(110524)     Description:[GetOneFrameTimeout]StreamChannel[0], Get image failed! Msec[1000], Ret[0x80000007]
Warning 2026-06-02 03:21:55:295  DevID:MV-CS050-10GC(DB0498485)  Source-Line:libMvCameraControl.so(StreamGrab.cpp-L1254)  ProcessName:grabImgWithTrigger(110524)     Description:[GetOneFrameTimeout]StreamChannel[0], Get image failed! Msec[1000], Ret[0x80000007]
Warning 2026-06-02 03:21:56:295  DevID:MV-CS050-10GC(DB0498485)  Source-Line:libMvCameraControl.so(StreamGrab.cpp-L1254)  ProcessName:grabImgWithTrigger(110524)     Description:[GetOneFrameTimeout]StreamChannel[0], Get image failed! Msec[1000], Ret[0x80000007]
Warning 2026-06-02 03:21:57:295  DevID:MV-CS050-10GC(DB0498485)  Source-Line:libMvCameraControl.so(StreamGrab.cpp-L1254)  ProcessName:grabImgWithTrigger(110524)     Description:[GetOneFrameTimeout]StreamChannel[0], Get image failed! Msec[1000], Ret[0x80000007]
Warning 2026-06-02 03:21:58:295  DevID:MV-CS050-10GC(DB0498485)  Source-Line:libMvCameraControl.so(StreamGrab.cpp-L1254)  ProcessName:grabImgWithTrigger(110524)     Description:[GetOneFrameTimeout]StreamChannel[0], Get image failed! Msec[1000], Ret[0x80000007]
Warning 2026-06-02 03:21:59:295  DevID:MV-CS050-10GC(DB0498485)  Source-Line:libMvCameraControl.so(StreamGrab.cpp-L1254)  ProcessName:grabImgWithTrigger(110524)     Description:[GetOneFrameTimeout]StreamChannel[0], Get image failed! Msec[1000], Ret[0x80000007]
Warning 2026-06-02 03:22:00:295  DevID:MV-CS050-10GC(DB0498485)  Source-Line:libMvCameraControl.so(StreamGrab.cpp-L1254)  ProcessName:grabImgWithTrigger(110524)     Description:[GetOneFrameTimeout]StreamChannel[0], Get image failed! Msec[1000], Ret[0x80000007]
Warning 2026-06-02 03:22:01:296  DevID:MV-CS050-10GC(DB0498485)  Source-Line:libMvCameraControl.so(StreamGrab.cpp-L1254)  ProcessName:grabImgWithTrigger(110524)     Description:[GetOneFrameTimeout]StreamChannel[0], Get image failed! Msec[1000], Ret[0x80000007]
Warning 2026-06-02 03:22:02:296  DevID:MV-CS050-10GC(DB0498485)  Source-Line:libMvCameraControl.so(StreamGrab.cpp-L1254)  ProcessName:grabImgWithTrigger(110524)     Description:[GetOneFrameTimeout]StreamChannel[0], Get image failed! Msec[1000], Ret[0x80000007]
Warning 2026-06-02 03:22:03:296  DevID:MV-CS050-10GC(DB0498485)  Source-Line:libMvCameraControl.so(StreamGrab.cpp-L1254)  ProcessName:grabImgWithTrigger(110524)     Description:[GetOneFrameTimeout]StreamChannel[0], Get image failed! Msec[1000], Ret[0x80000007]
Warning 2026-06-02 03:22:04:296  DevID:MV-CS050-10GC(DB0498485)  Source-Line:libMvCameraControl.so(StreamGrab.cpp-L1254)  ProcessName:grabImgWithTrigger(110524)     Description:[GetOneFrameTimeout]StreamChannel[0], Get image failed! Msec[1000], Ret[0x80000007]
Warning 2026-06-02 03:22:05:296  DevID:MV-CS050-10GC(DB0498485)  Source-Line:libMvCameraControl.so(StreamGrab.cpp-L1254)  ProcessName:grabImgWithTrigger(110524)     Description:[GetOneFrameTimeout]StreamChannel[0], Get image failed! Msec[1000], Ret[0x80000007]
Warning 2026-06-02 03:22:06:296  DevID:MV-CS050-10GC(DB0498485)  Source-Line:libMvCameraControl.so(StreamGrab.cpp-L1254)  ProcessName:grabImgWithTrigger(110524)     Description:[GetOneFrameTimeout]StreamChannel[0], Get image failed! Msec[1000], Ret[0x80000007]
Warning 2026-06-02 03:22:07:296  DevID:MV-CS050-10GC(DB0498485)  Source-Line:libMvCameraControl.so(StreamGrab.cpp-L1254)  ProcessName:grabImgWithTrigger(110524)     Description:[GetOneFrameTimeout]StreamChannel[0], Get image failed! Msec[1000], Ret[0x80000007]
Warning 2026-06-02 03:22:08:296  DevID:MV-CS050-10GC(DB0498485)  Source-Line:libMvCameraControl.so(StreamGrab.cpp-L1254)  ProcessName:grabImgWithTrigger(110524)     Description:[GetOneFrameTimeout]StreamChannel[0], Get image failed! Msec[1000], Ret[0x80000007]
Warning 2026-06-02 03:22:09:296  DevID:MV-CS050-10GC(DB0498485)  Source-Line:libMvCameraControl.so(StreamGrab.cpp-L1254)  ProcessName:grabImgWithTrigger(110524)     Description:[GetOneFrameTimeout]StreamChannel[0], Get image failed! Msec[1000], Ret[0x80000007]
Warning 2026-06-02 03:22:10:297  DevID:MV-CS050-10GC(DB0498485)  Source-Line:libMvCameraControl.so(StreamGrab.cpp-L1254)  ProcessName:grabImgWithTrigger(110524)     Description:[GetOneFrameTimeout]StreamChannel[0], Get image failed! Msec[1000], Ret[0x80000007]
Warning 2026-06-02 03:22:11:297  DevID:MV-CS050-10GC(DB0498485)  Source-Line:libMvCameraControl.so(StreamGrab.cpp-L1254)  ProcessName:grabImgWithTrigger(110524)     Description:[GetOneFrameTimeout]StreamChannel[0], Get image failed! Msec[1000], Ret[0x80000007]
Warning 2026-06-02 03:22:12:297  DevID:MV-CS050-10GC(DB0498485)  Source-Line:libMvCameraControl.so(StreamGrab.cpp-L1254)  ProcessName:grabImgWithTrigger(110524)     Description:[GetOneFrameTimeout]StreamChannel[0], Get image failed! Msec[1000], Ret[0x80000007]
Warning 2026-06-02 03:22:13:297  DevID:MV-CS050-10GC(DB0498485)  Source-Line:libMvCameraControl.so(StreamGrab.cpp-L1254)  ProcessName:grabImgWithTrigger(110524)     Description:[GetOneFrameTimeout]StreamChannel[0], Get image failed! Msec[1000], Ret[0x80000007]
Warning 2026-06-02 03:22:14:297  DevID:MV-CS050-10GC(DB0498485)  Source-Line:libMvCameraControl.so(StreamGrab.cpp-L1254)  ProcessName:grabImgWithTrigger(110524)     Description:[GetOneFrameTimeout]StreamChannel[0], Get image failed! Msec[1000], Ret[0x80000007]
Warning 2026-06-02 03:22:15:297  DevID:MV-CS050-10GC(DB0498485)  Source-Line:libMvCameraControl.so(StreamGrab.cpp-L1254)  ProcessName:grabImgWithTrigger(110524)     Description:[GetOneFrameTimeout]StreamChannel[0], Get image failed! Msec[1000], Ret[0x80000007]
Warning 2026-06-02 03:22:16:297  DevID:MV-CS050-10GC(DB0498485)  Source-Line:libMvCameraControl.so(StreamGrab.cpp-L1254)  ProcessName:grabImgWithTrigger(110524)     Description:[GetOneFrameTimeout]StreamChannel[0], Get image failed! Msec[1000], Ret[0x80000007]
Warning 2026-06-02 03:22:17:297  DevID:MV-CS050-10GC(DB0498485)  Source-Line:libMvCameraControl.so(StreamGrab.cpp-L1254)  ProcessName:grabImgWithTrigger(110524)     Description:[GetOneFrameTimeout]StreamChannel[0], Get image failed! Msec[1000], Ret[0x80000007]
Warning 2026-06-02 03:22:18:298  DevID:MV-CS050-10GC(DB0498485)  Source-Line:libMvCameraControl.so(StreamGrab.cpp-L1254)  ProcessName:grabImgWithTrigger(110524)     Description:[GetOneFrameTimeout]StreamChannel[0], Get image failed! Msec[1000], Ret[0x80000007]
Warning 2026-06-02 03:22:19:298  DevID:MV-CS050-10GC(DB0498485)  Source-Line:libMvCameraControl.so(StreamGrab.cpp-L1254)  ProcessName:grabImgWithTrigger(110524)     Description:[GetOneFrameTimeout]StreamChannel[0], Get image failed! Msec[1000], Ret[0x80000007]
Warning 2026-06-02 03:22:20:298  DevID:MV-CS050-10GC(DB0498485)  Source-Line:libMvCameraControl.so(StreamGrab.cpp-L1254)  ProcessName:grabImgWithTrigger(110524)     Description:[GetOneFrameTimeout]StreamChannel[0], Get image failed! Msec[1000], Ret[0x80000007]
Warning 2026-06-02 03:22:21:298  DevID:MV-CS050-10GC(DB0498485)  Source-Line:libMvCameraControl.so(StreamGrab.cpp-L1254)  ProcessName:grabImgWithTrigger(110524)     Description:[GetOneFrameTimeout]StreamChannel[0], Get image failed! Msec[1000], Ret[0x80000007]
Warning 2026-06-02 03:22:22:298  DevID:MV-CS050-10GC(DB0498485)  Source-Line:libMvCameraControl.so(StreamGrab.cpp-L1254)  ProcessName:grabImgWithTrigger(110524)     Description:[GetOneFrameTimeout]StreamChannel[0], Get image failed! Msec[1000], Ret[0x80000007]
Warning 2026-06-02 03:22:23:298  DevID:MV-CS050-10GC(DB0498485)  Source-Line:libMvCameraControl.so(StreamGrab.cpp-L1254)  ProcessName:grabImgWithTrigger(110524)     Description:[GetOneFrameTimeout]StreamChannel[0], Get image failed! Msec[1000], Ret[0x80000007]
Warning 2026-06-02 03:22:24:298  DevID:MV-CS050-10GC(DB0498485)  Source-Line:libMvCameraControl.so(StreamGrab.cpp-L1254)  ProcessName:grabImgWithTrigger(110524)     Description:[GetOneFrameTimeout]StreamChannel[0], Get image failed! Msec[1000], Ret[0x80000007]
Warning 2026-06-02 03:22:25:298  DevID:MV-CS050-10GC(DB0498485)  Source-Line:libMvCameraControl.so(StreamGrab.cpp-L1254)  ProcessName:grabImgWithTrigger(110524)     Description:[GetOneFrameTimeout]StreamChannel[0], Get image failed! Msec[1000], Ret[0x80000007]
Warning 2026-06-02 03:22:26:298  DevID:MV-CS050-10GC(DB0498485)  Source-Line:libMvCameraControl.so(StreamGrab.cpp-L1254)  ProcessName:grabImgWithTrigger(110524)     Description:[GetOneFrameTimeout]StreamChannel[0], Get image failed! Msec[1000], Ret[0x80000007]
Warning 2026-06-02 03:22:27:299  DevID:MV-CS050-10GC(DB0498485)  Source-Line:libMvCameraControl.so(StreamGrab.cpp-L1254)  ProcessName:grabImgWithTrigger(110524)     Description:[GetOneFrameTimeout]StreamChannel[0], Get image failed! Msec[1000], Ret[0x80000007]
Warning 2026-06-02 03:22:28:299  DevID:MV-CS050-10GC(DB0498485)  Source-Line:libMvCameraControl.so(StreamGrab.cpp-L1254)  ProcessName:grabImgWithTrigger(110524)     Description:[GetOneFrameTimeout]StreamChannel[0], Get image failed! Msec[1000], Ret[0x80000007]
Warning 2026-06-02 03:22:29:299  DevID:MV-CS050-10GC(DB0498485)  Source-Line:libMvCameraControl.so(StreamGrab.cpp-L1254)  ProcessName:grabImgWithTrigger(110524)     Description:[GetOneFrameTimeout]StreamChannel[0], Get image failed! Msec[1000], Ret[0x80000007]
Warning 2026-06-02 03:22:30:299  DevID:MV-CS050-10GC(DB0498485)  Source-Line:libMvCameraControl.so(StreamGrab.cpp-L1254)  ProcessName:grabImgWithTrigger(110524)     Description:[GetOneFrameTimeout]StreamChannel[0], Get image failed! Msec[1000], Ret[0x80000007]
Warning 2026-06-02 03:22:31:299  DevID:MV-CS050-10GC(DB0498485)  Source-Line:libMvCameraControl.so(StreamGrab.cpp-L1254)  ProcessName:grabImgWithTrigger(110524)     Description:[GetOneFrameTimeout]StreamChannel[0], Get image failed! Msec[1000], Ret[0x80000007]
Warning 2026-06-02 03:22:32:299  DevID:MV-CS050-10GC(DB0498485)  Source-Line:libMvCameraControl.so(StreamGrab.cpp-L1254)  ProcessName:grabImgWithTrigger(110524)     Description:[GetOneFrameTimeout]StreamChannel[0], Get image failed! Msec[1000], Ret[0x80000007]
Warning 2026-06-02 03:22:33:299  DevID:MV-CS050-10GC(DB0498485)  Source-Line:libMvCameraControl.so(StreamGrab.cpp-L1254)  ProcessName:grabImgWithTrigger(110524)     Description:[GetOneFrameTimeout]StreamChannel[0], Get image failed! Msec[1000], Ret[0x80000007]
Warning 2026-06-02 03:22:34:299  DevID:MV-CS050-10GC(DB0498485)  Source-Line:libMvCameraControl.so(StreamGrab.cpp-L1254)  ProcessName:grabImgWithTrigger(110524)     Description:[GetOneFrameTimeout]StreamChannel[0], Get image failed! Msec[1000], Ret[0x80000007]
Warning 2026-06-02 03:22:35:299  DevID:MV-CS050-10GC(DB0498485)  Source-Line:libMvCameraControl.so(StreamGrab.cpp-L1254)  ProcessName:grabImgWithTrigger(110524)     Description:[GetOneFrameTimeout]StreamChannel[0], Get image failed! Msec[1000], Ret[0x80000007]
Warning 2026-06-02 03:22:36:300  DevID:MV-CS050-10GC(DB0498485)  Source-Line:libMvCameraControl.so(StreamGrab.cpp-L1254)  ProcessName:grabImgWithTrigger(110524)     Description:[GetOneFrameTimeout]StreamChannel[0], Get image failed! Msec[1000], Ret[0x80000007]
Warning 2026-06-02 03:22:37:300  DevID:MV-CS050-10GC(DB0498485)  Source-Line:libMvCameraControl.so(StreamGrab.cpp-L1254)  ProcessName:grabImgWithTrigger(110524)     Description:[GetOneFrameTimeout]StreamChannel[0], Get image failed! Msec[1000], Ret[0x80000007]
Warning 2026-06-02 03:22:38:300  DevID:MV-CS050-10GC(DB0498485)  Source-Line:libMvCameraControl.so(StreamGrab.cpp-L1254)  ProcessName:grabImgWithTrigger(110524)     Description:[GetOneFrameTimeout]StreamChannel[0], Get image failed! Msec[1000], Ret[0x80000007]
Warning 2026-06-02 03:22:39:300  DevID:MV-CS050-10GC(DB0498485)  Source-Line:libMvCameraControl.so(StreamGrab.cpp-L1254)  ProcessName:grabImgWithTrigger(110524)     Description:[GetOneFrameTimeout]StreamChannel[0], Get image failed! Msec[1000], Ret[0x80000007]
Warning 2026-06-02 03:22:40:300  DevID:MV-CS050-10GC(DB0498485)  Source-Line:libMvCameraControl.so(StreamGrab.cpp-L1254)  ProcessName:grabImgWithTrigger(110524)     Description:[GetOneFrameTimeout]StreamChannel[0], Get image failed! Msec[1000], Ret[0x80000007]
Warning 2026-06-02 03:22:41:300  DevID:MV-CS050-10GC(DB0498485)  Source-Line:libMvCameraControl.so(StreamGrab.cpp-L1254)  ProcessName:grabImgWithTrigger(110524)     Description:[GetOneFrameTimeout]StreamChannel[0], Get image failed! Msec[1000], Ret[0x80000007]
Warning 2026-06-02 03:22:42:300  DevID:MV-CS050-10GC(DB0498485)  Source-Line:libMvCameraControl.so(StreamGrab.cpp-L1254)  ProcessName:grabImgWithTrigger(110524)     Description:[GetOneFrameTimeout]StreamChannel[0], Get image failed! Msec[1000], Ret[0x80000007]
Warning 2026-06-02 03:22:43:300  DevID:MV-CS050-10GC(DB0498485)  Source-Line:libMvCameraControl.so(StreamGrab.cpp-L1254)  ProcessName:grabImgWithTrigger(110524)     Description:[GetOneFrameTimeout]StreamChannel[0], Get image failed! Msec[1000], Ret[0x80000007]
Warning 2026-06-02 03:22:44:301  DevID:MV-CS050-10GC(DB0498485)  Source-Line:libMvCameraControl.so(StreamGrab.cpp-L1254)  ProcessName:grabImgWithTrigger(110524)     Description:[GetOneFrameTimeout]StreamChannel[0], Get image failed! Msec[1000], Ret[0x80000007]
Warning 2026-06-02 03:22:45:301  DevID:MV-CS050-10GC(DB0498485)  Source-Line:libMvCameraControl.so(StreamGrab.cpp-L1254)  ProcessName:grabImgWithTrigger(110524)     Description:[GetOneFrameTimeout]StreamChannel[0], Get image failed! Msec[1000], Ret[0x80000007]
Warning 2026-06-02 03:22:46:301  DevID:MV-CS050-10GC(DB0498485)  Source-Line:libMvCameraControl.so(StreamGrab.cpp-L1254)  ProcessName:grabImgWithTrigger(110524)     Description:[GetOneFrameTimeout]StreamChannel[0], Get image failed! Msec[1000], Ret[0x80000007]
Warning 2026-06-02 03:22:47:301  DevID:MV-CS050-10GC(DB0498485)  Source-Line:libMvCameraControl.so(StreamGrab.cpp-L1254)  ProcessName:grabImgWithTrigger(110524)     Description:[GetOneFrameTimeout]StreamChannel[0], Get image failed! Msec[1000], Ret[0x80000007]
Warning 2026-06-02 03:22:48:301  DevID:MV-CS050-10GC(DB0498485)  Source-Line:libMvCameraControl.so(StreamGrab.cpp-L1254)  ProcessName:grabImgWithTrigger(110524)     Description:[GetOneFrameTimeout]StreamChannel[0], Get image failed! Msec[1000], Ret[0x80000007]
Warning 2026-06-02 03:22:49:301  DevID:MV-CS050-10GC(DB0498485)  Source-Line:libMvCameraControl.so(StreamGrab.cpp-L1254)  ProcessName:grabImgWithTrigger(110524)     Description:[GetOneFrameTimeout]StreamChannel[0], Get image failed! Msec[1000], Ret[0x80000007]
Warning 2026-06-02 03:22:50:301  DevID:MV-CS050-10GC(DB0498485)  Source-Line:libMvCameraControl.so(StreamGrab.cpp-L1254)  ProcessName:grabImgWithTrigger(110524)     Description:[GetOneFrameTimeout]StreamChannel[0], Get image failed! Msec[1000], Ret[0x80000007]
Warning 2026-06-02 03:22:51:301  DevID:MV-CS050-10GC(DB0498485)  Source-Line:libMvCameraControl.so(StreamGrab.cpp-L1254)  ProcessName:grabImgWithTrigger(110524)     Description:[GetOneFrameTimeout]StreamChannel[0], Get image failed! Msec[1000], Ret[0x80000007]
Warning 2026-06-02 03:22:52:301  DevID:MV-CS050-10GC(DB0498485)  Source-Line:libMvCameraControl.so(StreamGrab.cpp-L1254)  ProcessName:grabImgWithTrigger(110524)     Description:[GetOneFrameTimeout]StreamChannel[0], Get image failed! Msec[1000], Ret[0x80000007]
Warning 2026-06-02 03:22:53:302  DevID:MV-CS050-10GC(DB0498485)  Source-Line:libMvCameraControl.so(StreamGrab.cpp-L1254)  ProcessName:grabImgWithTrigger(110524)     Description:[GetOneFrameTimeout]StreamChannel[0], Get image failed! Msec[1000], Ret[0x80000007]
Warning 2026-06-02 03:22:54:302  DevID:MV-CS050-10GC(DB0498485)  Source-Line:libMvCameraControl.so(StreamGrab.cpp-L1254)  ProcessName:grabImgWithTrigger(110524)     Description:[GetOneFrameTimeout]StreamChannel[0], Get image failed! Msec[1000], Ret[0x80000007]
Warning 2026-06-02 03:22:55:302  DevID:MV-CS050-10GC(DB0498485)  Source-Line:libMvCameraControl.so(StreamGrab.cpp-L1254)  ProcessName:grabImgWithTrigger(110524)     Description:[GetOneFrameTimeout]StreamChannel[0], Get image failed! Msec[1000], Ret[0x80000007]
Warning 2026-06-02 03:22:56:303  DevID:MV-CS050-10GC(DB0498485)  Source-Line:libMvCameraControl.so(StreamGrab.cpp-L1254)  ProcessName:grabImgWithTrigger(110524)     Description:[GetOneFrameTimeout]StreamChannel[0], Get image failed! Msec[1000], Ret[0x80000007]
Warning 2026-06-02 03:22:57:303  DevID:MV-CS050-10GC(DB0498485)  Source-Line:libMvCameraControl.so(StreamGrab.cpp-L1254)  ProcessName:grabImgWithTrigger(110524)     Description:[GetOneFrameTimeout]StreamChannel[0], Get image failed! Msec[1000], Ret[0x80000007]
Warning 2026-06-02 03:22:58:303  DevID:MV-CS050-10GC(DB0498485)  Source-Line:libMvCameraControl.so(StreamGrab.cpp-L1254)  ProcessName:grabImgWithTrigger(110524)     Description:[GetOneFrameTimeout]StreamChannel[0], Get image failed! Msec[1000], Ret[0x80000007]
Warning 2026-06-02 03:22:59:303  DevID:MV-CS050-10GC(DB0498485)  Source-Line:libMvCameraControl.so(StreamGrab.cpp-L1254)  ProcessName:grabImgWithTrigger(110524)     Description:[GetOneFrameTimeout]StreamChannel[0], Get image failed! Msec[1000], Ret[0x80000007]
Warning 2026-06-02 03:23:00:303  DevID:MV-CS050-10GC(DB0498485)  Source-Line:libMvCameraControl.so(StreamGrab.cpp-L1254)  ProcessName:grabImgWithTrigger(110524)     Description:[GetOneFrameTimeout]StreamChannel[0], Get image failed! Msec[1000], Ret[0x80000007]
Warning 2026-06-02 03:23:01:303  DevID:MV-CS050-10GC(DB0498485)  Source-Line:libMvCameraControl.so(StreamGrab.cpp-L1254)  ProcessName:grabImgWithTrigger(110524)     Description:[GetOneFrameTimeout]StreamChannel[0], Get image failed! Msec[1000], Ret[0x80000007]
Warning 2026-06-02 03:23:02:303  DevID:MV-CS050-10GC(DB0498485)  Source-Line:libMvCameraControl.so(StreamGrab.cpp-L1254)  ProcessName:grabImgWithTrigger(110524)     Description:[GetOneFrameTimeout]StreamChannel[0], Get image failed! Msec[1000], Ret[0x80000007]
Warning 2026-06-02 03:23:03:303  DevID:MV-CS050-10GC(DB0498485)  Source-Line:libMvCameraControl.so(StreamGrab.cpp-L1254)  ProcessName:grabImgWithTrigger(110524)     Description:[GetOneFrameTimeout]StreamChannel[0], Get image failed! Msec[1000], Ret[0x80000007]
Warning 2026-06-02 03:23:04:304  DevID:MV-CS050-10GC(DB0498485)  Source-Line:libMvCameraControl.so(StreamGrab.cpp-L1254)  ProcessName:grabImgWithTrigger(110524)     Description:[GetOneFrameTimeout]StreamChannel[0], Get image failed! Msec[1000], Ret[0x80000007]
Warning 2026-06-02 03:23:05:304  DevID:MV-CS050-10GC(DB0498485)  Source-Line:libMvCameraControl.so(StreamGrab.cpp-L1254)  ProcessName:grabImgWithTrigger(110524)     Description:[GetOneFrameTimeout]StreamChannel[0], Get image failed! Msec[1000], Ret[0x80000007]
Warning 2026-06-02 03:23:06:304  DevID:MV-CS050-10GC(DB0498485)  Source-Line:libMvCameraControl.so(StreamGrab.cpp-L1254)  ProcessName:grabImgWithTrigger(110524)     Description:[GetOneFrameTimeout]StreamChannel[0], Get image failed! Msec[1000], Ret[0x80000007]
Warning 2026-06-02 03:23:07:304  DevID:MV-CS050-10GC(DB0498485)  Source-Line:libMvCameraControl.so(StreamGrab.cpp-L1254)  ProcessName:grabImgWithTrigger(110524)     Description:[GetOneFrameTimeout]StreamChannel[0], Get image failed! Msec[1000], Ret[0x80000007]
Warning 2026-06-02 03:23:08:304  DevID:MV-CS050-10GC(DB0498485)  Source-Line:libMvCameraControl.so(StreamGrab.cpp-L1254)  ProcessName:grabImgWithTrigger(110524)     Description:[GetOneFrameTimeout]StreamChannel[0], Get image failed! Msec[1000], Ret[0x80000007]
Warning 2026-06-02 03:23:09:304  DevID:MV-CS050-10GC(DB0498485)  Source-Line:libMvCameraControl.so(StreamGrab.cpp-L1254)  ProcessName:grabImgWithTrigger(110524)     Description:[GetOneFrameTimeout]StreamChannel[0], Get image failed! Msec[1000], Ret[0x80000007]
Warning 2026-06-02 03:23:10:304  DevID:MV-CS050-10GC(DB0498485)  Source-Line:libMvCameraControl.so(StreamGrab.cpp-L1254)  ProcessName:grabImgWithTrigger(110524)     Description:[GetOneFrameTimeout]StreamChannel[0], Get image failed! Msec[1000], Ret[0x80000007]
Warning 2026-06-02 03:23:11:304  DevID:MV-CS050-10GC(DB0498485)  Source-Line:libMvCameraControl.so(StreamGrab.cpp-L1254)  ProcessName:grabImgWithTrigger(110524)     Description:[GetOneFrameTimeout]StreamChannel[0], Get image failed! Msec[1000], Ret[0x80000007]
Warning 2026-06-02 03:23:12:305  DevID:MV-CS050-10GC(DB0498485)  Source-Line:libMvCameraControl.so(StreamGrab.cpp-L1254)  ProcessName:grabImgWithTrigger(110524)     Description:[GetOneFrameTimeout]StreamChannel[0], Get image failed! Msec[1000], Ret[0x80000007]
Warning 2026-06-02 03:23:13:305  DevID:MV-CS050-10GC(DB0498485)  Source-Line:libMvCameraControl.so(StreamGrab.cpp-L1254)  ProcessName:grabImgWithTrigger(110524)     Description:[GetOneFrameTimeout]StreamChannel[0], Get image failed! Msec[1000], Ret[0x80000007]
Warning 2026-06-02 03:23:14:305  DevID:MV-CS050-10GC(DB0498485)  Source-Line:libMvCameraControl.so(StreamGrab.cpp-L1254)  ProcessName:grabImgWithTrigger(110524)     Description:[GetOneFrameTimeout]StreamChannel[0], Get image failed! Msec[1000], Ret[0x80000007]
Warning 2026-06-02 03:23:15:305  DevID:MV-CS050-10GC(DB0498485)  Source-Line:libMvCameraControl.so(StreamGrab.cpp-L1254)  ProcessName:grabImgWithTrigger(110524)     Description:[GetOneFrameTimeout]StreamChannel[0], Get image failed! Msec[1000], Ret[0x80000007]
Warning 2026-06-02 03:23:16:305  DevID:MV-CS050-10GC(DB0498485)  Source-Line:libMvCameraControl.so(StreamGrab.cpp-L1254)  ProcessName:grabImgWithTrigger(110524)     Description:[GetOneFrameTimeout]StreamChannel[0], Get image failed! Msec[1000], Ret[0x80000007]
Warning 2026-06-02 03:23:17:305  DevID:MV-CS050-10GC(DB0498485)  Source-Line:libMvCameraControl.so(StreamGrab.cpp-L1254)  ProcessName:grabImgWithTrigger(110524)     Description:[GetOneFrameTimeout]StreamChannel[0], Get image failed! Msec[1000], Ret[0x80000007]
Warning 2026-06-02 03:23:18:305  DevID:MV-CS050-10GC(DB0498485)  Source-Line:libMvCameraControl.so(StreamGrab.cpp-L1254)  ProcessName:grabImgWithTrigger(110524)     Description:[GetOneFrameTimeout]StreamChannel[0], Get image failed! Msec[1000], Ret[0x80000007]
Warning 2026-06-02 03:23:19:306  DevID:MV-CS050-10GC(DB0498485)  Source-Line:libMvCameraControl.so(StreamGrab.cpp-L1254)  ProcessName:grabImgWithTrigger(110524)     Description:[GetOneFrameTimeout]StreamChannel[0], Get image failed! Msec[1000], Ret[0x80000007]
Warning 2026-06-02 03:23:20:306  DevID:MV-CS050-10GC(DB0498485)  Source-Line:libMvCameraControl.so(StreamGrab.cpp-L1254)  ProcessName:grabImgWithTrigger(110524)     Description:[GetOneFrameTimeout]StreamChannel[0], Get image failed! Msec[1000], Ret[0x80000007]
Warning 2026-06-02 03:23:21:306  DevID:MV-CS050-10GC(DB0498485)  Source-Line:libMvCameraControl.so(StreamGrab.cpp-L1254)  ProcessName:grabImgWithTrigger(110524)     Description:[GetOneFrameTimeout]StreamChannel[0], Get image failed! Msec[1000], Ret[0x80000007]
Warning 2026-06-02 03:23:22:306  DevID:MV-CS050-10GC(DB0498485)  Source-Line:libMvCameraControl.so(StreamGrab.cpp-L1254)  ProcessName:grabImgWithTrigger(110524)     Description:[GetOneFrameTimeout]StreamChannel[0], Get image failed! Msec[1000], Ret[0x80000007]
Warning 2026-06-02 03:23:23:306  DevID:MV-CS050-10GC(DB0498485)  Source-Line:libMvCameraControl.so(StreamGrab.cpp-L1254)  ProcessName:grabImgWithTrigger(110524)     Description:[GetOneFrameTimeout]StreamChannel[0], Get image failed! Msec[1000], Ret[0x80000007]
Warning 2026-06-02 03:23:24:306  DevID:MV-CS050-10GC(DB0498485)  Source-Line:libMvCameraControl.so(StreamGrab.cpp-L1254)  ProcessName:grabImgWithTrigger(110524)     Description:[GetOneFrameTimeout]StreamChannel[0], Get image failed! Msec[1000], Ret[0x80000007]
Warning 2026-06-02 03:23:25:306  DevID:MV-CS050-10GC(DB0498485)  Source-Line:libMvCameraControl.so(StreamGrab.cpp-L1254)  ProcessName:grabImgWithTrigger(110524)     Description:[GetOneFrameTimeout]StreamChannel[0], Get image failed! Msec[1000], Ret[0x80000007]
Warning 2026-06-02 03:23:26:306  DevID:MV-CS050-10GC(DB0498485)  Source-Line:libMvCameraControl.so(StreamGrab.cpp-L1254)  ProcessName:grabImgWithTrigger(110524)     Description:[GetOneFrameTimeout]StreamChannel[0], Get image failed! Msec[1000], Ret[0x80000007]
Warning 2026-06-02 03:23:27:306  DevID:MV-CS050-10GC(DB0498485)  Source-Line:libMvCameraControl.so(StreamGrab.cpp-L1254)  ProcessName:grabImgWithTrigger(110524)     Description:[GetOneFrameTimeout]StreamChannel[0], Get image failed! Msec[1000], Ret[0x80000007]
Warning 2026-06-02 03:23:28:307  DevID:MV-CS050-10GC(DB0498485)  Source-Line:libMvCameraControl.so(StreamGrab.cpp-L1254)  ProcessName:grabImgWithTrigger(110524)     Description:[GetOneFrameTimeout]StreamChannel[0], Get image failed! Msec[1000], Ret[0x80000007]
Warning 2026-06-02 03:23:29:307  DevID:MV-CS050-10GC(DB0498485)  Source-Line:libMvCameraControl.so(StreamGrab.cpp-L1254)  ProcessName:grabImgWithTrigger(110524)     Description:[GetOneFrameTimeout]StreamChannel[0], Get image failed! Msec[1000], Ret[0x80000007]
Warning 2026-06-02 03:23:30:307  DevID:MV-CS050-10GC(DB0498485)  Source-Line:libMvCameraControl.so(StreamGrab.cpp-L1254)  ProcessName:grabImgWithTrigger(110524)     Description:[GetOneFrameTimeout]StreamChannel[0], Get image failed! Msec[1000], Ret[0x80000007]
Info    2026-06-02 03:23:30:307  DevID:MV-CS050-10GC(DB0498485)  Source-Line:libMvCameraControl.so(LiquidLensController.cpp-L2109)  ProcessName:grabImgWithTrigger(110524)     Description:[SetFastQuit][CLiquidLensController]SetFastQuit: Fast quit enabled
Info    2026-06-02 03:23:30:319  DevID:MV-CS050-10GC(DB0498485)  Source-Line:libMvCameraControl.so(StreamGrab.cpp-L0937)  ProcessName:grabImgWithTrigger(110524)     Description:[StopGrabbing]Stop grabbing success! DeviceUptime[10517]
Info    2026-06-02 03:23:30:319  DevID:MV-CS050-10GC(DB0498485)  Source-Line:libMvCameraControl.so(GigEDevice.cpp-L0760)  ProcessName:grabImgWithTrigger(110524)     Description:[CloseGigEDevice] Close device begin!
Error   2026-06-02 03:23:30:319  DevID:MV-CS050-10GC(DB0498485)  Source-Line:libMvCameraControl.so(StreamGrab.cpp-L0885)  ProcessName:grabImgWithTrigger(110524)     Description:[StopGrabbing]StreamChannel[0], bGrabbing[0], pDevStream[0xaaab02352d30]
Info    2026-06-02 03:23:30:319  DevID:MV-CS050-10GC(DB0498485)  Source-Line:libMvCameraControl.so(StreamGrab.cpp-L0273)  ProcessName:grabImgWithTrigger(110524)     Description:[Close]Stream channel[0] closed
Info    2026-06-02 03:23:30:320  DevID:MV-CS050-10GC(DB0498485)  Source-Line:libMvCameraControl.so(GigEDevice.cpp-L0777)  ProcessName:grabImgWithTrigger(110524)     Description:[CloseGigEDevice]DeviceUptime[10517]
Info    2026-06-02 03:23:30:325  DevID:MV-CS050-10GC(DB0498485)  Source-Line:libMvCameraControl.so(GigEDevice.cpp-L0803)  ProcessName:grabImgWithTrigger(110524)     Description:[CloseGigEDevice]Close device success!
Info    2026-06-02 03:23:30:326  DevID:MV-CS050-10GC(DB0498485)  Source-Line:libMvCameraControl.so(GigEDeviceEvent.cpp-L0046)  ProcessName:grabImgWithTrigger(110524)     Description:[Deinit]GigEDeviceEvent Deinit  RecvAllEvent  [0],
Error   2026-06-02 03:23:36:811  DevID:  Source-Line:libMvCameraControl.so(GenTLLoadLibraryEx.cpp-L0222)  ProcessName:grabImgWithTrigger(111362)     Description:[LoadCtiLibInter]Load CTI failed! CTI path[/opt/MVS/lib/aarch64/libMvProducerVIR.so], nRet[0x8000000c]
Info    2026-06-02 03:23:36:811  DevID:  Source-Line:libMvCameraControl.so(GigELoadLibrary.cpp-L1611)  ProcessName:grabImgWithTrigger(111362)     Description:[LoadGigEAllFunctions]Load MVGigEVisionSDK success
Error   2026-06-02 03:23:36:811  DevID:  Source-Line:libMvCameraControl.so(GenTLLoadLibraryEx.cpp-L0222)  ProcessName:grabImgWithTrigger(111362)     Description:[LoadCtiLibInter]Load CTI failed! CTI path[/opt/MVS/lib/aarch64/libMvProducerVIR.so], nRet[0x8000000c]
Info    2026-06-02 03:23:36:913  DevID:MV-CS050-10GC(DB0498485)  Source-Line:libMvCameraControl.so(GigEDevice.cpp-L0375)  ProcessName:grabImgWithTrigger(111362)     Description:[Init]GEV INFO DeviceIP[192.168.127.3], NetIP[192.168.127.110], ManufacturerInfo[Hikrobot], DeviceVersion[V4.0.43 250414 1530132], UserID[]
Info    2026-06-02 03:23:36:913  DevID:MV-CS050-10GC(DB0498485)  Source-Line:libMvCameraControl.so(MediaProcess.cpp-L0880)  ProcessName:grabImgWithTrigger(111362)     Description:[SetBayerCvtQuality]Set Bayer CvtQuality success! BayerCvtQuality[1]
Info    2026-06-02 03:23:36:913  DevID:MV-CS050-10GC(DB0498485)  Source-Line:libMvCameraControl.so(MediaProcess.cpp-L1876)  ProcessName:grabImgWithTrigger(111362)     Description:[SetBayerThreadNum]Set Bayer Thread Num success! BayerThreadNum[4]
Info    2026-06-02 03:23:36:913  DevID:MV-CS050-10GC(DB0498485)  Source-Line:libMvCameraControl.so(MediaProcess.cpp-L0880)  ProcessName:grabImgWithTrigger(111362)     Description:[SetBayerCvtQuality]Set Bayer CvtQuality success! BayerCvtQuality[1]
Info    2026-06-02 03:23:36:913  DevID:MV-CS050-10GC(DB0498485)  Source-Line:libMvCameraControl.so(MediaProcess.cpp-L1876)  ProcessName:grabImgWithTrigger(111362)     Description:[SetBayerThreadNum]Set Bayer Thread Num success! BayerThreadNum[4]
Info    2026-06-02 03:23:36:959  DevID:  Source-Line:libMvCameraControl.so(CacheXmlToFile.cpp-L0576)  ProcessName:grabImgWithTrigger(111362)     Description:[ReadCacheFile]ReadLocalFile XMLPath[SchemaVersion.1.0@Hikrobot#GEV#MV-CS050-10GC#V4.0.43 250414 1530132@XMLVersion.1.0.0.zip]
Info    2026-06-02 03:23:36:959  DevID:MV-CS050-10GC(DB0498485)  Source-Line:libMvCameraControl.so(GigEDevice.cpp-L0576)  ProcessName:grabImgWithTrigger(111362)     Description:[GetXmlInfo]Get GenICamXML From local File, len [0x197c9] Type[1]
Info    2026-06-02 03:23:37:169  DevID:MV-CS050-10GC(DB0498485)  Source-Line:libMvCameraControl.so(GigEDevice.cpp-L0922)  ProcessName:grabImgWithTrigger(111362)     Description:[OpenDevice]Load XML success
Info    2026-06-02 03:23:37:172  DevID:MV-CS050-10GC(DB0498485)  Source-Line:libMvCameraControl.so(GenICamImpl.cpp-L0802)  ProcessName:grabImgWithTrigger(111362)     Description:[InvalidateNodes]Invalidate Nodes success
Info    2026-06-02 03:23:37:172  DevID:MV-CS050-10GC(DB0498485)  Source-Line:libMvCameraControl.so(GigEDevice.cpp-L0935)  ProcessName:grabImgWithTrigger(111362)     Description:[OpenDevice]Invalidate Nodes success
Info    2026-06-02 03:23:37:175  DevID:MV-CS050-10GC(DB0498485)  Source-Line:libMvCameraControl.so(StreamGrab.cpp-L0237)  ProcessName:grabImgWithTrigger(111362)     Description:[Open]Stream channel[0] opened
Info    2026-06-02 03:23:37:177  DevID:MV-CS050-10GC(DB0498485)  Source-Line:libMvCameraControl.so(GigEDevice.cpp-L0967)  ProcessName:grabImgWithTrigger(111362)     Description:[OpenDevice]Open device success! PrivilegeMode[1], SwitchoverKey[0], DeviceUptime[10524],DeviceFirmwareVersion[V4.0.43 2504141530132 23120701]
Info    2026-06-02 03:23:37:177  DevID:MV-CS050-10GC(DB0498485)  Source-Line:libMvCameraControl.so(MediaProcess.cpp-L0880)  ProcessName:grabImgWithTrigger(111362)     Description:[SetBayerCvtQuality]Set Bayer CvtQuality success! BayerCvtQuality[1]
Info    2026-06-02 03:23:37:177  DevID:MV-CS050-10GC(DB0498485)  Source-Line:libMvCameraControl.so(MediaProcess.cpp-L1876)  ProcessName:grabImgWithTrigger(111362)     Description:[SetBayerThreadNum]Set Bayer Thread Num success! BayerThreadNum[4]
Info    2026-06-02 03:23:37:177  DevID:MV-CS050-10GC(DB0498485)  Source-Line:libMvCameraControl.so(GigEDevice.cpp-L0986)  ProcessName:grabImgWithTrigger(111362)     Description:[OpenDevice]OpenDevice, cost time 264.000000ms 
Info    2026-06-02 03:23:37:177  DevID:  Source-Line:libMvCameraControl.so(GenICamImpl.cpp-L2412)  ProcessName:grabImgWithTrigger(111362)     Description:[RecordThread]RecordThread Start, ThreadId[2164117600]
Info    2026-06-02 03:23:37:190  DevID:MV-CS050-10GC(DB0498485)  Source-Line:libMvCameraControl.so(GenICamImpl.cpp-L2443)  ProcessName:grabImgWithTrigger(111362)     Description:[RecordThreadProc][Record] Get BlackLevel value [240]
Info    2026-06-02 03:23:37:207  DevID:MV-CS050-10GC(DB0498485)  Source-Line:libMvCameraControl.so(GenICamImpl.cpp-L2465)  ProcessName:grabImgWithTrigger(111362)     Description:[RecordThreadProc][Record] Get BalanceWhiteAuto Value [1] (0:off 1:contineu; 2:once):
Info    2026-06-02 03:23:37:213  DevID:MV-CS050-10GC(DB0498485)  Source-Line:libMvCameraControl.so(GenICamImpl.cpp-L2531)  ProcessName:grabImgWithTrigger(111362)     Description:[RecordThreadProc][Record] Get ExposureAuto value [0]
Info    2026-06-02 03:23:37:219  DevID:MV-CS050-10GC(DB0498485)  Source-Line:libMvCameraControl.so(GenICamImpl.cpp-L2553)  ProcessName:grabImgWithTrigger(111362)     Description:[RecordThreadProc][Record] Get ExposureTime value [5000.000000] 
Info    2026-06-02 03:23:37:227  DevID:MV-CS050-10GC(DB0498485)  Source-Line:libMvCameraControl.so(GenICamImpl.cpp-L2574)  ProcessName:grabImgWithTrigger(111362)     Description:[RecordThreadProc][Record] Get GainAuto value [2] (0:off 1:contineu; 2:once):
Info    2026-06-02 03:23:37:242  DevID:MV-CS050-10GC(DB0498485)  Source-Line:libMvCameraControl.so(GenICamImpl.cpp-L2595)  ProcessName:grabImgWithTrigger(111362)     Description:[RecordThreadProc][Record] Get Gain value [5.923500] 
Error   2026-06-02 03:23:37:280  DevID:MV-CS050-10GC(DB0498485)  Source-Line:libMvCameraControl.so(GenICamImpl.cpp-L1181)  ProcessName:grabImgWithTrigger(111362)     Description:[XML_GetNodeAccessMode]PropertyName[SeqExpEnable], Ret[0x80000109]
Error   2026-06-02 03:23:37:280  DevID:MV-CS050-10GC(DB0498485)  Source-Line:libMvCameraControl.so(GenICamImpl.cpp-L1181)  ProcessName:grabImgWithTrigger(111362)     Description:[XML_GetNodeAccessMode]PropertyName[MultiLightControl], Ret[0x80000109]
Info    2026-06-02 03:23:37:284  DevID:MV-CS050-10GC(DB0498485)  Source-Line:libMvCameraControl.so(LiquidLensController.cpp-L2113)  ProcessName:grabImgWithTrigger(111362)     Description:[SetFastQuit][CLiquidLensController]SetFastQuit: Fast quit disabled
Info    2026-06-02 03:23:37:284  DevID:MV-CS050-10GC(DB0498485)  Source-Line:libMvCameraControl.so(GigEStream.cpp-L0070)  ProcessName:grabImgWithTrigger(111362)     Description:[StartAcquisition][GEV]Width[2448], Height[2048], PixelFormat[0x2180014], PayloadSize[15040512], ChunkCount[100], CompressMode[0], DeviceUptime[10524]
Info    2026-06-02 03:23:37:291  DevID:MV-CS050-10GC(DB0498485)  Source-Line:libMvCameraControl.so(GenICamImpl.cpp-L2616)  ProcessName:grabImgWithTrigger(111362)     Description:[RecordThreadProc][Record] Get PixelFormat value [35127316] :
Info    2026-06-02 03:23:37:293  DevID:MV-CS050-10GC(DB0498485)  Source-Line:libMvCameraControl.so(StreamGrab.cpp-L0872)  ProcessName:grabImgWithTrigger(111362)     Description:[StartGrabbing]StreamChannel[0], Start grabbing success, There is no registration callback.
Info    2026-06-02 03:23:37:294  DevID:MV-CS050-10GC(DB0498485)  Source-Line:libMvCameraControl.so(GenICamImpl.cpp-L2637)  ProcessName:grabImgWithTrigger(111362)     Description:[RecordThreadProc][Record] Get GammaEnable value [1] 
Info    2026-06-02 03:23:37:295  DevID:MV-CS050-10GC(DB0498485)  Source-Line:libMvCameraControl.so(GenICamImpl.cpp-L2658)  ProcessName:grabImgWithTrigger(111362)     Description:[RecordThreadProc][Record] Get Gamma value [0.700000] 
Info    2026-06-02 03:23:37:296  DevID:MV-CS050-10GC(DB0498485)  Source-Line:libMvCameraControl.so(GenICamImpl.cpp-L2679)  ProcessName:grabImgWithTrigger(111362)     Description:[RecordThreadProc][Record] Get UserSetCurrent value [0]
Info    2026-06-02 03:23:37:298  DevID:MV-CS050-10GC(DB0498485)  Source-Line:libMvCameraControl.so(GenICamImpl.cpp-L2700)  ProcessName:grabImgWithTrigger(111362)     Description:[RecordThreadProc][Record] Get UserSetSelector value [0] 
Info    2026-06-02 03:23:37:299  DevID:MV-CS050-10GC(DB0498485)  Source-Line:libMvCameraControl.so(GenICamImpl.cpp-L2721)  ProcessName:grabImgWithTrigger(111362)     Description:[RecordThreadProc][Record] Get UserSetDefault value[0]
Info    2026-06-02 03:23:37:299  DevID:  Source-Line:libMvCameraControl.so(GenICamImpl.cpp-L2417)  ProcessName:grabImgWithTrigger(111362)     Description:[RecordThread]RecordThread End, ThreadId[2164117600]
Warning 2026-06-02 03:23:38:303  DevID:MV-CS050-10GC(DB0498485)  Source-Line:libMvCameraControl.so(StreamGrab.cpp-L1254)  ProcessName:grabImgWithTrigger(111362)     Description:[GetOneFrameTimeout]StreamChannel[0], Get image failed! Msec[1000], Ret[0x80000007]
Warning 2026-06-02 03:23:39:303  DevID:MV-CS050-10GC(DB0498485)  Source-Line:libMvCameraControl.so(StreamGrab.cpp-L1254)  ProcessName:grabImgWithTrigger(111362)     Description:[GetOneFrameTimeout]StreamChannel[0], Get image failed! Msec[1000], Ret[0x80000007]
Warning 2026-06-02 03:23:40:303  DevID:MV-CS050-10GC(DB0498485)  Source-Line:libMvCameraControl.so(StreamGrab.cpp-L1254)  ProcessName:grabImgWithTrigger(111362)     Description:[GetOneFrameTimeout]StreamChannel[0], Get image failed! Msec[1000], Ret[0x80000007]
Warning 2026-06-02 03:23:41:303  DevID:MV-CS050-10GC(DB0498485)  Source-Line:libMvCameraControl.so(StreamGrab.cpp-L1254)  ProcessName:grabImgWithTrigger(111362)     Description:[GetOneFrameTimeout]StreamChannel[0], Get image failed! Msec[1000], Ret[0x80000007]
Warning 2026-06-02 03:23:42:303  DevID:MV-CS050-10GC(DB0498485)  Source-Line:libMvCameraControl.so(StreamGrab.cpp-L1254)  ProcessName:grabImgWithTrigger(111362)     Description:[GetOneFrameTimeout]StreamChannel[0], Get image failed! Msec[1000], Ret[0x80000007]
Warning 2026-06-02 03:23:43:304  DevID:MV-CS050-10GC(DB0498485)  Source-Line:libMvCameraControl.so(StreamGrab.cpp-L1254)  ProcessName:grabImgWithTrigger(111362)     Description:[GetOneFrameTimeout]StreamChannel[0], Get image failed! Msec[1000], Ret[0x80000007]
Warning 2026-06-02 03:23:44:304  DevID:MV-CS050-10GC(DB0498485)  Source-Line:libMvCameraControl.so(StreamGrab.cpp-L1254)  ProcessName:grabImgWithTrigger(111362)     Description:[GetOneFrameTimeout]StreamChannel[0], Get image failed! Msec[1000], Ret[0x80000007]
Warning 2026-06-02 03:23:45:304  DevID:MV-CS050-10GC(DB0498485)  Source-Line:libMvCameraControl.so(StreamGrab.cpp-L1254)  ProcessName:grabImgWithTrigger(111362)     Description:[GetOneFrameTimeout]StreamChannel[0], Get image failed! Msec[1000], Ret[0x80000007]
Warning 2026-06-02 03:23:46:304  DevID:MV-CS050-10GC(DB0498485)  Source-Line:libMvCameraControl.so(StreamGrab.cpp-L1254)  ProcessName:grabImgWithTrigger(111362)     Description:[GetOneFrameTimeout]StreamChannel[0], Get image failed! Msec[1000], Ret[0x80000007]
Warning 2026-06-02 03:23:47:304  DevID:MV-CS050-10GC(DB0498485)  Source-Line:libMvCameraControl.so(StreamGrab.cpp-L1254)  ProcessName:grabImgWithTrigger(111362)     Description:[GetOneFrameTimeout]StreamChannel[0], Get image failed! Msec[1000], Ret[0x80000007]
Warning 2026-06-02 03:23:48:304  DevID:MV-CS050-10GC(DB0498485)  Source-Line:libMvCameraControl.so(StreamGrab.cpp-L1254)  ProcessName:grabImgWithTrigger(111362)     Description:[GetOneFrameTimeout]StreamChannel[0], Get image failed! Msec[1000], Ret[0x80000007]
Warning 2026-06-02 03:23:49:304  DevID:MV-CS050-10GC(DB0498485)  Source-Line:libMvCameraControl.so(StreamGrab.cpp-L1254)  ProcessName:grabImgWithTrigger(111362)     Description:[GetOneFrameTimeout]StreamChannel[0], Get image failed! Msec[1000], Ret[0x80000007]
Warning 2026-06-02 03:23:50:305  DevID:MV-CS050-10GC(DB0498485)  Source-Line:libMvCameraControl.so(StreamGrab.cpp-L1254)  ProcessName:grabImgWithTrigger(111362)     Description:[GetOneFrameTimeout]StreamChannel[0], Get image failed! Msec[1000], Ret[0x80000007]
Warning 2026-06-02 03:23:51:305  DevID:MV-CS050-10GC(DB0498485)  Source-Line:libMvCameraControl.so(StreamGrab.cpp-L1254)  ProcessName:grabImgWithTrigger(111362)     Description:[GetOneFrameTimeout]StreamChannel[0], Get image failed! Msec[1000], Ret[0x80000007]
Warning 2026-06-02 03:23:52:305  DevID:MV-CS050-10GC(DB0498485)  Source-Line:libMvCameraControl.so(StreamGrab.cpp-L1254)  ProcessName:grabImgWithTrigger(111362)     Description:[GetOneFrameTimeout]StreamChannel[0], Get image failed! Msec[1000], Ret[0x80000007]
Warning 2026-06-02 03:23:53:305  DevID:MV-CS050-10GC(DB0498485)  Source-Line:libMvCameraControl.so(StreamGrab.cpp-L1254)  ProcessName:grabImgWithTrigger(111362)     Description:[GetOneFrameTimeout]StreamChannel[0], Get image failed! Msec[1000], Ret[0x80000007]
Warning 2026-06-02 03:23:54:305  DevID:MV-CS050-10GC(DB0498485)  Source-Line:libMvCameraControl.so(StreamGrab.cpp-L1254)  ProcessName:grabImgWithTrigger(111362)     Description:[GetOneFrameTimeout]StreamChannel[0], Get image failed! Msec[1000], Ret[0x80000007]
Warning 2026-06-02 03:23:55:305  DevID:MV-CS050-10GC(DB0498485)  Source-Line:libMvCameraControl.so(StreamGrab.cpp-L1254)  ProcessName:grabImgWithTrigger(111362)     Description:[GetOneFrameTimeout]StreamChannel[0], Get image failed! Msec[1000], Ret[0x80000007]
Warning 2026-06-02 03:23:56:305  DevID:MV-CS050-10GC(DB0498485)  Source-Line:libMvCameraControl.so(StreamGrab.cpp-L1254)  ProcessName:grabImgWithTrigger(111362)     Description:[GetOneFrameTimeout]StreamChannel[0], Get image failed! Msec[1000], Ret[0x80000007]
Warning 2026-06-02 03:23:57:306  DevID:MV-CS050-10GC(DB0498485)  Source-Line:libMvCameraControl.so(StreamGrab.cpp-L1254)  ProcessName:grabImgWithTrigger(111362)     Description:[GetOneFrameTimeout]StreamChannel[0], Get image failed! Msec[1000], Ret[0x80000007]
Warning 2026-06-02 03:23:58:306  DevID:MV-CS050-10GC(DB0498485)  Source-Line:libMvCameraControl.so(StreamGrab.cpp-L1254)  ProcessName:grabImgWithTrigger(111362)     Description:[GetOneFrameTimeout]StreamChannel[0], Get image failed! Msec[1000], Ret[0x80000007]
Warning 2026-06-02 03:23:59:306  DevID:MV-CS050-10GC(DB0498485)  Source-Line:libMvCameraControl.so(StreamGrab.cpp-L1254)  ProcessName:grabImgWithTrigger(111362)     Description:[GetOneFrameTimeout]StreamChannel[0], Get image failed! Msec[1000], Ret[0x80000007]
Warning 2026-06-02 03:24:00:306  DevID:MV-CS050-10GC(DB0498485)  Source-Line:libMvCameraControl.so(StreamGrab.cpp-L1254)  ProcessName:grabImgWithTrigger(111362)     Description:[GetOneFrameTimeout]StreamChannel[0], Get image failed! Msec[1000], Ret[0x80000007]
Warning 2026-06-02 03:24:01:306  DevID:MV-CS050-10GC(DB0498485)  Source-Line:libMvCameraControl.so(StreamGrab.cpp-L1254)  ProcessName:grabImgWithTrigger(111362)     Description:[GetOneFrameTimeout]StreamChannel[0], Get image failed! Msec[1000], Ret[0x80000007]
Warning 2026-06-02 03:24:02:306  DevID:MV-CS050-10GC(DB0498485)  Source-Line:libMvCameraControl.so(StreamGrab.cpp-L1254)  ProcessName:grabImgWithTrigger(111362)     Description:[GetOneFrameTimeout]StreamChannel[0], Get image failed! Msec[1000], Ret[0x80000007]
Warning 2026-06-02 03:24:03:306  DevID:MV-CS050-10GC(DB0498485)  Source-Line:libMvCameraControl.so(StreamGrab.cpp-L1254)  ProcessName:grabImgWithTrigger(111362)     Description:[GetOneFrameTimeout]StreamChannel[0], Get image failed! Msec[1000], Ret[0x80000007]
Warning 2026-06-02 03:24:04:306  DevID:MV-CS050-10GC(DB0498485)  Source-Line:libMvCameraControl.so(StreamGrab.cpp-L1254)  ProcessName:grabImgWithTrigger(111362)     Description:[GetOneFrameTimeout]StreamChannel[0], Get image failed! Msec[1000], Ret[0x80000007]
Warning 2026-06-02 03:24:05:307  DevID:MV-CS050-10GC(DB0498485)  Source-Line:libMvCameraControl.so(StreamGrab.cpp-L1254)  ProcessName:grabImgWithTrigger(111362)     Description:[GetOneFrameTimeout]StreamChannel[0], Get image failed! Msec[1000], Ret[0x80000007]
Warning 2026-06-02 03:24:06:307  DevID:MV-CS050-10GC(DB0498485)  Source-Line:libMvCameraControl.so(StreamGrab.cpp-L1254)  ProcessName:grabImgWithTrigger(111362)     Description:[GetOneFrameTimeout]StreamChannel[0], Get image failed! Msec[1000], Ret[0x80000007]
Warning 2026-06-02 03:24:07:307  DevID:MV-CS050-10GC(DB0498485)  Source-Line:libMvCameraControl.so(StreamGrab.cpp-L1254)  ProcessName:grabImgWithTrigger(111362)     Description:[GetOneFrameTimeout]StreamChannel[0], Get image failed! Msec[1000], Ret[0x80000007]
Warning 2026-06-02 03:24:08:307  DevID:MV-CS050-10GC(DB0498485)  Source-Line:libMvCameraControl.so(StreamGrab.cpp-L1254)  ProcessName:grabImgWithTrigger(111362)     Description:[GetOneFrameTimeout]StreamChannel[0], Get image failed! Msec[1000], Ret[0x80000007]
Warning 2026-06-02 03:24:09:307  DevID:MV-CS050-10GC(DB0498485)  Source-Line:libMvCameraControl.so(StreamGrab.cpp-L1254)  ProcessName:grabImgWithTrigger(111362)     Description:[GetOneFrameTimeout]StreamChannel[0], Get image failed! Msec[1000], Ret[0x80000007]
Warning 2026-06-02 03:24:10:307  DevID:MV-CS050-10GC(DB0498485)  Source-Line:libMvCameraControl.so(StreamGrab.cpp-L1254)  ProcessName:grabImgWithTrigger(111362)     Description:[GetOneFrameTimeout]StreamChannel[0], Get image failed! Msec[1000], Ret[0x80000007]
Warning 2026-06-02 03:24:11:307  DevID:MV-CS050-10GC(DB0498485)  Source-Line:libMvCameraControl.so(StreamGrab.cpp-L1254)  ProcessName:grabImgWithTrigger(111362)     Description:[GetOneFrameTimeout]StreamChannel[0], Get image failed! Msec[1000], Ret[0x80000007]
Warning 2026-06-02 03:24:12:307  DevID:MV-CS050-10GC(DB0498485)  Source-Line:libMvCameraControl.so(StreamGrab.cpp-L1254)  ProcessName:grabImgWithTrigger(111362)     Description:[GetOneFrameTimeout]StreamChannel[0], Get image failed! Msec[1000], Ret[0x80000007]
Warning 2026-06-02 03:24:13:308  DevID:MV-CS050-10GC(DB0498485)  Source-Line:libMvCameraControl.so(StreamGrab.cpp-L1254)  ProcessName:grabImgWithTrigger(111362)     Description:[GetOneFrameTimeout]StreamChannel[0], Get image failed! Msec[1000], Ret[0x80000007]
Warning 2026-06-02 03:24:14:308  DevID:MV-CS050-10GC(DB0498485)  Source-Line:libMvCameraControl.so(StreamGrab.cpp-L1254)  ProcessName:grabImgWithTrigger(111362)     Description:[GetOneFrameTimeout]StreamChannel[0], Get image failed! Msec[1000], Ret[0x80000007]
Warning 2026-06-02 03:24:15:308  DevID:MV-CS050-10GC(DB0498485)  Source-Line:libMvCameraControl.so(StreamGrab.cpp-L1254)  ProcessName:grabImgWithTrigger(111362)     Description:[GetOneFrameTimeout]StreamChannel[0], Get image failed! Msec[1000], Ret[0x80000007]
Warning 2026-06-02 03:24:16:308  DevID:MV-CS050-10GC(DB0498485)  Source-Line:libMvCameraControl.so(StreamGrab.cpp-L1254)  ProcessName:grabImgWithTrigger(111362)     Description:[GetOneFrameTimeout]StreamChannel[0], Get image failed! Msec[1000], Ret[0x80000007]
Warning 2026-06-02 03:24:17:308  DevID:MV-CS050-10GC(DB0498485)  Source-Line:libMvCameraControl.so(StreamGrab.cpp-L1254)  ProcessName:grabImgWithTrigger(111362)     Description:[GetOneFrameTimeout]StreamChannel[0], Get image failed! Msec[1000], Ret[0x80000007]
Warning 2026-06-02 03:24:18:308  DevID:MV-CS050-10GC(DB0498485)  Source-Line:libMvCameraControl.so(StreamGrab.cpp-L1254)  ProcessName:grabImgWithTrigger(111362)     Description:[GetOneFrameTimeout]StreamChannel[0], Get image failed! Msec[1000], Ret[0x80000007]
Warning 2026-06-02 03:24:19:308  DevID:MV-CS050-10GC(DB0498485)  Source-Line:libMvCameraControl.so(StreamGrab.cpp-L1254)  ProcessName:grabImgWithTrigger(111362)     Description:[GetOneFrameTimeout]StreamChannel[0], Get image failed! Msec[1000], Ret[0x80000007]
Warning 2026-06-02 03:24:20:308  DevID:MV-CS050-10GC(DB0498485)  Source-Line:libMvCameraControl.so(StreamGrab.cpp-L1254)  ProcessName:grabImgWithTrigger(111362)     Description:[GetOneFrameTimeout]StreamChannel[0], Get image failed! Msec[1000], Ret[0x80000007]
Warning 2026-06-02 03:24:21:309  DevID:MV-CS050-10GC(DB0498485)  Source-Line:libMvCameraControl.so(StreamGrab.cpp-L1254)  ProcessName:grabImgWithTrigger(111362)     Description:[GetOneFrameTimeout]StreamChannel[0], Get image failed! Msec[1000], Ret[0x80000007]
Warning 2026-06-02 03:24:22:309  DevID:MV-CS050-10GC(DB0498485)  Source-Line:libMvCameraControl.so(StreamGrab.cpp-L1254)  ProcessName:grabImgWithTrigger(111362)     Description:[GetOneFrameTimeout]StreamChannel[0], Get image failed! Msec[1000], Ret[0x80000007]
Warning 2026-06-02 03:24:23:309  DevID:MV-CS050-10GC(DB0498485)  Source-Line:libMvCameraControl.so(StreamGrab.cpp-L1254)  ProcessName:grabImgWithTrigger(111362)     Description:[GetOneFrameTimeout]StreamChannel[0], Get image failed! Msec[1000], Ret[0x80000007]
Warning 2026-06-02 03:24:24:309  DevID:MV-CS050-10GC(DB0498485)  Source-Line:libMvCameraControl.so(StreamGrab.cpp-L1254)  ProcessName:grabImgWithTrigger(111362)     Description:[GetOneFrameTimeout]StreamChannel[0], Get image failed! Msec[1000], Ret[0x80000007]
Warning 2026-06-02 03:24:25:309  DevID:MV-CS050-10GC(DB0498485)  Source-Line:libMvCameraControl.so(StreamGrab.cpp-L1254)  ProcessName:grabImgWithTrigger(111362)     Description:[GetOneFrameTimeout]StreamChannel[0], Get image failed! Msec[1000], Ret[0x80000007]
Warning 2026-06-02 03:24:26:309  DevID:MV-CS050-10GC(DB0498485)  Source-Line:libMvCameraControl.so(StreamGrab.cpp-L1254)  ProcessName:grabImgWithTrigger(111362)     Description:[GetOneFrameTimeout]StreamChannel[0], Get image failed! Msec[1000], Ret[0x80000007]
Warning 2026-06-02 03:24:27:309  DevID:MV-CS050-10GC(DB0498485)  Source-Line:libMvCameraControl.so(StreamGrab.cpp-L1254)  ProcessName:grabImgWithTrigger(111362)     Description:[GetOneFrameTimeout]StreamChannel[0], Get image failed! Msec[1000], Ret[0x80000007]
Warning 2026-06-02 03:24:28:309  DevID:MV-CS050-10GC(DB0498485)  Source-Line:libMvCameraControl.so(StreamGrab.cpp-L1254)  ProcessName:grabImgWithTrigger(111362)     Description:[GetOneFrameTimeout]StreamChannel[0], Get image failed! Msec[1000], Ret[0x80000007]
Warning 2026-06-02 03:24:29:310  DevID:MV-CS050-10GC(DB0498485)  Source-Line:libMvCameraControl.so(StreamGrab.cpp-L1254)  ProcessName:grabImgWithTrigger(111362)     Description:[GetOneFrameTimeout]StreamChannel[0], Get image failed! Msec[1000], Ret[0x80000007]
Warning 2026-06-02 03:24:30:310  DevID:MV-CS050-10GC(DB0498485)  Source-Line:libMvCameraControl.so(StreamGrab.cpp-L1254)  ProcessName:grabImgWithTrigger(111362)     Description:[GetOneFrameTimeout]StreamChannel[0], Get image failed! Msec[1000], Ret[0x80000007]
Warning 2026-06-02 03:24:31:310  DevID:MV-CS050-10GC(DB0498485)  Source-Line:libMvCameraControl.so(StreamGrab.cpp-L1254)  ProcessName:grabImgWithTrigger(111362)     Description:[GetOneFrameTimeout]StreamChannel[0], Get image failed! Msec[1000], Ret[0x80000007]
Warning 2026-06-02 03:24:32:310  DevID:MV-CS050-10GC(DB0498485)  Source-Line:libMvCameraControl.so(StreamGrab.cpp-L1254)  ProcessName:grabImgWithTrigger(111362)     Description:[GetOneFrameTimeout]StreamChannel[0], Get image failed! Msec[1000], Ret[0x80000007]
Warning 2026-06-02 03:24:33:312  DevID:MV-CS050-10GC(DB0498485)  Source-Line:libMvCameraControl.so(StreamGrab.cpp-L1254)  ProcessName:grabImgWithTrigger(111362)     Description:[GetOneFrameTimeout]StreamChannel[0], Get image failed! Msec[1000], Ret[0x80000007]
Warning 2026-06-02 03:24:34:312  DevID:MV-CS050-10GC(DB0498485)  Source-Line:libMvCameraControl.so(StreamGrab.cpp-L1254)  ProcessName:grabImgWithTrigger(111362)     Description:[GetOneFrameTimeout]StreamChannel[0], Get image failed! Msec[1000], Ret[0x80000007]
Warning 2026-06-02 03:24:35:312  DevID:MV-CS050-10GC(DB0498485)  Source-Line:libMvCameraControl.so(StreamGrab.cpp-L1254)  ProcessName:grabImgWithTrigger(111362)     Description:[GetOneFrameTimeout]StreamChannel[0], Get image failed! Msec[1000], Ret[0x80000007]
Warning 2026-06-02 03:24:36:312  DevID:MV-CS050-10GC(DB0498485)  Source-Line:libMvCameraControl.so(StreamGrab.cpp-L1254)  ProcessName:grabImgWithTrigger(111362)     Description:[GetOneFrameTimeout]StreamChannel[0], Get image failed! Msec[1000], Ret[0x80000007]
Warning 2026-06-02 03:24:37:312  DevID:MV-CS050-10GC(DB0498485)  Source-Line:libMvCameraControl.so(StreamGrab.cpp-L1254)  ProcessName:grabImgWithTrigger(111362)     Description:[GetOneFrameTimeout]StreamChannel[0], Get image failed! Msec[1000], Ret[0x80000007]
Warning 2026-06-02 03:24:38:312  DevID:MV-CS050-10GC(DB0498485)  Source-Line:libMvCameraControl.so(StreamGrab.cpp-L1254)  ProcessName:grabImgWithTrigger(111362)     Description:[GetOneFrameTimeout]StreamChannel[0], Get image failed! Msec[1000], Ret[0x80000007]
Warning 2026-06-02 03:24:39:313  DevID:MV-CS050-10GC(DB0498485)  Source-Line:libMvCameraControl.so(StreamGrab.cpp-L1254)  ProcessName:grabImgWithTrigger(111362)     Description:[GetOneFrameTimeout]StreamChannel[0], Get image failed! Msec[1000], Ret[0x80000007]
Warning 2026-06-02 03:24:40:313  DevID:MV-CS050-10GC(DB0498485)  Source-Line:libMvCameraControl.so(StreamGrab.cpp-L1254)  ProcessName:grabImgWithTrigger(111362)     Description:[GetOneFrameTimeout]StreamChannel[0], Get image failed! Msec[1000], Ret[0x80000007]
Warning 2026-06-02 03:24:41:313  DevID:MV-CS050-10GC(DB0498485)  Source-Line:libMvCameraControl.so(StreamGrab.cpp-L1254)  ProcessName:grabImgWithTrigger(111362)     Description:[GetOneFrameTimeout]StreamChannel[0], Get image failed! Msec[1000], Ret[0x80000007]
Warning 2026-06-02 03:24:42:313  DevID:MV-CS050-10GC(DB0498485)  Source-Line:libMvCameraControl.so(StreamGrab.cpp-L1254)  ProcessName:grabImgWithTrigger(111362)     Description:[GetOneFrameTimeout]StreamChannel[0], Get image failed! Msec[1000], Ret[0x80000007]
Warning 2026-06-02 03:24:43:313  DevID:MV-CS050-10GC(DB0498485)  Source-Line:libMvCameraControl.so(StreamGrab.cpp-L1254)  ProcessName:grabImgWithTrigger(111362)     Description:[GetOneFrameTimeout]StreamChannel[0], Get image failed! Msec[1000], Ret[0x80000007]
Warning 2026-06-02 03:24:44:313  DevID:MV-CS050-10GC(DB0498485)  Source-Line:libMvCameraControl.so(StreamGrab.cpp-L1254)  ProcessName:grabImgWithTrigger(111362)     Description:[GetOneFrameTimeout]StreamChannel[0], Get image failed! Msec[1000], Ret[0x80000007]
Warning 2026-06-02 03:24:45:313  DevID:MV-CS050-10GC(DB0498485)  Source-Line:libMvCameraControl.so(StreamGrab.cpp-L1254)  ProcessName:grabImgWithTrigger(111362)     Description:[GetOneFrameTimeout]StreamChannel[0], Get image failed! Msec[1000], Ret[0x80000007]
Warning 2026-06-02 03:24:46:313  DevID:MV-CS050-10GC(DB0498485)  Source-Line:libMvCameraControl.so(StreamGrab.cpp-L1254)  ProcessName:grabImgWithTrigger(111362)     Description:[GetOneFrameTimeout]StreamChannel[0], Get image failed! Msec[1000], Ret[0x80000007]
Warning 2026-06-02 03:24:47:314  DevID:MV-CS050-10GC(DB0498485)  Source-Line:libMvCameraControl.so(StreamGrab.cpp-L1254)  ProcessName:grabImgWithTrigger(111362)     Description:[GetOneFrameTimeout]StreamChannel[0], Get image failed! Msec[1000], Ret[0x80000007]
Warning 2026-06-02 03:24:48:314  DevID:MV-CS050-10GC(DB0498485)  Source-Line:libMvCameraControl.so(StreamGrab.cpp-L1254)  ProcessName:grabImgWithTrigger(111362)     Description:[GetOneFrameTimeout]StreamChannel[0], Get image failed! Msec[1000], Ret[0x80000007]
Warning 2026-06-02 03:24:49:314  DevID:MV-CS050-10GC(DB0498485)  Source-Line:libMvCameraControl.so(StreamGrab.cpp-L1254)  ProcessName:grabImgWithTrigger(111362)     Description:[GetOneFrameTimeout]StreamChannel[0], Get image failed! Msec[1000], Ret[0x80000007]
Warning 2026-06-02 03:24:50:314  DevID:MV-CS050-10GC(DB0498485)  Source-Line:libMvCameraControl.so(StreamGrab.cpp-L1254)  ProcessName:grabImgWithTrigger(111362)     Description:[GetOneFrameTimeout]StreamChannel[0], Get image failed! Msec[1000], Ret[0x80000007]
Warning 2026-06-02 03:24:51:314  DevID:MV-CS050-10GC(DB0498485)  Source-Line:libMvCameraControl.so(StreamGrab.cpp-L1254)  ProcessName:grabImgWithTrigger(111362)     Description:[GetOneFrameTimeout]StreamChannel[0], Get image failed! Msec[1000], Ret[0x80000007]
Warning 2026-06-02 03:24:52:314  DevID:MV-CS050-10GC(DB0498485)  Source-Line:libMvCameraControl.so(StreamGrab.cpp-L1254)  ProcessName:grabImgWithTrigger(111362)     Description:[GetOneFrameTimeout]StreamChannel[0], Get image failed! Msec[1000], Ret[0x80000007]
Warning 2026-06-02 03:24:53:314  DevID:MV-CS050-10GC(DB0498485)  Source-Line:libMvCameraControl.so(StreamGrab.cpp-L1254)  ProcessName:grabImgWithTrigger(111362)     Description:[GetOneFrameTimeout]StreamChannel[0], Get image failed! Msec[1000], Ret[0x80000007]
Warning 2026-06-02 03:24:54:314  DevID:MV-CS050-10GC(DB0498485)  Source-Line:libMvCameraControl.so(StreamGrab.cpp-L1254)  ProcessName:grabImgWithTrigger(111362)     Description:[GetOneFrameTimeout]StreamChannel[0], Get image failed! Msec[1000], Ret[0x80000007]
Warning 2026-06-02 03:24:55:314  DevID:MV-CS050-10GC(DB0498485)  Source-Line:libMvCameraControl.so(StreamGrab.cpp-L1254)  ProcessName:grabImgWithTrigger(111362)     Description:[GetOneFrameTimeout]StreamChannel[0], Get image failed! Msec[1000], Ret[0x80000007]
Warning 2026-06-02 03:24:56:315  DevID:MV-CS050-10GC(DB0498485)  Source-Line:libMvCameraControl.so(StreamGrab.cpp-L1254)  ProcessName:grabImgWithTrigger(111362)     Description:[GetOneFrameTimeout]StreamChannel[0], Get image failed! Msec[1000], Ret[0x80000007]
Warning 2026-06-02 03:24:57:315  DevID:MV-CS050-10GC(DB0498485)  Source-Line:libMvCameraControl.so(StreamGrab.cpp-L1254)  ProcessName:grabImgWithTrigger(111362)     Description:[GetOneFrameTimeout]StreamChannel[0], Get image failed! Msec[1000], Ret[0x80000007]
Warning 2026-06-02 03:24:58:315  DevID:MV-CS050-10GC(DB0498485)  Source-Line:libMvCameraControl.so(StreamGrab.cpp-L1254)  ProcessName:grabImgWithTrigger(111362)     Description:[GetOneFrameTimeout]StreamChannel[0], Get image failed! Msec[1000], Ret[0x80000007]
Warning 2026-06-02 03:24:59:315  DevID:MV-CS050-10GC(DB0498485)  Source-Line:libMvCameraControl.so(StreamGrab.cpp-L1254)  ProcessName:grabImgWithTrigger(111362)     Description:[GetOneFrameTimeout]StreamChannel[0], Get image failed! Msec[1000], Ret[0x80000007]
Warning 2026-06-02 03:25:00:315  DevID:MV-CS050-10GC(DB0498485)  Source-Line:libMvCameraControl.so(StreamGrab.cpp-L1254)  ProcessName:grabImgWithTrigger(111362)     Description:[GetOneFrameTimeout]StreamChannel[0], Get image failed! Msec[1000], Ret[0x80000007]
Warning 2026-06-02 03:25:01:315  DevID:MV-CS050-10GC(DB0498485)  Source-Line:libMvCameraControl.so(StreamGrab.cpp-L1254)  ProcessName:grabImgWithTrigger(111362)     Description:[GetOneFrameTimeout]StreamChannel[0], Get image failed! Msec[1000], Ret[0x80000007]
Warning 2026-06-02 03:25:02:315  DevID:MV-CS050-10GC(DB0498485)  Source-Line:libMvCameraControl.so(StreamGrab.cpp-L1254)  ProcessName:grabImgWithTrigger(111362)     Description:[GetOneFrameTimeout]StreamChannel[0], Get image failed! Msec[1000], Ret[0x80000007]
Warning 2026-06-02 03:25:03:315  DevID:MV-CS050-10GC(DB0498485)  Source-Line:libMvCameraControl.so(StreamGrab.cpp-L1254)  ProcessName:grabImgWithTrigger(111362)     Description:[GetOneFrameTimeout]StreamChannel[0], Get image failed! Msec[1000], Ret[0x80000007]
Warning 2026-06-02 03:25:04:316  DevID:MV-CS050-10GC(DB0498485)  Source-Line:libMvCameraControl.so(StreamGrab.cpp-L1254)  ProcessName:grabImgWithTrigger(111362)     Description:[GetOneFrameTimeout]StreamChannel[0], Get image failed! Msec[1000], Ret[0x80000007]
Warning 2026-06-02 03:25:05:316  DevID:MV-CS050-10GC(DB0498485)  Source-Line:libMvCameraControl.so(StreamGrab.cpp-L1254)  ProcessName:grabImgWithTrigger(111362)     Description:[GetOneFrameTimeout]StreamChannel[0], Get image failed! Msec[1000], Ret[0x80000007]
Warning 2026-06-02 03:25:06:316  DevID:MV-CS050-10GC(DB0498485)  Source-Line:libMvCameraControl.so(StreamGrab.cpp-L1254)  ProcessName:grabImgWithTrigger(111362)     Description:[GetOneFrameTimeout]StreamChannel[0], Get image failed! Msec[1000], Ret[0x80000007]
Warning 2026-06-02 03:25:07:316  DevID:MV-CS050-10GC(DB0498485)  Source-Line:libMvCameraControl.so(StreamGrab.cpp-L1254)  ProcessName:grabImgWithTrigger(111362)     Description:[GetOneFrameTimeout]StreamChannel[0], Get image failed! Msec[1000], Ret[0x80000007]
Warning 2026-06-02 03:25:08:316  DevID:MV-CS050-10GC(DB0498485)  Source-Line:libMvCameraControl.so(StreamGrab.cpp-L1254)  ProcessName:grabImgWithTrigger(111362)     Description:[GetOneFrameTimeout]StreamChannel[0], Get image failed! Msec[1000], Ret[0x80000007]
Warning 2026-06-02 03:25:09:316  DevID:MV-CS050-10GC(DB0498485)  Source-Line:libMvCameraControl.so(StreamGrab.cpp-L1254)  ProcessName:grabImgWithTrigger(111362)     Description:[GetOneFrameTimeout]StreamChannel[0], Get image failed! Msec[1000], Ret[0x80000007]
Warning 2026-06-02 03:25:10:316  DevID:MV-CS050-10GC(DB0498485)  Source-Line:libMvCameraControl.so(StreamGrab.cpp-L1254)  ProcessName:grabImgWithTrigger(111362)     Description:[GetOneFrameTimeout]StreamChannel[0], Get image failed! Msec[1000], Ret[0x80000007]
Warning 2026-06-02 03:25:11:316  DevID:MV-CS050-10GC(DB0498485)  Source-Line:libMvCameraControl.so(StreamGrab.cpp-L1254)  ProcessName:grabImgWithTrigger(111362)     Description:[GetOneFrameTimeout]StreamChannel[0], Get image failed! Msec[1000], Ret[0x80000007]
Warning 2026-06-02 03:25:12:317  DevID:MV-CS050-10GC(DB0498485)  Source-Line:libMvCameraControl.so(StreamGrab.cpp-L1254)  ProcessName:grabImgWithTrigger(111362)     Description:[GetOneFrameTimeout]StreamChannel[0], Get image failed! Msec[1000], Ret[0x80000007]
Warning 2026-06-02 03:25:13:317  DevID:MV-CS050-10GC(DB0498485)  Source-Line:libMvCameraControl.so(StreamGrab.cpp-L1254)  ProcessName:grabImgWithTrigger(111362)     Description:[GetOneFrameTimeout]StreamChannel[0], Get image failed! Msec[1000], Ret[0x80000007]
Warning 2026-06-02 03:25:14:317  DevID:MV-CS050-10GC(DB0498485)  Source-Line:libMvCameraControl.so(StreamGrab.cpp-L1254)  ProcessName:grabImgWithTrigger(111362)     Description:[GetOneFrameTimeout]StreamChannel[0], Get image failed! Msec[1000], Ret[0x80000007]
Warning 2026-06-02 03:25:15:317  DevID:MV-CS050-10GC(DB0498485)  Source-Line:libMvCameraControl.so(StreamGrab.cpp-L1254)  ProcessName:grabImgWithTrigger(111362)     Description:[GetOneFrameTimeout]StreamChannel[0], Get image failed! Msec[1000], Ret[0x80000007]
Warning 2026-06-02 03:25:16:317  DevID:MV-CS050-10GC(DB0498485)  Source-Line:libMvCameraControl.so(StreamGrab.cpp-L1254)  ProcessName:grabImgWithTrigger(111362)     Description:[GetOneFrameTimeout]StreamChannel[0], Get image failed! Msec[1000], Ret[0x80000007]
Warning 2026-06-02 03:25:17:317  DevID:MV-CS050-10GC(DB0498485)  Source-Line:libMvCameraControl.so(StreamGrab.cpp-L1254)  ProcessName:grabImgWithTrigger(111362)     Description:[GetOneFrameTimeout]StreamChannel[0], Get image failed! Msec[1000], Ret[0x80000007]
Warning 2026-06-02 03:25:18:317  DevID:MV-CS050-10GC(DB0498485)  Source-Line:libMvCameraControl.so(StreamGrab.cpp-L1254)  ProcessName:grabImgWithTrigger(111362)     Description:[GetOneFrameTimeout]StreamChannel[0], Get image failed! Msec[1000], Ret[0x80000007]
Warning 2026-06-02 03:25:19:317  DevID:MV-CS050-10GC(DB0498485)  Source-Line:libMvCameraControl.so(StreamGrab.cpp-L1254)  ProcessName:grabImgWithTrigger(111362)     Description:[GetOneFrameTimeout]StreamChannel[0], Get image failed! Msec[1000], Ret[0x80000007]
Warning 2026-06-02 03:25:20:318  DevID:MV-CS050-10GC(DB0498485)  Source-Line:libMvCameraControl.so(StreamGrab.cpp-L1254)  ProcessName:grabImgWithTrigger(111362)     Description:[GetOneFrameTimeout]StreamChannel[0], Get image failed! Msec[1000], Ret[0x80000007]
Warning 2026-06-02 03:25:21:318  DevID:MV-CS050-10GC(DB0498485)  Source-Line:libMvCameraControl.so(StreamGrab.cpp-L1254)  ProcessName:grabImgWithTrigger(111362)     Description:[GetOneFrameTimeout]StreamChannel[0], Get image failed! Msec[1000], Ret[0x80000007]
Warning 2026-06-02 03:25:22:318  DevID:MV-CS050-10GC(DB0498485)  Source-Line:libMvCameraControl.so(StreamGrab.cpp-L1254)  ProcessName:grabImgWithTrigger(111362)     Description:[GetOneFrameTimeout]StreamChannel[0], Get image failed! Msec[1000], Ret[0x80000007]
Warning 2026-06-02 03:25:23:318  DevID:MV-CS050-10GC(DB0498485)  Source-Line:libMvCameraControl.so(StreamGrab.cpp-L1254)  ProcessName:grabImgWithTrigger(111362)     Description:[GetOneFrameTimeout]StreamChannel[0], Get image failed! Msec[1000], Ret[0x80000007]
Warning 2026-06-02 03:25:24:318  DevID:MV-CS050-10GC(DB0498485)  Source-Line:libMvCameraControl.so(StreamGrab.cpp-L1254)  ProcessName:grabImgWithTrigger(111362)     Description:[GetOneFrameTimeout]StreamChannel[0], Get image failed! Msec[1000], Ret[0x80000007]
Warning 2026-06-02 03:25:25:318  DevID:MV-CS050-10GC(DB0498485)  Source-Line:libMvCameraControl.so(StreamGrab.cpp-L1254)  ProcessName:grabImgWithTrigger(111362)     Description:[GetOneFrameTimeout]StreamChannel[0], Get image failed! Msec[1000], Ret[0x80000007]
Warning 2026-06-02 03:25:26:318  DevID:MV-CS050-10GC(DB0498485)  Source-Line:libMvCameraControl.so(StreamGrab.cpp-L1254)  ProcessName:grabImgWithTrigger(111362)     Description:[GetOneFrameTimeout]StreamChannel[0], Get image failed! Msec[1000], Ret[0x80000007]
Warning 2026-06-02 03:25:27:318  DevID:MV-CS050-10GC(DB0498485)  Source-Line:libMvCameraControl.so(StreamGrab.cpp-L1254)  ProcessName:grabImgWithTrigger(111362)     Description:[GetOneFrameTimeout]StreamChannel[0], Get image failed! Msec[1000], Ret[0x80000007]
Warning 2026-06-02 03:25:28:318  DevID:MV-CS050-10GC(DB0498485)  Source-Line:libMvCameraControl.so(StreamGrab.cpp-L1254)  ProcessName:grabImgWithTrigger(111362)     Description:[GetOneFrameTimeout]StreamChannel[0], Get image failed! Msec[1000], Ret[0x80000007]
Warning 2026-06-02 03:25:29:319  DevID:MV-CS050-10GC(DB0498485)  Source-Line:libMvCameraControl.so(StreamGrab.cpp-L1254)  ProcessName:grabImgWithTrigger(111362)     Description:[GetOneFrameTimeout]StreamChannel[0], Get image failed! Msec[1000], Ret[0x80000007]
Warning 2026-06-02 03:25:30:319  DevID:MV-CS050-10GC(DB0498485)  Source-Line:libMvCameraControl.so(StreamGrab.cpp-L1254)  ProcessName:grabImgWithTrigger(111362)     Description:[GetOneFrameTimeout]StreamChannel[0], Get image failed! Msec[1000], Ret[0x80000007]
Warning 2026-06-02 03:25:31:319  DevID:MV-CS050-10GC(DB0498485)  Source-Line:libMvCameraControl.so(StreamGrab.cpp-L1254)  ProcessName:grabImgWithTrigger(111362)     Description:[GetOneFrameTimeout]StreamChannel[0], Get image failed! Msec[1000], Ret[0x80000007]
Warning 2026-06-02 03:25:32:319  DevID:MV-CS050-10GC(DB0498485)  Source-Line:libMvCameraControl.so(StreamGrab.cpp-L1254)  ProcessName:grabImgWithTrigger(111362)     Description:[GetOneFrameTimeout]StreamChannel[0], Get image failed! Msec[1000], Ret[0x80000007]
Warning 2026-06-02 03:25:33:319  DevID:MV-CS050-10GC(DB0498485)  Source-Line:libMvCameraControl.so(StreamGrab.cpp-L1254)  ProcessName:grabImgWithTrigger(111362)     Description:[GetOneFrameTimeout]StreamChannel[0], Get image failed! Msec[1000], Ret[0x80000007]
Warning 2026-06-02 03:25:34:319  DevID:MV-CS050-10GC(DB0498485)  Source-Line:libMvCameraControl.so(StreamGrab.cpp-L1254)  ProcessName:grabImgWithTrigger(111362)     Description:[GetOneFrameTimeout]StreamChannel[0], Get image failed! Msec[1000], Ret[0x80000007]
Warning 2026-06-02 03:25:35:319  DevID:MV-CS050-10GC(DB0498485)  Source-Line:libMvCameraControl.so(StreamGrab.cpp-L1254)  ProcessName:grabImgWithTrigger(111362)     Description:[GetOneFrameTimeout]StreamChannel[0], Get image failed! Msec[1000], Ret[0x80000007]
Warning 2026-06-02 03:25:36:319  DevID:MV-CS050-10GC(DB0498485)  Source-Line:libMvCameraControl.so(StreamGrab.cpp-L1254)  ProcessName:grabImgWithTrigger(111362)     Description:[GetOneFrameTimeout]StreamChannel[0], Get image failed! Msec[1000], Ret[0x80000007]
Warning 2026-06-02 03:25:37:319  DevID:MV-CS050-10GC(DB0498485)  Source-Line:libMvCameraControl.so(StreamGrab.cpp-L1254)  ProcessName:grabImgWithTrigger(111362)     Description:[GetOneFrameTimeout]StreamChannel[0], Get image failed! Msec[1000], Ret[0x80000007]
Warning 2026-06-02 03:25:38:320  DevID:MV-CS050-10GC(DB0498485)  Source-Line:libMvCameraControl.so(StreamGrab.cpp-L1254)  ProcessName:grabImgWithTrigger(111362)     Description:[GetOneFrameTimeout]StreamChannel[0], Get image failed! Msec[1000], Ret[0x80000007]
Warning 2026-06-02 03:25:39:320  DevID:MV-CS050-10GC(DB0498485)  Source-Line:libMvCameraControl.so(StreamGrab.cpp-L1254)  ProcessName:grabImgWithTrigger(111362)     Description:[GetOneFrameTimeout]StreamChannel[0], Get image failed! Msec[1000], Ret[0x80000007]
Warning 2026-06-02 03:25:40:320  DevID:MV-CS050-10GC(DB0498485)  Source-Line:libMvCameraControl.so(StreamGrab.cpp-L1254)  ProcessName:grabImgWithTrigger(111362)     Description:[GetOneFrameTimeout]StreamChannel[0], Get image failed! Msec[1000], Ret[0x80000007]
Warning 2026-06-02 03:25:41:320  DevID:MV-CS050-10GC(DB0498485)  Source-Line:libMvCameraControl.so(StreamGrab.cpp-L1254)  ProcessName:grabImgWithTrigger(111362)     Description:[GetOneFrameTimeout]StreamChannel[0], Get image failed! Msec[1000], Ret[0x80000007]
Warning 2026-06-02 03:25:42:320  DevID:MV-CS050-10GC(DB0498485)  Source-Line:libMvCameraControl.so(StreamGrab.cpp-L1254)  ProcessName:grabImgWithTrigger(111362)     Description:[GetOneFrameTimeout]StreamChannel[0], Get image failed! Msec[1000], Ret[0x80000007]
Warning 2026-06-02 03:25:43:320  DevID:MV-CS050-10GC(DB0498485)  Source-Line:libMvCameraControl.so(StreamGrab.cpp-L1254)  ProcessName:grabImgWithTrigger(111362)     Description:[GetOneFrameTimeout]StreamChannel[0], Get image failed! Msec[1000], Ret[0x80000007]
Warning 2026-06-02 03:25:44:320  DevID:MV-CS050-10GC(DB0498485)  Source-Line:libMvCameraControl.so(StreamGrab.cpp-L1254)  ProcessName:grabImgWithTrigger(111362)     Description:[GetOneFrameTimeout]StreamChannel[0], Get image failed! Msec[1000], Ret[0x80000007]
Warning 2026-06-02 03:25:45:320  DevID:MV-CS050-10GC(DB0498485)  Source-Line:libMvCameraControl.so(StreamGrab.cpp-L1254)  ProcessName:grabImgWithTrigger(111362)     Description:[GetOneFrameTimeout]StreamChannel[0], Get image failed! Msec[1000], Ret[0x80000007]
Warning 2026-06-02 03:25:46:320  DevID:MV-CS050-10GC(DB0498485)  Source-Line:libMvCameraControl.so(StreamGrab.cpp-L1254)  ProcessName:grabImgWithTrigger(111362)     Description:[GetOneFrameTimeout]StreamChannel[0], Get image failed! Msec[1000], Ret[0x80000007]
Warning 2026-06-02 03:25:47:321  DevID:MV-CS050-10GC(DB0498485)  Source-Line:libMvCameraControl.so(StreamGrab.cpp-L1254)  ProcessName:grabImgWithTrigger(111362)     Description:[GetOneFrameTimeout]StreamChannel[0], Get image failed! Msec[1000], Ret[0x80000007]
Warning 2026-06-02 03:25:48:321  DevID:MV-CS050-10GC(DB0498485)  Source-Line:libMvCameraControl.so(StreamGrab.cpp-L1254)  ProcessName:grabImgWithTrigger(111362)     Description:[GetOneFrameTimeout]StreamChannel[0], Get image failed! Msec[1000], Ret[0x80000007]
Warning 2026-06-02 03:25:49:321  DevID:MV-CS050-10GC(DB0498485)  Source-Line:libMvCameraControl.so(StreamGrab.cpp-L1254)  ProcessName:grabImgWithTrigger(111362)     Description:[GetOneFrameTimeout]StreamChannel[0], Get image failed! Msec[1000], Ret[0x80000007]
Warning 2026-06-02 03:25:50:321  DevID:MV-CS050-10GC(DB0498485)  Source-Line:libMvCameraControl.so(StreamGrab.cpp-L1254)  ProcessName:grabImgWithTrigger(111362)     Description:[GetOneFrameTimeout]StreamChannel[0], Get image failed! Msec[1000], Ret[0x80000007]
Warning 2026-06-02 03:25:51:321  DevID:MV-CS050-10GC(DB0498485)  Source-Line:libMvCameraControl.so(StreamGrab.cpp-L1254)  ProcessName:grabImgWithTrigger(111362)     Description:[GetOneFrameTimeout]StreamChannel[0], Get image failed! Msec[1000], Ret[0x80000007]
Warning 2026-06-02 03:25:52:321  DevID:MV-CS050-10GC(DB0498485)  Source-Line:libMvCameraControl.so(StreamGrab.cpp-L1254)  ProcessName:grabImgWithTrigger(111362)     Description:[GetOneFrameTimeout]StreamChannel[0], Get image failed! Msec[1000], Ret[0x80000007]
Warning 2026-06-02 03:25:53:321  DevID:MV-CS050-10GC(DB0498485)  Source-Line:libMvCameraControl.so(StreamGrab.cpp-L1254)  ProcessName:grabImgWithTrigger(111362)     Description:[GetOneFrameTimeout]StreamChannel[0], Get image failed! Msec[1000], Ret[0x80000007]
Warning 2026-06-02 03:25:54:321  DevID:MV-CS050-10GC(DB0498485)  Source-Line:libMvCameraControl.so(StreamGrab.cpp-L1254)  ProcessName:grabImgWithTrigger(111362)     Description:[GetOneFrameTimeout]StreamChannel[0], Get image failed! Msec[1000], Ret[0x80000007]
Warning 2026-06-02 03:25:55:321  DevID:MV-CS050-10GC(DB0498485)  Source-Line:libMvCameraControl.so(StreamGrab.cpp-L1254)  ProcessName:grabImgWithTrigger(111362)     Description:[GetOneFrameTimeout]StreamChannel[0], Get image failed! Msec[1000], Ret[0x80000007]
Warning 2026-06-02 03:25:56:322  DevID:MV-CS050-10GC(DB0498485)  Source-Line:libMvCameraControl.so(StreamGrab.cpp-L1254)  ProcessName:grabImgWithTrigger(111362)     Description:[GetOneFrameTimeout]StreamChannel[0], Get image failed! Msec[1000], Ret[0x80000007]
Warning 2026-06-02 03:25:57:322  DevID:MV-CS050-10GC(DB0498485)  Source-Line:libMvCameraControl.so(StreamGrab.cpp-L1254)  ProcessName:grabImgWithTrigger(111362)     Description:[GetOneFrameTimeout]StreamChannel[0], Get image failed! Msec[1000], Ret[0x80000007]
Warning 2026-06-02 03:25:58:322  DevID:MV-CS050-10GC(DB0498485)  Source-Line:libMvCameraControl.so(StreamGrab.cpp-L1254)  ProcessName:grabImgWithTrigger(111362)     Description:[GetOneFrameTimeout]StreamChannel[0], Get image failed! Msec[1000], Ret[0x80000007]
Warning 2026-06-02 03:25:59:322  DevID:MV-CS050-10GC(DB0498485)  Source-Line:libMvCameraControl.so(StreamGrab.cpp-L1254)  ProcessName:grabImgWithTrigger(111362)     Description:[GetOneFrameTimeout]StreamChannel[0], Get image failed! Msec[1000], Ret[0x80000007]
Warning 2026-06-02 03:26:00:322  DevID:MV-CS050-10GC(DB0498485)  Source-Line:libMvCameraControl.so(StreamGrab.cpp-L1254)  ProcessName:grabImgWithTrigger(111362)     Description:[GetOneFrameTimeout]StreamChannel[0], Get image failed! Msec[1000], Ret[0x80000007]
Warning 2026-06-02 03:26:01:322  DevID:MV-CS050-10GC(DB0498485)  Source-Line:libMvCameraControl.so(StreamGrab.cpp-L1254)  ProcessName:grabImgWithTrigger(111362)     Description:[GetOneFrameTimeout]StreamChannel[0], Get image failed! Msec[1000], Ret[0x80000007]
Warning 2026-06-02 03:26:02:322  DevID:MV-CS050-10GC(DB0498485)  Source-Line:libMvCameraControl.so(StreamGrab.cpp-L1254)  ProcessName:grabImgWithTrigger(111362)     Description:[GetOneFrameTimeout]StreamChannel[0], Get image failed! Msec[1000], Ret[0x80000007]
Warning 2026-06-02 03:26:03:322  DevID:MV-CS050-10GC(DB0498485)  Source-Line:libMvCameraControl.so(StreamGrab.cpp-L1254)  ProcessName:grabImgWithTrigger(111362)     Description:[GetOneFrameTimeout]StreamChannel[0], Get image failed! Msec[1000], Ret[0x80000007]
Warning 2026-06-02 03:26:04:323  DevID:MV-CS050-10GC(DB0498485)  Source-Line:libMvCameraControl.so(StreamGrab.cpp-L1254)  ProcessName:grabImgWithTrigger(111362)     Description:[GetOneFrameTimeout]StreamChannel[0], Get image failed! Msec[1000], Ret[0x80000007]
Warning 2026-06-02 03:26:05:323  DevID:MV-CS050-10GC(DB0498485)  Source-Line:libMvCameraControl.so(StreamGrab.cpp-L1254)  ProcessName:grabImgWithTrigger(111362)     Description:[GetOneFrameTimeout]StreamChannel[0], Get image failed! Msec[1000], Ret[0x80000007]
Warning 2026-06-02 03:26:06:323  DevID:MV-CS050-10GC(DB0498485)  Source-Line:libMvCameraControl.so(StreamGrab.cpp-L1254)  ProcessName:grabImgWithTrigger(111362)     Description:[GetOneFrameTimeout]StreamChannel[0], Get image failed! Msec[1000], Ret[0x80000007]
Warning 2026-06-02 03:26:07:323  DevID:MV-CS050-10GC(DB0498485)  Source-Line:libMvCameraControl.so(StreamGrab.cpp-L1254)  ProcessName:grabImgWithTrigger(111362)     Description:[GetOneFrameTimeout]StreamChannel[0], Get image failed! Msec[1000], Ret[0x80000007]
Warning 2026-06-02 03:26:08:323  DevID:MV-CS050-10GC(DB0498485)  Source-Line:libMvCameraControl.so(StreamGrab.cpp-L1254)  ProcessName:grabImgWithTrigger(111362)     Description:[GetOneFrameTimeout]StreamChannel[0], Get image failed! Msec[1000], Ret[0x80000007]
Warning 2026-06-02 03:26:09:323  DevID:MV-CS050-10GC(DB0498485)  Source-Line:libMvCameraControl.so(StreamGrab.cpp-L1254)  ProcessName:grabImgWithTrigger(111362)     Description:[GetOneFrameTimeout]StreamChannel[0], Get image failed! Msec[1000], Ret[0x80000007]
Warning 2026-06-02 03:26:10:323  DevID:MV-CS050-10GC(DB0498485)  Source-Line:libMvCameraControl.so(StreamGrab.cpp-L1254)  ProcessName:grabImgWithTrigger(111362)     Description:[GetOneFrameTimeout]StreamChannel[0], Get image failed! Msec[1000], Ret[0x80000007]
Warning 2026-06-02 03:26:11:323  DevID:MV-CS050-10GC(DB0498485)  Source-Line:libMvCameraControl.so(StreamGrab.cpp-L1254)  ProcessName:grabImgWithTrigger(111362)     Description:[GetOneFrameTimeout]StreamChannel[0], Get image failed! Msec[1000], Ret[0x80000007]
Warning 2026-06-02 03:26:12:323  DevID:MV-CS050-10GC(DB0498485)  Source-Line:libMvCameraControl.so(StreamGrab.cpp-L1254)  ProcessName:grabImgWithTrigger(111362)     Description:[GetOneFrameTimeout]StreamChannel[0], Get image failed! Msec[1000], Ret[0x80000007]
Warning 2026-06-02 03:26:13:324  DevID:MV-CS050-10GC(DB0498485)  Source-Line:libMvCameraControl.so(StreamGrab.cpp-L1254)  ProcessName:grabImgWithTrigger(111362)     Description:[GetOneFrameTimeout]StreamChannel[0], Get image failed! Msec[1000], Ret[0x80000007]
Warning 2026-06-02 03:26:14:324  DevID:MV-CS050-10GC(DB0498485)  Source-Line:libMvCameraControl.so(StreamGrab.cpp-L1254)  ProcessName:grabImgWithTrigger(111362)     Description:[GetOneFrameTimeout]StreamChannel[0], Get image failed! Msec[1000], Ret[0x80000007]
Warning 2026-06-02 03:26:15:324  DevID:MV-CS050-10GC(DB0498485)  Source-Line:libMvCameraControl.so(StreamGrab.cpp-L1254)  ProcessName:grabImgWithTrigger(111362)     Description:[GetOneFrameTimeout]StreamChannel[0], Get image failed! Msec[1000], Ret[0x80000007]
Warning 2026-06-02 03:26:16:324  DevID:MV-CS050-10GC(DB0498485)  Source-Line:libMvCameraControl.so(StreamGrab.cpp-L1254)  ProcessName:grabImgWithTrigger(111362)     Description:[GetOneFrameTimeout]StreamChannel[0], Get image failed! Msec[1000], Ret[0x80000007]
Warning 2026-06-02 03:26:17:324  DevID:MV-CS050-10GC(DB0498485)  Source-Line:libMvCameraControl.so(StreamGrab.cpp-L1254)  ProcessName:grabImgWithTrigger(111362)     Description:[GetOneFrameTimeout]StreamChannel[0], Get image failed! Msec[1000], Ret[0x80000007]
Warning 2026-06-02 03:26:18:324  DevID:MV-CS050-10GC(DB0498485)  Source-Line:libMvCameraControl.so(StreamGrab.cpp-L1254)  ProcessName:grabImgWithTrigger(111362)     Description:[GetOneFrameTimeout]StreamChannel[0], Get image failed! Msec[1000], Ret[0x80000007]
Warning 2026-06-02 03:26:19:324  DevID:MV-CS050-10GC(DB0498485)  Source-Line:libMvCameraControl.so(StreamGrab.cpp-L1254)  ProcessName:grabImgWithTrigger(111362)     Description:[GetOneFrameTimeout]StreamChannel[0], Get image failed! Msec[1000], Ret[0x80000007]
Warning 2026-06-02 03:26:20:324  DevID:MV-CS050-10GC(DB0498485)  Source-Line:libMvCameraControl.so(StreamGrab.cpp-L1254)  ProcessName:grabImgWithTrigger(111362)     Description:[GetOneFrameTimeout]StreamChannel[0], Get image failed! Msec[1000], Ret[0x80000007]
Warning 2026-06-02 03:26:21:325  DevID:MV-CS050-10GC(DB0498485)  Source-Line:libMvCameraControl.so(StreamGrab.cpp-L1254)  ProcessName:grabImgWithTrigger(111362)     Description:[GetOneFrameTimeout]StreamChannel[0], Get image failed! Msec[1000], Ret[0x80000007]
Warning 2026-06-02 03:26:22:325  DevID:MV-CS050-10GC(DB0498485)  Source-Line:libMvCameraControl.so(StreamGrab.cpp-L1254)  ProcessName:grabImgWithTrigger(111362)     Description:[GetOneFrameTimeout]StreamChannel[0], Get image failed! Msec[1000], Ret[0x80000007]
Warning 2026-06-02 03:26:23:325  DevID:MV-CS050-10GC(DB0498485)  Source-Line:libMvCameraControl.so(StreamGrab.cpp-L1254)  ProcessName:grabImgWithTrigger(111362)     Description:[GetOneFrameTimeout]StreamChannel[0], Get image failed! Msec[1000], Ret[0x80000007]
Info    2026-06-02 03:26:23:507  DevID:  Source-Line:libMvCameraControl.so(GigELoadLibrary.cpp-L1611)  ProcessName:grabImgWithTrigger(112534)     Description:[LoadGigEAllFunctions]Load MVGigEVisionSDK success
Error   2026-06-02 03:26:23:507  DevID:  Source-Line:libMvCameraControl.so(GenTLLoadLibraryEx.cpp-L0222)  ProcessName:grabImgWithTrigger(112534)     Description:[LoadCtiLibInter]Load CTI failed! CTI path[/opt/MVS/lib/aarch64/libMvProducerVIR.so], nRet[0x8000000c]
Error   2026-06-02 03:26:23:509  DevID:  Source-Line:libMvCameraControl.so(GenTLLoadLibraryEx.cpp-L0222)  ProcessName:grabImgWithTrigger(112534)     Description:[LoadCtiLibInter]Load CTI failed! CTI path[/opt/MVS/lib/aarch64/libMvProducerVIR.so], nRet[0x8000000c]
Info    2026-06-02 03:26:23:610  DevID:MV-CS050-10GC(DB0498485)  Source-Line:libMvCameraControl.so(GigEDevice.cpp-L0375)  ProcessName:grabImgWithTrigger(112534)     Description:[Init]GEV INFO DeviceIP[192.168.127.3], NetIP[192.168.127.110], ManufacturerInfo[Hikrobot], DeviceVersion[V4.0.43 250414 1530132], UserID[]
Info    2026-06-02 03:26:23:610  DevID:MV-CS050-10GC(DB0498485)  Source-Line:libMvCameraControl.so(MediaProcess.cpp-L0880)  ProcessName:grabImgWithTrigger(112534)     Description:[SetBayerCvtQuality]Set Bayer CvtQuality success! BayerCvtQuality[1]
Info    2026-06-02 03:26:23:610  DevID:MV-CS050-10GC(DB0498485)  Source-Line:libMvCameraControl.so(MediaProcess.cpp-L1876)  ProcessName:grabImgWithTrigger(112534)     Description:[SetBayerThreadNum]Set Bayer Thread Num success! BayerThreadNum[4]
Info    2026-06-02 03:26:23:610  DevID:MV-CS050-10GC(DB0498485)  Source-Line:libMvCameraControl.so(MediaProcess.cpp-L0880)  ProcessName:grabImgWithTrigger(112534)     Description:[SetBayerCvtQuality]Set Bayer CvtQuality success! BayerCvtQuality[1]
Info    2026-06-02 03:26:23:610  DevID:MV-CS050-10GC(DB0498485)  Source-Line:libMvCameraControl.so(MediaProcess.cpp-L1876)  ProcessName:grabImgWithTrigger(112534)     Description:[SetBayerThreadNum]Set Bayer Thread Num success! BayerThreadNum[4]
Error   2026-06-02 03:26:23:636  DevID:MV-CS050-10GC(DB0498485)  Source-Line:libMvCameraControl.so(GigEDevice.cpp-L0877)  ProcessName:grabImgWithTrigger(112534)     Description:[OpenDevice]Open device failed! PrivilegeMode[1], SwitchoverKey[0], Ret[0x80000203]
Error   2026-06-02 03:26:23:636  DevID:MV-CS050-10GC(DB0498485)  Source-Line:libMvCameraControl.so(StreamGrab.cpp-L0885)  ProcessName:grabImgWithTrigger(112534)     Description:[StopGrabbing]StreamChannel[0], bGrabbing[0], pDevStream[0xaaaad8056850]
Warning 2026-06-02 03:26:24:325  DevID:MV-CS050-10GC(DB0498485)  Source-Line:libMvCameraControl.so(StreamGrab.cpp-L1254)  ProcessName:grabImgWithTrigger(111362)     Description:[GetOneFrameTimeout]StreamChannel[0], Get image failed! Msec[1000], Ret[0x80000007]
Warning 2026-06-02 03:26:25:325  DevID:MV-CS050-10GC(DB0498485)  Source-Line:libMvCameraControl.so(StreamGrab.cpp-L1254)  ProcessName:grabImgWithTrigger(111362)     Description:[GetOneFrameTimeout]StreamChannel[0], Get image failed! Msec[1000], Ret[0x80000007]
Warning 2026-06-02 03:26:26:325  DevID:MV-CS050-10GC(DB0498485)  Source-Line:libMvCameraControl.so(StreamGrab.cpp-L1254)  ProcessName:grabImgWithTrigger(111362)     Description:[GetOneFrameTimeout]StreamChannel[0], Get image failed! Msec[1000], Ret[0x80000007]
Warning 2026-06-02 03:26:27:325  DevID:MV-CS050-10GC(DB0498485)  Source-Line:libMvCameraControl.so(StreamGrab.cpp-L1254)  ProcessName:grabImgWithTrigger(111362)     Description:[GetOneFrameTimeout]StreamChannel[0], Get image failed! Msec[1000], Ret[0x80000007]
Warning 2026-06-02 03:26:28:325  DevID:MV-CS050-10GC(DB0498485)  Source-Line:libMvCameraControl.so(StreamGrab.cpp-L1254)  ProcessName:grabImgWithTrigger(111362)     Description:[GetOneFrameTimeout]StreamChannel[0], Get image failed! Msec[1000], Ret[0x80000007]
Warning 2026-06-02 03:26:29:326  DevID:MV-CS050-10GC(DB0498485)  Source-Line:libMvCameraControl.so(StreamGrab.cpp-L1254)  ProcessName:grabImgWithTrigger(111362)     Description:[GetOneFrameTimeout]StreamChannel[0], Get image failed! Msec[1000], Ret[0x80000007]
Warning 2026-06-02 03:26:30:326  DevID:MV-CS050-10GC(DB0498485)  Source-Line:libMvCameraControl.so(StreamGrab.cpp-L1254)  ProcessName:grabImgWithTrigger(111362)     Description:[GetOneFrameTimeout]StreamChannel[0], Get image failed! Msec[1000], Ret[0x80000007]
Warning 2026-06-02 03:26:31:326  DevID:MV-CS050-10GC(DB0498485)  Source-Line:libMvCameraControl.so(StreamGrab.cpp-L1254)  ProcessName:grabImgWithTrigger(111362)     Description:[GetOneFrameTimeout]StreamChannel[0], Get image failed! Msec[1000], Ret[0x80000007]
Warning 2026-06-02 03:26:32:326  DevID:MV-CS050-10GC(DB0498485)  Source-Line:libMvCameraControl.so(StreamGrab.cpp-L1254)  ProcessName:grabImgWithTrigger(111362)     Description:[GetOneFrameTimeout]StreamChannel[0], Get image failed! Msec[1000], Ret[0x80000007]
Warning 2026-06-02 03:26:33:326  DevID:MV-CS050-10GC(DB0498485)  Source-Line:libMvCameraControl.so(StreamGrab.cpp-L1254)  ProcessName:grabImgWithTrigger(111362)     Description:[GetOneFrameTimeout]StreamChannel[0], Get image failed! Msec[1000], Ret[0x80000007]
Warning 2026-06-02 03:26:34:326  DevID:MV-CS050-10GC(DB0498485)  Source-Line:libMvCameraControl.so(StreamGrab.cpp-L1254)  ProcessName:grabImgWithTrigger(111362)     Description:[GetOneFrameTimeout]StreamChannel[0], Get image failed! Msec[1000], Ret[0x80000007]
Warning 2026-06-02 03:26:35:326  DevID:MV-CS050-10GC(DB0498485)  Source-Line:libMvCameraControl.so(StreamGrab.cpp-L1254)  ProcessName:grabImgWithTrigger(111362)     Description:[GetOneFrameTimeout]StreamChannel[0], Get image failed! Msec[1000], Ret[0x80000007]
Warning 2026-06-02 03:26:36:326  DevID:MV-CS050-10GC(DB0498485)  Source-Line:libMvCameraControl.so(StreamGrab.cpp-L1254)  ProcessName:grabImgWithTrigger(111362)     Description:[GetOneFrameTimeout]StreamChannel[0], Get image failed! Msec[1000], Ret[0x80000007]
Warning 2026-06-02 03:26:37:326  DevID:MV-CS050-10GC(DB0498485)  Source-Line:libMvCameraControl.so(StreamGrab.cpp-L1254)  ProcessName:grabImgWithTrigger(111362)     Description:[GetOneFrameTimeout]StreamChannel[0], Get image failed! Msec[1000], Ret[0x80000007]
Warning 2026-06-02 03:26:38:327  DevID:MV-CS050-10GC(DB0498485)  Source-Line:libMvCameraControl.so(StreamGrab.cpp-L1254)  ProcessName:grabImgWithTrigger(111362)     Description:[GetOneFrameTimeout]StreamChannel[0], Get image failed! Msec[1000], Ret[0x80000007]
Warning 2026-06-02 03:26:39:327  DevID:MV-CS050-10GC(DB0498485)  Source-Line:libMvCameraControl.so(StreamGrab.cpp-L1254)  ProcessName:grabImgWithTrigger(111362)     Description:[GetOneFrameTimeout]StreamChannel[0], Get image failed! Msec[1000], Ret[0x80000007]
Warning 2026-06-02 03:26:40:327  DevID:MV-CS050-10GC(DB0498485)  Source-Line:libMvCameraControl.so(StreamGrab.cpp-L1254)  ProcessName:grabImgWithTrigger(111362)     Description:[GetOneFrameTimeout]StreamChannel[0], Get image failed! Msec[1000], Ret[0x80000007]
Warning 2026-06-02 03:26:41:327  DevID:MV-CS050-10GC(DB0498485)  Source-Line:libMvCameraControl.so(StreamGrab.cpp-L1254)  ProcessName:grabImgWithTrigger(111362)     Description:[GetOneFrameTimeout]StreamChannel[0], Get image failed! Msec[1000], Ret[0x80000007]
Warning 2026-06-02 03:26:42:327  DevID:MV-CS050-10GC(DB0498485)  Source-Line:libMvCameraControl.so(StreamGrab.cpp-L1254)  ProcessName:grabImgWithTrigger(111362)     Description:[GetOneFrameTimeout]StreamChannel[0], Get image failed! Msec[1000], Ret[0x80000007]
Warning 2026-06-02 03:26:43:327  DevID:MV-CS050-10GC(DB0498485)  Source-Line:libMvCameraControl.so(StreamGrab.cpp-L1254)  ProcessName:grabImgWithTrigger(111362)     Description:[GetOneFrameTimeout]StreamChannel[0], Get image failed! Msec[1000], Ret[0x80000007]
Warning 2026-06-02 03:26:44:327  DevID:MV-CS050-10GC(DB0498485)  Source-Line:libMvCameraControl.so(StreamGrab.cpp-L1254)  ProcessName:grabImgWithTrigger(111362)     Description:[GetOneFrameTimeout]StreamChannel[0], Get image failed! Msec[1000], Ret[0x80000007]
Warning 2026-06-02 03:26:45:328  DevID:MV-CS050-10GC(DB0498485)  Source-Line:libMvCameraControl.so(StreamGrab.cpp-L1254)  ProcessName:grabImgWithTrigger(111362)     Description:[GetOneFrameTimeout]StreamChannel[0], Get image failed! Msec[1000], Ret[0x80000007]
Warning 2026-06-02 03:26:46:328  DevID:MV-CS050-10GC(DB0498485)  Source-Line:libMvCameraControl.so(StreamGrab.cpp-L1254)  ProcessName:grabImgWithTrigger(111362)     Description:[GetOneFrameTimeout]StreamChannel[0], Get image failed! Msec[1000], Ret[0x80000007]
Warning 2026-06-02 03:26:47:328  DevID:MV-CS050-10GC(DB0498485)  Source-Line:libMvCameraControl.so(StreamGrab.cpp-L1254)  ProcessName:grabImgWithTrigger(111362)     Description:[GetOneFrameTimeout]StreamChannel[0], Get image failed! Msec[1000], Ret[0x80000007]
Warning 2026-06-02 03:26:48:328  DevID:MV-CS050-10GC(DB0498485)  Source-Line:libMvCameraControl.so(StreamGrab.cpp-L1254)  ProcessName:grabImgWithTrigger(111362)     Description:[GetOneFrameTimeout]StreamChannel[0], Get image failed! Msec[1000], Ret[0x80000007]
Warning 2026-06-02 03:26:49:328  DevID:MV-CS050-10GC(DB0498485)  Source-Line:libMvCameraControl.so(StreamGrab.cpp-L1254)  ProcessName:grabImgWithTrigger(111362)     Description:[GetOneFrameTimeout]StreamChannel[0], Get image failed! Msec[1000], Ret[0x80000007]
Warning 2026-06-02 03:26:50:328  DevID:MV-CS050-10GC(DB0498485)  Source-Line:libMvCameraControl.so(StreamGrab.cpp-L1254)  ProcessName:grabImgWithTrigger(111362)     Description:[GetOneFrameTimeout]StreamChannel[0], Get image failed! Msec[1000], Ret[0x80000007]
Warning 2026-06-02 03:26:51:329  DevID:MV-CS050-10GC(DB0498485)  Source-Line:libMvCameraControl.so(StreamGrab.cpp-L1254)  ProcessName:grabImgWithTrigger(111362)     Description:[GetOneFrameTimeout]StreamChannel[0], Get image failed! Msec[1000], Ret[0x80000007]
Warning 2026-06-02 03:26:52:329  DevID:MV-CS050-10GC(DB0498485)  Source-Line:libMvCameraControl.so(StreamGrab.cpp-L1254)  ProcessName:grabImgWithTrigger(111362)     Description:[GetOneFrameTimeout]StreamChannel[0], Get image failed! Msec[1000], Ret[0x80000007]
Warning 2026-06-02 03:26:53:329  DevID:MV-CS050-10GC(DB0498485)  Source-Line:libMvCameraControl.so(StreamGrab.cpp-L1254)  ProcessName:grabImgWithTrigger(111362)     Description:[GetOneFrameTimeout]StreamChannel[0], Get image failed! Msec[1000], Ret[0x80000007]
Warning 2026-06-02 03:26:54:329  DevID:MV-CS050-10GC(DB0498485)  Source-Line:libMvCameraControl.so(StreamGrab.cpp-L1254)  ProcessName:grabImgWithTrigger(111362)     Description:[GetOneFrameTimeout]StreamChannel[0], Get image failed! Msec[1000], Ret[0x80000007]
Warning 2026-06-02 03:26:55:329  DevID:MV-CS050-10GC(DB0498485)  Source-Line:libMvCameraControl.so(StreamGrab.cpp-L1254)  ProcessName:grabImgWithTrigger(111362)     Description:[GetOneFrameTimeout]StreamChannel[0], Get image failed! Msec[1000], Ret[0x80000007]
Warning 2026-06-02 03:26:56:329  DevID:MV-CS050-10GC(DB0498485)  Source-Line:libMvCameraControl.so(StreamGrab.cpp-L1254)  ProcessName:grabImgWithTrigger(111362)     Description:[GetOneFrameTimeout]StreamChannel[0], Get image failed! Msec[1000], Ret[0x80000007]
Warning 2026-06-02 03:26:57:329  DevID:MV-CS050-10GC(DB0498485)  Source-Line:libMvCameraControl.so(StreamGrab.cpp-L1254)  ProcessName:grabImgWithTrigger(111362)     Description:[GetOneFrameTimeout]StreamChannel[0], Get image failed! Msec[1000], Ret[0x80000007]
Warning 2026-06-02 03:26:58:329  DevID:MV-CS050-10GC(DB0498485)  Source-Line:libMvCameraControl.so(StreamGrab.cpp-L1254)  ProcessName:grabImgWithTrigger(111362)     Description:[GetOneFrameTimeout]StreamChannel[0], Get image failed! Msec[1000], Ret[0x80000007]
Warning 2026-06-02 03:26:59:330  DevID:MV-CS050-10GC(DB0498485)  Source-Line:libMvCameraControl.so(StreamGrab.cpp-L1254)  ProcessName:grabImgWithTrigger(111362)     Description:[GetOneFrameTimeout]StreamChannel[0], Get image failed! Msec[1000], Ret[0x80000007]
Warning 2026-06-02 03:27:00:330  DevID:MV-CS050-10GC(DB0498485)  Source-Line:libMvCameraControl.so(StreamGrab.cpp-L1254)  ProcessName:grabImgWithTrigger(111362)     Description:[GetOneFrameTimeout]StreamChannel[0], Get image failed! Msec[1000], Ret[0x80000007]
Info    2026-06-02 03:27:00:330  DevID:MV-CS050-10GC(DB0498485)  Source-Line:libMvCameraControl.so(LiquidLensController.cpp-L2109)  ProcessName:grabImgWithTrigger(111362)     Description:[SetFastQuit][CLiquidLensController]SetFastQuit: Fast quit enabled
Info    2026-06-02 03:27:00:339  DevID:MV-CS050-10GC(DB0498485)  Source-Line:libMvCameraControl.so(StreamGrab.cpp-L0937)  ProcessName:grabImgWithTrigger(111362)     Description:[StopGrabbing]Stop grabbing success! DeviceUptime[10727]
Info    2026-06-02 03:27:00:339  DevID:MV-CS050-10GC(DB0498485)  Source-Line:libMvCameraControl.so(GigEDevice.cpp-L0760)  ProcessName:grabImgWithTrigger(111362)     Description:[CloseGigEDevice] Close device begin!
Error   2026-06-02 03:27:00:339  DevID:MV-CS050-10GC(DB0498485)  Source-Line:libMvCameraControl.so(StreamGrab.cpp-L0885)  ProcessName:grabImgWithTrigger(111362)     Description:[StopGrabbing]StreamChannel[0], bGrabbing[0], pDevStream[0xaaaac3202d30]
Info    2026-06-02 03:27:00:339  DevID:MV-CS050-10GC(DB0498485)  Source-Line:libMvCameraControl.so(StreamGrab.cpp-L0273)  ProcessName:grabImgWithTrigger(111362)     Description:[Close]Stream channel[0] closed
Info    2026-06-02 03:27:00:340  DevID:MV-CS050-10GC(DB0498485)  Source-Line:libMvCameraControl.so(GigEDevice.cpp-L0777)  ProcessName:grabImgWithTrigger(111362)     Description:[CloseGigEDevice]DeviceUptime[10727]
Info    2026-06-02 03:27:00:345  DevID:MV-CS050-10GC(DB0498485)  Source-Line:libMvCameraControl.so(GigEDevice.cpp-L0803)  ProcessName:grabImgWithTrigger(111362)     Description:[CloseGigEDevice]Close device success!
Info    2026-06-02 03:27:00:345  DevID:MV-CS050-10GC(DB0498485)  Source-Line:libMvCameraControl.so(GigEDeviceEvent.cpp-L0046)  ProcessName:grabImgWithTrigger(111362)     Description:[Deinit]GigEDeviceEvent Deinit  RecvAllEvent  [0],
Info    2026-06-02 03:27:00:669  DevID:  Source-Line:libMvCameraControl.so(GigELoadLibrary.cpp-L1611)  ProcessName:grabImgWithTrigger(112817)     Description:[LoadGigEAllFunctions]Load MVGigEVisionSDK success
Error   2026-06-02 03:27:00:670  DevID:  Source-Line:libMvCameraControl.so(GenTLLoadLibraryEx.cpp-L0222)  ProcessName:grabImgWithTrigger(112817)     Description:[LoadCtiLibInter]Load CTI failed! CTI path[/opt/MVS/lib/aarch64/libMvProducerVIR.so], nRet[0x8000000c]
Error   2026-06-02 03:27:00:670  DevID:  Source-Line:libMvCameraControl.so(GenTLLoadLibraryEx.cpp-L0222)  ProcessName:grabImgWithTrigger(112817)     Description:[LoadCtiLibInter]Load CTI failed! CTI path[/opt/MVS/lib/aarch64/libMvProducerVIR.so], nRet[0x8000000c]
Info    2026-06-02 03:27:00:779  DevID:MV-CS050-10GC(DB0498485)  Source-Line:libMvCameraControl.so(GigEDevice.cpp-L0375)  ProcessName:grabImgWithTrigger(112817)     Description:[Init]GEV INFO DeviceIP[192.168.127.3], NetIP[192.168.127.110], ManufacturerInfo[Hikrobot], DeviceVersion[V4.0.43 250414 1530132], UserID[]
Info    2026-06-02 03:27:00:779  DevID:MV-CS050-10GC(DB0498485)  Source-Line:libMvCameraControl.so(MediaProcess.cpp-L0880)  ProcessName:grabImgWithTrigger(112817)     Description:[SetBayerCvtQuality]Set Bayer CvtQuality success! BayerCvtQuality[1]
Info    2026-06-02 03:27:00:779  DevID:MV-CS050-10GC(DB0498485)  Source-Line:libMvCameraControl.so(MediaProcess.cpp-L1876)  ProcessName:grabImgWithTrigger(112817)     Description:[SetBayerThreadNum]Set Bayer Thread Num success! BayerThreadNum[4]
Info    2026-06-02 03:27:00:779  DevID:MV-CS050-10GC(DB0498485)  Source-Line:libMvCameraControl.so(MediaProcess.cpp-L0880)  ProcessName:grabImgWithTrigger(112817)     Description:[SetBayerCvtQuality]Set Bayer CvtQuality success! BayerCvtQuality[1]
Info    2026-06-02 03:27:00:779  DevID:MV-CS050-10GC(DB0498485)  Source-Line:libMvCameraControl.so(MediaProcess.cpp-L1876)  ProcessName:grabImgWithTrigger(112817)     Description:[SetBayerThreadNum]Set Bayer Thread Num success! BayerThreadNum[4]
Info    2026-06-02 03:27:00:822  DevID:  Source-Line:libMvCameraControl.so(CacheXmlToFile.cpp-L0576)  ProcessName:grabImgWithTrigger(112817)     Description:[ReadCacheFile]ReadLocalFile XMLPath[SchemaVersion.1.0@Hikrobot#GEV#MV-CS050-10GC#V4.0.43 250414 1530132@XMLVersion.1.0.0.zip]
Info    2026-06-02 03:27:00:822  DevID:MV-CS050-10GC(DB0498485)  Source-Line:libMvCameraControl.so(GigEDevice.cpp-L0576)  ProcessName:grabImgWithTrigger(112817)     Description:[GetXmlInfo]Get GenICamXML From local File, len [0x197c9] Type[1]
Info    2026-06-02 03:27:01:038  DevID:MV-CS050-10GC(DB0498485)  Source-Line:libMvCameraControl.so(GigEDevice.cpp-L0922)  ProcessName:grabImgWithTrigger(112817)     Description:[OpenDevice]Load XML success
Info    2026-06-02 03:27:01:041  DevID:MV-CS050-10GC(DB0498485)  Source-Line:libMvCameraControl.so(GenICamImpl.cpp-L0802)  ProcessName:grabImgWithTrigger(112817)     Description:[InvalidateNodes]Invalidate Nodes success
Info    2026-06-02 03:27:01:041  DevID:MV-CS050-10GC(DB0498485)  Source-Line:libMvCameraControl.so(GigEDevice.cpp-L0935)  ProcessName:grabImgWithTrigger(112817)     Description:[OpenDevice]Invalidate Nodes success
Info    2026-06-02 03:27:01:043  DevID:MV-CS050-10GC(DB0498485)  Source-Line:libMvCameraControl.so(StreamGrab.cpp-L0237)  ProcessName:grabImgWithTrigger(112817)     Description:[Open]Stream channel[0] opened
Info    2026-06-02 03:27:01:045  DevID:MV-CS050-10GC(DB0498485)  Source-Line:libMvCameraControl.so(GigEDevice.cpp-L0967)  ProcessName:grabImgWithTrigger(112817)     Description:[OpenDevice]Open device success! PrivilegeMode[1], SwitchoverKey[0], DeviceUptime[10728],DeviceFirmwareVersion[V4.0.43 2504141530132 23120701]
Info    2026-06-02 03:27:01:045  DevID:MV-CS050-10GC(DB0498485)  Source-Line:libMvCameraControl.so(MediaProcess.cpp-L0880)  ProcessName:grabImgWithTrigger(112817)     Description:[SetBayerCvtQuality]Set Bayer CvtQuality success! BayerCvtQuality[1]
Info    2026-06-02 03:27:01:045  DevID:MV-CS050-10GC(DB0498485)  Source-Line:libMvCameraControl.so(MediaProcess.cpp-L1876)  ProcessName:grabImgWithTrigger(112817)     Description:[SetBayerThreadNum]Set Bayer Thread Num success! BayerThreadNum[4]
Info    2026-06-02 03:27:01:045  DevID:MV-CS050-10GC(DB0498485)  Source-Line:libMvCameraControl.so(GigEDevice.cpp-L0986)  ProcessName:grabImgWithTrigger(112817)     Description:[OpenDevice]OpenDevice, cost time 266.000000ms 
Info    2026-06-02 03:27:01:045  DevID:  Source-Line:libMvCameraControl.so(GenICamImpl.cpp-L2412)  ProcessName:grabImgWithTrigger(112817)     Description:[RecordThread]RecordThread Start, ThreadId[2591084640]
Info    2026-06-02 03:27:01:069  DevID:MV-CS050-10GC(DB0498485)  Source-Line:libMvCameraControl.so(GenICamImpl.cpp-L2443)  ProcessName:grabImgWithTrigger(112817)     Description:[RecordThreadProc][Record] Get BlackLevel value [240]
Info    2026-06-02 03:27:01:077  DevID:MV-CS050-10GC(DB0498485)  Source-Line:libMvCameraControl.so(GenICamImpl.cpp-L2465)  ProcessName:grabImgWithTrigger(112817)     Description:[RecordThreadProc][Record] Get BalanceWhiteAuto Value [1] (0:off 1:contineu; 2:once):
Info    2026-06-02 03:27:01:081  DevID:MV-CS050-10GC(DB0498485)  Source-Line:libMvCameraControl.so(GenICamImpl.cpp-L2531)  ProcessName:grabImgWithTrigger(112817)     Description:[RecordThreadProc][Record] Get ExposureAuto value [0]
Info    2026-06-02 03:27:01:094  DevID:MV-CS050-10GC(DB0498485)  Source-Line:libMvCameraControl.so(GenICamImpl.cpp-L2553)  ProcessName:grabImgWithTrigger(112817)     Description:[RecordThreadProc][Record] Get ExposureTime value [5000.000000] 
Info    2026-06-02 03:27:01:104  DevID:MV-CS050-10GC(DB0498485)  Source-Line:libMvCameraControl.so(GenICamImpl.cpp-L2574)  ProcessName:grabImgWithTrigger(112817)     Description:[RecordThreadProc][Record] Get GainAuto value [2] (0:off 1:contineu; 2:once):
Info    2026-06-02 03:27:01:125  DevID:MV-CS050-10GC(DB0498485)  Source-Line:libMvCameraControl.so(GenICamImpl.cpp-L2595)  ProcessName:grabImgWithTrigger(112817)     Description:[RecordThreadProc][Record] Get Gain value [9.872500] 
Info    2026-06-02 03:27:01:130  DevID:MV-CS050-10GC(DB0498485)  Source-Line:libMvCameraControl.so(GenICamImpl.cpp-L2616)  ProcessName:grabImgWithTrigger(112817)     Description:[RecordThreadProc][Record] Get PixelFormat value [35127316] :
Info    2026-06-02 03:27:01:130  DevID:MV-CS050-10GC(DB0498485)  Source-Line:libMvCameraControl.so(GenICamImpl.cpp-L2637)  ProcessName:grabImgWithTrigger(112817)     Description:[RecordThreadProc][Record] Get GammaEnable value [1] 
Info    2026-06-02 03:27:01:131  DevID:MV-CS050-10GC(DB0498485)  Source-Line:libMvCameraControl.so(GenICamImpl.cpp-L2658)  ProcessName:grabImgWithTrigger(112817)     Description:[RecordThreadProc][Record] Get Gamma value [0.700000] 
Info    2026-06-02 03:27:01:132  DevID:MV-CS050-10GC(DB0498485)  Source-Line:libMvCameraControl.so(GenICamImpl.cpp-L2679)  ProcessName:grabImgWithTrigger(112817)     Description:[RecordThreadProc][Record] Get UserSetCurrent value [0]
Info    2026-06-02 03:27:01:151  DevID:MV-CS050-10GC(DB0498485)  Source-Line:libMvCameraControl.so(GenICamImpl.cpp-L2700)  ProcessName:grabImgWithTrigger(112817)     Description:[RecordThreadProc][Record] Get UserSetSelector value [0] 
Info    2026-06-02 03:27:01:152  DevID:MV-CS050-10GC(DB0498485)  Source-Line:libMvCameraControl.so(GenICamImpl.cpp-L2721)  ProcessName:grabImgWithTrigger(112817)     Description:[RecordThreadProc][Record] Get UserSetDefault value[0]
Info    2026-06-02 03:27:01:152  DevID:  Source-Line:libMvCameraControl.so(GenICamImpl.cpp-L2417)  ProcessName:grabImgWithTrigger(112817)     Description:[RecordThread]RecordThread End, ThreadId[2591084640]
Error   2026-06-02 03:27:01:156  DevID:MV-CS050-10GC(DB0498485)  Source-Line:libMvCameraControl.so(GenICamImpl.cpp-L1181)  ProcessName:grabImgWithTrigger(112817)     Description:[XML_GetNodeAccessMode]PropertyName[SeqExpEnable], Ret[0x80000109]
Error   2026-06-02 03:27:01:156  DevID:MV-CS050-10GC(DB0498485)  Source-Line:libMvCameraControl.so(GenICamImpl.cpp-L1181)  ProcessName:grabImgWithTrigger(112817)     Description:[XML_GetNodeAccessMode]PropertyName[MultiLightControl], Ret[0x80000109]
Info    2026-06-02 03:27:01:159  DevID:MV-CS050-10GC(DB0498485)  Source-Line:libMvCameraControl.so(LiquidLensController.cpp-L2113)  ProcessName:grabImgWithTrigger(112817)     Description:[SetFastQuit][CLiquidLensController]SetFastQuit: Fast quit disabled
Info    2026-06-02 03:27:01:159  DevID:MV-CS050-10GC(DB0498485)  Source-Line:libMvCameraControl.so(GigEStream.cpp-L0070)  ProcessName:grabImgWithTrigger(112817)     Description:[StartAcquisition][GEV]Width[2448], Height[2048], PixelFormat[0x2180014], PayloadSize[15040512], ChunkCount[100], CompressMode[0], DeviceUptime[10728]
Info    2026-06-02 03:27:01:167  DevID:MV-CS050-10GC(DB0498485)  Source-Line:libMvCameraControl.so(StreamGrab.cpp-L0872)  ProcessName:grabImgWithTrigger(112817)     Description:[StartGrabbing]StreamChannel[0], Start grabbing success, There is no registration callback.
Warning 2026-06-02 03:27:02:177  DevID:MV-CS050-10GC(DB0498485)  Source-Line:libMvCameraControl.so(StreamGrab.cpp-L1254)  ProcessName:grabImgWithTrigger(112817)     Description:[GetOneFrameTimeout]StreamChannel[0], Get image failed! Msec[1000], Ret[0x80000007]
Warning 2026-06-02 03:27:03:177  DevID:MV-CS050-10GC(DB0498485)  Source-Line:libMvCameraControl.so(StreamGrab.cpp-L1254)  ProcessName:grabImgWithTrigger(112817)     Description:[GetOneFrameTimeout]StreamChannel[0], Get image failed! Msec[1000], Ret[0x80000007]
Warning 2026-06-02 03:27:04:177  DevID:MV-CS050-10GC(DB0498485)  Source-Line:libMvCameraControl.so(StreamGrab.cpp-L1254)  ProcessName:grabImgWithTrigger(112817)     Description:[GetOneFrameTimeout]StreamChannel[0], Get image failed! Msec[1000], Ret[0x80000007]
Warning 2026-06-02 03:27:05:177  DevID:MV-CS050-10GC(DB0498485)  Source-Line:libMvCameraControl.so(StreamGrab.cpp-L1254)  ProcessName:grabImgWithTrigger(112817)     Description:[GetOneFrameTimeout]StreamChannel[0], Get image failed! Msec[1000], Ret[0x80000007]
Warning 2026-06-02 03:27:06:177  DevID:MV-CS050-10GC(DB0498485)  Source-Line:libMvCameraControl.so(StreamGrab.cpp-L1254)  ProcessName:grabImgWithTrigger(112817)     Description:[GetOneFrameTimeout]StreamChannel[0], Get image failed! Msec[1000], Ret[0x80000007]
Warning 2026-06-02 03:27:07:177  DevID:MV-CS050-10GC(DB0498485)  Source-Line:libMvCameraControl.so(StreamGrab.cpp-L1254)  ProcessName:grabImgWithTrigger(112817)     Description:[GetOneFrameTimeout]StreamChannel[0], Get image failed! Msec[1000], Ret[0x80000007]
Warning 2026-06-02 03:27:08:177  DevID:MV-CS050-10GC(DB0498485)  Source-Line:libMvCameraControl.so(StreamGrab.cpp-L1254)  ProcessName:grabImgWithTrigger(112817)     Description:[GetOneFrameTimeout]StreamChannel[0], Get image failed! Msec[1000], Ret[0x80000007]
Warning 2026-06-02 03:27:09:178  DevID:MV-CS050-10GC(DB0498485)  Source-Line:libMvCameraControl.so(StreamGrab.cpp-L1254)  ProcessName:grabImgWithTrigger(112817)     Description:[GetOneFrameTimeout]StreamChannel[0], Get image failed! Msec[1000], Ret[0x80000007]
Warning 2026-06-02 03:27:10:178  DevID:MV-CS050-10GC(DB0498485)  Source-Line:libMvCameraControl.so(StreamGrab.cpp-L1254)  ProcessName:grabImgWithTrigger(112817)     Description:[GetOneFrameTimeout]StreamChannel[0], Get image failed! Msec[1000], Ret[0x80000007]
Info    2026-06-02 03:27:10:760  DevID:  Source-Line:libMvCameraControl.so(GigELoadLibrary.cpp-L1611)  ProcessName:grabImgWithTrigger(112939)     Description:[LoadGigEAllFunctions]Load MVGigEVisionSDK success
Error   2026-06-02 03:27:10:760  DevID:  Source-Line:libMvCameraControl.so(GenTLLoadLibraryEx.cpp-L0222)  ProcessName:grabImgWithTrigger(112939)     Description:[LoadCtiLibInter]Load CTI failed! CTI path[/opt/MVS/lib/aarch64/libMvProducerVIR.so], nRet[0x8000000c]
Error   2026-06-02 03:27:10:762  DevID:  Source-Line:libMvCameraControl.so(GenTLLoadLibraryEx.cpp-L0222)  ProcessName:grabImgWithTrigger(112939)     Description:[LoadCtiLibInter]Load CTI failed! CTI path[/opt/MVS/lib/aarch64/libMvProducerVIR.so], nRet[0x8000000c]
Info    2026-06-02 03:27:10:862  DevID:MV-CS050-10GC(DB0498485)  Source-Line:libMvCameraControl.so(GigEDevice.cpp-L0375)  ProcessName:grabImgWithTrigger(112939)     Description:[Init]GEV INFO DeviceIP[192.168.127.3], NetIP[192.168.127.110], ManufacturerInfo[Hikrobot], DeviceVersion[V4.0.43 250414 1530132], UserID[]
Info    2026-06-02 03:27:10:862  DevID:MV-CS050-10GC(DB0498485)  Source-Line:libMvCameraControl.so(MediaProcess.cpp-L0880)  ProcessName:grabImgWithTrigger(112939)     Description:[SetBayerCvtQuality]Set Bayer CvtQuality success! BayerCvtQuality[1]
Info    2026-06-02 03:27:10:862  DevID:MV-CS050-10GC(DB0498485)  Source-Line:libMvCameraControl.so(MediaProcess.cpp-L1876)  ProcessName:grabImgWithTrigger(112939)     Description:[SetBayerThreadNum]Set Bayer Thread Num success! BayerThreadNum[4]
Info    2026-06-02 03:27:10:862  DevID:MV-CS050-10GC(DB0498485)  Source-Line:libMvCameraControl.so(MediaProcess.cpp-L0880)  ProcessName:grabImgWithTrigger(112939)     Description:[SetBayerCvtQuality]Set Bayer CvtQuality success! BayerCvtQuality[1]
Info    2026-06-02 03:27:10:862  DevID:MV-CS050-10GC(DB0498485)  Source-Line:libMvCameraControl.so(MediaProcess.cpp-L1876)  ProcessName:grabImgWithTrigger(112939)     Description:[SetBayerThreadNum]Set Bayer Thread Num success! BayerThreadNum[4]
Error   2026-06-02 03:27:10:891  DevID:MV-CS050-10GC(DB0498485)  Source-Line:libMvCameraControl.so(GigEDevice.cpp-L0877)  ProcessName:grabImgWithTrigger(112939)     Description:[OpenDevice]Open device failed! PrivilegeMode[1], SwitchoverKey[0], Ret[0x80000203]
Error   2026-06-02 03:27:10:891  DevID:MV-CS050-10GC(DB0498485)  Source-Line:libMvCameraControl.so(StreamGrab.cpp-L0885)  ProcessName:grabImgWithTrigger(112939)     Description:[StopGrabbing]StreamChannel[0], bGrabbing[0], pDevStream[0xaaaaf8394b20]
Error   2026-06-02 03:27:11:218  DevID:  Source-Line:libMvCameraControl.so(GenTLLoadLibraryEx.cpp-L0222)  ProcessName:grabImgWithTrigger(112965)     Description:[LoadCtiLibInter]Load CTI failed! CTI path[/opt/MVS/lib/aarch64/libMvProducerVIR.so], nRet[0x8000000c]
Info    2026-06-02 03:27:11:218  DevID:  Source-Line:libMvCameraControl.so(GigELoadLibrary.cpp-L1611)  ProcessName:grabImgWithTrigger(112965)     Description:[LoadGigEAllFunctions]Load MVGigEVisionSDK success
Error   2026-06-02 03:27:11:219  DevID:  Source-Line:libMvCameraControl.so(GenTLLoadLibraryEx.cpp-L0222)  ProcessName:grabImgWithTrigger(112965)     Description:[LoadCtiLibInter]Load CTI failed! CTI path[/opt/MVS/lib/aarch64/libMvProducerVIR.so], nRet[0x8000000c]
Info    2026-06-02 03:27:11:320  DevID:MV-CS050-10GC(DB0498485)  Source-Line:libMvCameraControl.so(GigEDevice.cpp-L0375)  ProcessName:grabImgWithTrigger(112965)     Description:[Init]GEV INFO DeviceIP[192.168.127.3], NetIP[192.168.127.110], ManufacturerInfo[Hikrobot], DeviceVersion[V4.0.43 250414 1530132], UserID[]
Info    2026-06-02 03:27:11:320  DevID:MV-CS050-10GC(DB0498485)  Source-Line:libMvCameraControl.so(MediaProcess.cpp-L0880)  ProcessName:grabImgWithTrigger(112965)     Description:[SetBayerCvtQuality]Set Bayer CvtQuality success! BayerCvtQuality[1]
Info    2026-06-02 03:27:11:320  DevID:MV-CS050-10GC(DB0498485)  Source-Line:libMvCameraControl.so(MediaProcess.cpp-L1876)  ProcessName:grabImgWithTrigger(112965)     Description:[SetBayerThreadNum]Set Bayer Thread Num success! BayerThreadNum[4]
Info    2026-06-02 03:27:11:320  DevID:MV-CS050-10GC(DB0498485)  Source-Line:libMvCameraControl.so(MediaProcess.cpp-L0880)  ProcessName:grabImgWithTrigger(112965)     Description:[SetBayerCvtQuality]Set Bayer CvtQuality success! BayerCvtQuality[1]
Info    2026-06-02 03:27:11:320  DevID:MV-CS050-10GC(DB0498485)  Source-Line:libMvCameraControl.so(MediaProcess.cpp-L1876)  ProcessName:grabImgWithTrigger(112965)     Description:[SetBayerThreadNum]Set Bayer Thread Num success! BayerThreadNum[4]
Error   2026-06-02 03:27:11:346  DevID:MV-CS050-10GC(DB0498485)  Source-Line:libMvCameraControl.so(GigEDevice.cpp-L0877)  ProcessName:grabImgWithTrigger(112965)     Description:[OpenDevice]Open device failed! PrivilegeMode[1], SwitchoverKey[0], Ret[0x80000203]
Error   2026-06-02 03:27:11:347  DevID:MV-CS050-10GC(DB0498485)  Source-Line:libMvCameraControl.so(StreamGrab.cpp-L0885)  ProcessName:grabImgWithTrigger(112965)     Description:[StopGrabbing]StreamChannel[0], bGrabbing[0], pDevStream[0xaaaaf8a54b20]
Error   2026-06-02 03:27:11:674  DevID:  Source-Line:libMvCameraControl.so(GenTLLoadLibraryEx.cpp-L0222)  ProcessName:grabImgWithTrigger(112991)     Description:[LoadCtiLibInter]Load CTI failed! CTI path[/opt/MVS/lib/aarch64/libMvProducerVIR.so], nRet[0x8000000c]
Error   2026-06-02 03:27:11:675  DevID:  Source-Line:libMvCameraControl.so(GenTLLoadLibraryEx.cpp-L0222)  ProcessName:grabImgWithTrigger(112991)     Description:[LoadCtiLibInter]Load CTI failed! CTI path[/opt/MVS/lib/aarch64/libMvProducerVIR.so], nRet[0x8000000c]
Info    2026-06-02 03:27:11:675  DevID:  Source-Line:libMvCameraControl.so(GigELoadLibrary.cpp-L1611)  ProcessName:grabImgWithTrigger(112991)     Description:[LoadGigEAllFunctions]Load MVGigEVisionSDK success
Info    2026-06-02 03:27:11:777  DevID:MV-CS050-10GC(DB0498485)  Source-Line:libMvCameraControl.so(GigEDevice.cpp-L0375)  ProcessName:grabImgWithTrigger(112991)     Description:[Init]GEV INFO DeviceIP[192.168.127.3], NetIP[192.168.127.110], ManufacturerInfo[Hikrobot], DeviceVersion[V4.0.43 250414 1530132], UserID[]
Info    2026-06-02 03:27:11:777  DevID:MV-CS050-10GC(DB0498485)  Source-Line:libMvCameraControl.so(MediaProcess.cpp-L0880)  ProcessName:grabImgWithTrigger(112991)     Description:[SetBayerCvtQuality]Set Bayer CvtQuality success! BayerCvtQuality[1]
Info    2026-06-02 03:27:11:777  DevID:MV-CS050-10GC(DB0498485)  Source-Line:libMvCameraControl.so(MediaProcess.cpp-L1876)  ProcessName:grabImgWithTrigger(112991)     Description:[SetBayerThreadNum]Set Bayer Thread Num success! BayerThreadNum[4]
Info    2026-06-02 03:27:11:777  DevID:MV-CS050-10GC(DB0498485)  Source-Line:libMvCameraControl.so(MediaProcess.cpp-L0880)  ProcessName:grabImgWithTrigger(112991)     Description:[SetBayerCvtQuality]Set Bayer CvtQuality success! BayerCvtQuality[1]
Info    2026-06-02 03:27:11:777  DevID:MV-CS050-10GC(DB0498485)  Source-Line:libMvCameraControl.so(MediaProcess.cpp-L1876)  ProcessName:grabImgWithTrigger(112991)     Description:[SetBayerThreadNum]Set Bayer Thread Num success! BayerThreadNum[4]
Error   2026-06-02 03:27:11:802  DevID:MV-CS050-10GC(DB0498485)  Source-Line:libMvCameraControl.so(GigEDevice.cpp-L0877)  ProcessName:grabImgWithTrigger(112991)     Description:[OpenDevice]Open device failed! PrivilegeMode[1], SwitchoverKey[0], Ret[0x80000203]
Error   2026-06-02 03:27:11:802  DevID:MV-CS050-10GC(DB0498485)  Source-Line:libMvCameraControl.so(StreamGrab.cpp-L0885)  ProcessName:grabImgWithTrigger(112991)     Description:[StopGrabbing]StreamChannel[0], bGrabbing[0], pDevStream[0xaaaaad6f2d30]
Error   2026-06-02 03:27:12:131  DevID:  Source-Line:libMvCameraControl.so(GenTLLoadLibraryEx.cpp-L0222)  ProcessName:grabImgWithTrigger(113020)     Description:[LoadCtiLibInter]Load CTI failed! CTI path[/opt/MVS/lib/aarch64/libMvProducerVIR.so], nRet[0x8000000c]
Info    2026-06-02 03:27:12:132  DevID:  Source-Line:libMvCameraControl.so(GigELoadLibrary.cpp-L1611)  ProcessName:grabImgWithTrigger(113020)     Description:[LoadGigEAllFunctions]Load MVGigEVisionSDK success
Error   2026-06-02 03:27:12:158  DevID:  Source-Line:libMvCameraControl.so(GenTLLoadLibraryEx.cpp-L0222)  ProcessName:grabImgWithTrigger(113020)     Description:[LoadCtiLibInter]Load CTI failed! CTI path[/opt/MVS/lib/aarch64/libMvProducerVIR.so], nRet[0x8000000c]
Info    2026-06-02 03:27:12:234  DevID:MV-CS050-10GC(DB0498485)  Source-Line:libMvCameraControl.so(GigEDevice.cpp-L0375)  ProcessName:grabImgWithTrigger(113020)     Description:[Init]GEV INFO DeviceIP[192.168.127.3], NetIP[192.168.127.110], ManufacturerInfo[Hikrobot], DeviceVersion[V4.0.43 250414 1530132], UserID[]
Info    2026-06-02 03:27:12:234  DevID:MV-CS050-10GC(DB0498485)  Source-Line:libMvCameraControl.so(MediaProcess.cpp-L0880)  ProcessName:grabImgWithTrigger(113020)     Description:[SetBayerCvtQuality]Set Bayer CvtQuality success! BayerCvtQuality[1]
Info    2026-06-02 03:27:12:234  DevID:MV-CS050-10GC(DB0498485)  Source-Line:libMvCameraControl.so(MediaProcess.cpp-L1876)  ProcessName:grabImgWithTrigger(113020)     Description:[SetBayerThreadNum]Set Bayer Thread Num success! BayerThreadNum[4]
Info    2026-06-02 03:27:12:234  DevID:MV-CS050-10GC(DB0498485)  Source-Line:libMvCameraControl.so(MediaProcess.cpp-L0880)  ProcessName:grabImgWithTrigger(113020)     Description:[SetBayerCvtQuality]Set Bayer CvtQuality success! BayerCvtQuality[1]
Info    2026-06-02 03:27:12:234  DevID:MV-CS050-10GC(DB0498485)  Source-Line:libMvCameraControl.so(MediaProcess.cpp-L1876)  ProcessName:grabImgWithTrigger(113020)     Description:[SetBayerThreadNum]Set Bayer Thread Num success! BayerThreadNum[4]
Error   2026-06-02 03:27:12:259  DevID:MV-CS050-10GC(DB0498485)  Source-Line:libMvCameraControl.so(GigEDevice.cpp-L0877)  ProcessName:grabImgWithTrigger(113020)     Description:[OpenDevice]Open device failed! PrivilegeMode[1], SwitchoverKey[0], Ret[0x80000203]
Error   2026-06-02 03:27:12:259  DevID:MV-CS050-10GC(DB0498485)  Source-Line:libMvCameraControl.so(StreamGrab.cpp-L0885)  ProcessName:grabImgWithTrigger(113020)     Description:[StopGrabbing]StreamChannel[0], bGrabbing[0], pDevStream[0xaaaab83a4b20]
Error   2026-06-02 03:27:12:584  DevID:  Source-Line:libMvCameraControl.so(GenTLLoadLibraryEx.cpp-L0222)  ProcessName:grabImgWithTrigger(113046)     Description:[LoadCtiLibInter]Load CTI failed! CTI path[/opt/MVS/lib/aarch64/libMvProducerVIR.so], nRet[0x8000000c]
Info    2026-06-02 03:27:12:584  DevID:  Source-Line:libMvCameraControl.so(GigELoadLibrary.cpp-L1611)  ProcessName:grabImgWithTrigger(113046)     Description:[LoadGigEAllFunctions]Load MVGigEVisionSDK success
Error   2026-06-02 03:27:12:585  DevID:  Source-Line:libMvCameraControl.so(GenTLLoadLibraryEx.cpp-L0222)  ProcessName:grabImgWithTrigger(113046)     Description:[LoadCtiLibInter]Load CTI failed! CTI path[/opt/MVS/lib/aarch64/libMvProducerVIR.so], nRet[0x8000000c]
Info    2026-06-02 03:27:12:687  DevID:MV-CS050-10GC(DB0498485)  Source-Line:libMvCameraControl.so(GigEDevice.cpp-L0375)  ProcessName:grabImgWithTrigger(113046)     Description:[Init]GEV INFO DeviceIP[192.168.127.3], NetIP[192.168.127.110], ManufacturerInfo[Hikrobot], DeviceVersion[V4.0.43 250414 1530132], UserID[]
Info    2026-06-02 03:27:12:687  DevID:MV-CS050-10GC(DB0498485)  Source-Line:libMvCameraControl.so(MediaProcess.cpp-L0880)  ProcessName:grabImgWithTrigger(113046)     Description:[SetBayerCvtQuality]Set Bayer CvtQuality success! BayerCvtQuality[1]
Info    2026-06-02 03:27:12:687  DevID:MV-CS050-10GC(DB0498485)  Source-Line:libMvCameraControl.so(MediaProcess.cpp-L1876)  ProcessName:grabImgWithTrigger(113046)     Description:[SetBayerThreadNum]Set Bayer Thread Num success! BayerThreadNum[4]
Info    2026-06-02 03:27:12:687  DevID:MV-CS050-10GC(DB0498485)  Source-Line:libMvCameraControl.so(MediaProcess.cpp-L0880)  ProcessName:grabImgWithTrigger(113046)     Description:[SetBayerCvtQuality]Set Bayer CvtQuality success! BayerCvtQuality[1]
Info    2026-06-02 03:27:12:687  DevID:MV-CS050-10GC(DB0498485)  Source-Line:libMvCameraControl.so(MediaProcess.cpp-L1876)  ProcessName:grabImgWithTrigger(113046)     Description:[SetBayerThreadNum]Set Bayer Thread Num success! BayerThreadNum[4]
Error   2026-06-02 03:27:12:713  DevID:MV-CS050-10GC(DB0498485)  Source-Line:libMvCameraControl.so(GigEDevice.cpp-L0877)  ProcessName:grabImgWithTrigger(113046)     Description:[OpenDevice]Open device failed! PrivilegeMode[1], SwitchoverKey[0], Ret[0x80000203]
Error   2026-06-02 03:27:12:713  DevID:MV-CS050-10GC(DB0498485)  Source-Line:libMvCameraControl.so(StreamGrab.cpp-L0885)  ProcessName:grabImgWithTrigger(113046)     Description:[StopGrabbing]StreamChannel[0], bGrabbing[0], pDevStream[0xaaab076b4d80]
Error   2026-06-02 03:27:13:048  DevID:  Source-Line:libMvCameraControl.so(GenTLLoadLibraryEx.cpp-L0222)  ProcessName:grabImgWithTrigger(113072)     Description:[LoadCtiLibInter]Load CTI failed! CTI path[/opt/MVS/lib/aarch64/libMvProducerVIR.so], nRet[0x8000000c]
Info    2026-06-02 03:27:13:051  DevID:  Source-Line:libMvCameraControl.so(GigELoadLibrary.cpp-L1611)  ProcessName:grabImgWithTrigger(113072)     Description:[LoadGigEAllFunctions]Load MVGigEVisionSDK success
Error   2026-06-02 03:27:13:078  DevID:  Source-Line:libMvCameraControl.so(GenTLLoadLibraryEx.cpp-L0222)  ProcessName:grabImgWithTrigger(113072)     Description:[LoadCtiLibInter]Load CTI failed! CTI path[/opt/MVS/lib/aarch64/libMvProducerVIR.so], nRet[0x8000000c]
Info    2026-06-02 03:27:13:153  DevID:MV-CS050-10GC(DB0498485)  Source-Line:libMvCameraControl.so(GigEDevice.cpp-L0375)  ProcessName:grabImgWithTrigger(113072)     Description:[Init]GEV INFO DeviceIP[192.168.127.3], NetIP[192.168.127.110], ManufacturerInfo[Hikrobot], DeviceVersion[V4.0.43 250414 1530132], UserID[]
Info    2026-06-02 03:27:13:154  DevID:MV-CS050-10GC(DB0498485)  Source-Line:libMvCameraControl.so(MediaProcess.cpp-L0880)  ProcessName:grabImgWithTrigger(113072)     Description:[SetBayerCvtQuality]Set Bayer CvtQuality success! BayerCvtQuality[1]
Info    2026-06-02 03:27:13:158  DevID:MV-CS050-10GC(DB0498485)  Source-Line:libMvCameraControl.so(MediaProcess.cpp-L1876)  ProcessName:grabImgWithTrigger(113072)     Description:[SetBayerThreadNum]Set Bayer Thread Num success! BayerThreadNum[4]
Info    2026-06-02 03:27:13:158  DevID:MV-CS050-10GC(DB0498485)  Source-Line:libMvCameraControl.so(MediaProcess.cpp-L0880)  ProcessName:grabImgWithTrigger(113072)     Description:[SetBayerCvtQuality]Set Bayer CvtQuality success! BayerCvtQuality[1]
Info    2026-06-02 03:27:13:158  DevID:MV-CS050-10GC(DB0498485)  Source-Line:libMvCameraControl.so(MediaProcess.cpp-L1876)  ProcessName:grabImgWithTrigger(113072)     Description:[SetBayerThreadNum]Set Bayer Thread Num success! BayerThreadNum[4]
Info    2026-06-02 03:27:13:205  DevID:  Source-Line:libMvCameraControl.so(CacheXmlToFile.cpp-L0576)  ProcessName:grabImgWithTrigger(113072)     Description:[ReadCacheFile]ReadLocalFile XMLPath[SchemaVersion.1.0@Hikrobot#GEV#MV-CS050-10GC#V4.0.43 250414 1530132@XMLVersion.1.0.0.zip]
Info    2026-06-02 03:27:13:205  DevID:MV-CS050-10GC(DB0498485)  Source-Line:libMvCameraControl.so(GigEDevice.cpp-L0576)  ProcessName:grabImgWithTrigger(113072)     Description:[GetXmlInfo]Get GenICamXML From local File, len [0x197c9] Type[1]
Info    2026-06-02 03:27:13:420  DevID:MV-CS050-10GC(DB0498485)  Source-Line:libMvCameraControl.so(GigEDevice.cpp-L0922)  ProcessName:grabImgWithTrigger(113072)     Description:[OpenDevice]Load XML success
Info    2026-06-02 03:27:13:423  DevID:MV-CS050-10GC(DB0498485)  Source-Line:libMvCameraControl.so(GenICamImpl.cpp-L0802)  ProcessName:grabImgWithTrigger(113072)     Description:[InvalidateNodes]Invalidate Nodes success
Info    2026-06-02 03:27:13:423  DevID:MV-CS050-10GC(DB0498485)  Source-Line:libMvCameraControl.so(GigEDevice.cpp-L0935)  ProcessName:grabImgWithTrigger(113072)     Description:[OpenDevice]Invalidate Nodes success
Info    2026-06-02 03:27:13:426  DevID:MV-CS050-10GC(DB0498485)  Source-Line:libMvCameraControl.so(StreamGrab.cpp-L0237)  ProcessName:grabImgWithTrigger(113072)     Description:[Open]Stream channel[0] opened
Info    2026-06-02 03:27:13:429  DevID:MV-CS050-10GC(DB0498485)  Source-Line:libMvCameraControl.so(GigEDevice.cpp-L0967)  ProcessName:grabImgWithTrigger(113072)     Description:[OpenDevice]Open device success! PrivilegeMode[1], SwitchoverKey[0], DeviceUptime[10740],DeviceFirmwareVersion[V4.0.43 2504141530132 23120701]
Info    2026-06-02 03:27:13:429  DevID:MV-CS050-10GC(DB0498485)  Source-Line:libMvCameraControl.so(MediaProcess.cpp-L0880)  ProcessName:grabImgWithTrigger(113072)     Description:[SetBayerCvtQuality]Set Bayer CvtQuality success! BayerCvtQuality[1]
Info    2026-06-02 03:27:13:429  DevID:MV-CS050-10GC(DB0498485)  Source-Line:libMvCameraControl.so(MediaProcess.cpp-L1876)  ProcessName:grabImgWithTrigger(113072)     Description:[SetBayerThreadNum]Set Bayer Thread Num success! BayerThreadNum[4]
Info    2026-06-02 03:27:13:429  DevID:MV-CS050-10GC(DB0498485)  Source-Line:libMvCameraControl.so(GigEDevice.cpp-L0986)  ProcessName:grabImgWithTrigger(113072)     Description:[OpenDevice]OpenDevice, cost time 271.000000ms 
Info    2026-06-02 03:27:13:429  DevID:  Source-Line:libMvCameraControl.so(GenICamImpl.cpp-L2412)  ProcessName:grabImgWithTrigger(113072)     Description:[RecordThread]RecordThread Start, ThreadId[1669255264]
Info    2026-06-02 03:27:13:457  DevID:MV-CS050-10GC(DB0498485)  Source-Line:libMvCameraControl.so(GenICamImpl.cpp-L2443)  ProcessName:grabImgWithTrigger(113072)     Description:[RecordThreadProc][Record] Get BlackLevel value [240]
Info    2026-06-02 03:27:13:465  DevID:MV-CS050-10GC(DB0498485)  Source-Line:libMvCameraControl.so(GenICamImpl.cpp-L2465)  ProcessName:grabImgWithTrigger(113072)     Description:[RecordThreadProc][Record] Get BalanceWhiteAuto Value [1] (0:off 1:contineu; 2:once):
Info    2026-06-02 03:27:13:470  DevID:MV-CS050-10GC(DB0498485)  Source-Line:libMvCameraControl.so(GenICamImpl.cpp-L2531)  ProcessName:grabImgWithTrigger(113072)     Description:[RecordThreadProc][Record] Get ExposureAuto value [0]
Info    2026-06-02 03:27:13:482  DevID:MV-CS050-10GC(DB0498485)  Source-Line:libMvCameraControl.so(GenICamImpl.cpp-L2553)  ProcessName:grabImgWithTrigger(113072)     Description:[RecordThreadProc][Record] Get ExposureTime value [5000.000000] 
Info    2026-06-02 03:27:13:492  DevID:MV-CS050-10GC(DB0498485)  Source-Line:libMvCameraControl.so(GenICamImpl.cpp-L2574)  ProcessName:grabImgWithTrigger(113072)     Description:[RecordThreadProc][Record] Get GainAuto value [2] (0:off 1:contineu; 2:once):
Info    2026-06-02 03:27:13:507  DevID:MV-CS050-10GC(DB0498485)  Source-Line:libMvCameraControl.so(GenICamImpl.cpp-L2595)  ProcessName:grabImgWithTrigger(113072)     Description:[RecordThreadProc][Record] Get Gain value [13.821500] 
Info    2026-06-02 03:27:13:513  DevID:MV-CS050-10GC(DB0498485)  Source-Line:libMvCameraControl.so(GenICamImpl.cpp-L2616)  ProcessName:grabImgWithTrigger(113072)     Description:[RecordThreadProc][Record] Get PixelFormat value [35127316] :
Error   2026-06-02 03:27:13:537  DevID:MV-CS050-10GC(DB0498485)  Source-Line:libMvCameraControl.so(GenICamImpl.cpp-L1181)  ProcessName:grabImgWithTrigger(113072)     Description:[XML_GetNodeAccessMode]PropertyName[SeqExpEnable], Ret[0x80000109]
Error   2026-06-02 03:27:13:537  DevID:MV-CS050-10GC(DB0498485)  Source-Line:libMvCameraControl.so(GenICamImpl.cpp-L1181)  ProcessName:grabImgWithTrigger(113072)     Description:[XML_GetNodeAccessMode]PropertyName[MultiLightControl], Ret[0x80000109]
Info    2026-06-02 03:27:13:539  DevID:MV-CS050-10GC(DB0498485)  Source-Line:libMvCameraControl.so(GenICamImpl.cpp-L2637)  ProcessName:grabImgWithTrigger(113072)     Description:[RecordThreadProc][Record] Get GammaEnable value [1] 
Info    2026-06-02 03:27:13:540  DevID:MV-CS050-10GC(DB0498485)  Source-Line:libMvCameraControl.so(GenICamImpl.cpp-L2658)  ProcessName:grabImgWithTrigger(113072)     Description:[RecordThreadProc][Record] Get Gamma value [0.700000] 
Info    2026-06-02 03:27:13:544  DevID:MV-CS050-10GC(DB0498485)  Source-Line:libMvCameraControl.so(LiquidLensController.cpp-L2113)  ProcessName:grabImgWithTrigger(113072)     Description:[SetFastQuit][CLiquidLensController]SetFastQuit: Fast quit disabled
Info    2026-06-02 03:27:13:544  DevID:MV-CS050-10GC(DB0498485)  Source-Line:libMvCameraControl.so(GigEStream.cpp-L0070)  ProcessName:grabImgWithTrigger(113072)     Description:[StartAcquisition][GEV]Width[2448], Height[2048], PixelFormat[0x2180014], PayloadSize[15040512], ChunkCount[100], CompressMode[0], DeviceUptime[10740]
Info    2026-06-02 03:27:13:545  DevID:MV-CS050-10GC(DB0498485)  Source-Line:libMvCameraControl.so(GenICamImpl.cpp-L2679)  ProcessName:grabImgWithTrigger(113072)     Description:[RecordThreadProc][Record] Get UserSetCurrent value [0]
Info    2026-06-02 03:27:13:552  DevID:MV-CS050-10GC(DB0498485)  Source-Line:libMvCameraControl.so(GenICamImpl.cpp-L2700)  ProcessName:grabImgWithTrigger(113072)     Description:[RecordThreadProc][Record] Get UserSetSelector value [0] 
Info    2026-06-02 03:27:13:554  DevID:MV-CS050-10GC(DB0498485)  Source-Line:libMvCameraControl.so(StreamGrab.cpp-L0872)  ProcessName:grabImgWithTrigger(113072)     Description:[StartGrabbing]StreamChannel[0], Start grabbing success, There is no registration callback.
Info    2026-06-02 03:27:13:555  DevID:MV-CS050-10GC(DB0498485)  Source-Line:libMvCameraControl.so(GenICamImpl.cpp-L2721)  ProcessName:grabImgWithTrigger(113072)     Description:[RecordThreadProc][Record] Get UserSetDefault value[0]
Info    2026-06-02 03:27:13:556  DevID:  Source-Line:libMvCameraControl.so(GenICamImpl.cpp-L2417)  ProcessName:grabImgWithTrigger(113072)     Description:[RecordThread]RecordThread End, ThreadId[1669255264]
Warning 2026-06-02 03:27:14:566  DevID:MV-CS050-10GC(DB0498485)  Source-Line:libMvCameraControl.so(StreamGrab.cpp-L1254)  ProcessName:grabImgWithTrigger(113072)     Description:[GetOneFrameTimeout]StreamChannel[0], Get image failed! Msec[1000], Ret[0x80000007]
Warning 2026-06-02 03:27:15:566  DevID:MV-CS050-10GC(DB0498485)  Source-Line:libMvCameraControl.so(StreamGrab.cpp-L1254)  ProcessName:grabImgWithTrigger(113072)     Description:[GetOneFrameTimeout]StreamChannel[0], Get image failed! Msec[1000], Ret[0x80000007]
Warning 2026-06-02 03:27:16:566  DevID:MV-CS050-10GC(DB0498485)  Source-Line:libMvCameraControl.so(StreamGrab.cpp-L1254)  ProcessName:grabImgWithTrigger(113072)     Description:[GetOneFrameTimeout]StreamChannel[0], Get image failed! Msec[1000], Ret[0x80000007]
Warning 2026-06-02 03:27:17:566  DevID:MV-CS050-10GC(DB0498485)  Source-Line:libMvCameraControl.so(StreamGrab.cpp-L1254)  ProcessName:grabImgWithTrigger(113072)     Description:[GetOneFrameTimeout]StreamChannel[0], Get image failed! Msec[1000], Ret[0x80000007]
Warning 2026-06-02 03:27:18:566  DevID:MV-CS050-10GC(DB0498485)  Source-Line:libMvCameraControl.so(StreamGrab.cpp-L1254)  ProcessName:grabImgWithTrigger(113072)     Description:[GetOneFrameTimeout]StreamChannel[0], Get image failed! Msec[1000], Ret[0x80000007]
Warning 2026-06-02 03:27:19:567  DevID:MV-CS050-10GC(DB0498485)  Source-Line:libMvCameraControl.so(StreamGrab.cpp-L1254)  ProcessName:grabImgWithTrigger(113072)     Description:[GetOneFrameTimeout]StreamChannel[0], Get image failed! Msec[1000], Ret[0x80000007]
Warning 2026-06-02 03:27:20:567  DevID:MV-CS050-10GC(DB0498485)  Source-Line:libMvCameraControl.so(StreamGrab.cpp-L1254)  ProcessName:grabImgWithTrigger(113072)     Description:[GetOneFrameTimeout]StreamChannel[0], Get image failed! Msec[1000], Ret[0x80000007]
Warning 2026-06-02 03:27:21:567  DevID:MV-CS050-10GC(DB0498485)  Source-Line:libMvCameraControl.so(StreamGrab.cpp-L1254)  ProcessName:grabImgWithTrigger(113072)     Description:[GetOneFrameTimeout]StreamChannel[0], Get image failed! Msec[1000], Ret[0x80000007]
Warning 2026-06-02 03:27:22:567  DevID:MV-CS050-10GC(DB0498485)  Source-Line:libMvCameraControl.so(StreamGrab.cpp-L1254)  ProcessName:grabImgWithTrigger(113072)     Description:[GetOneFrameTimeout]StreamChannel[0], Get image failed! Msec[1000], Ret[0x80000007]
Warning 2026-06-02 03:27:23:567  DevID:MV-CS050-10GC(DB0498485)  Source-Line:libMvCameraControl.so(StreamGrab.cpp-L1254)  ProcessName:grabImgWithTrigger(113072)     Description:[GetOneFrameTimeout]StreamChannel[0], Get image failed! Msec[1000], Ret[0x80000007]
Warning 2026-06-02 03:27:24:567  DevID:MV-CS050-10GC(DB0498485)  Source-Line:libMvCameraControl.so(StreamGrab.cpp-L1254)  ProcessName:grabImgWithTrigger(113072)     Description:[GetOneFrameTimeout]StreamChannel[0], Get image failed! Msec[1000], Ret[0x80000007]
Warning 2026-06-02 03:27:25:567  DevID:MV-CS050-10GC(DB0498485)  Source-Line:libMvCameraControl.so(StreamGrab.cpp-L1254)  ProcessName:grabImgWithTrigger(113072)     Description:[GetOneFrameTimeout]StreamChannel[0], Get image failed! Msec[1000], Ret[0x80000007]
Warning 2026-06-02 03:27:26:567  DevID:MV-CS050-10GC(DB0498485)  Source-Line:libMvCameraControl.so(StreamGrab.cpp-L1254)  ProcessName:grabImgWithTrigger(113072)     Description:[GetOneFrameTimeout]StreamChannel[0], Get image failed! Msec[1000], Ret[0x80000007]
Warning 2026-06-02 03:27:27:568  DevID:MV-CS050-10GC(DB0498485)  Source-Line:libMvCameraControl.so(StreamGrab.cpp-L1254)  ProcessName:grabImgWithTrigger(113072)     Description:[GetOneFrameTimeout]StreamChannel[0], Get image failed! Msec[1000], Ret[0x80000007]
Info    2026-06-02 03:27:27:568  DevID:MV-CS050-10GC(DB0498485)  Source-Line:libMvCameraControl.so(LiquidLensController.cpp-L2109)  ProcessName:grabImgWithTrigger(113072)     Description:[SetFastQuit][CLiquidLensController]SetFastQuit: Fast quit enabled
Info    2026-06-02 03:27:27:580  DevID:MV-CS050-10GC(DB0498485)  Source-Line:libMvCameraControl.so(StreamGrab.cpp-L0937)  ProcessName:grabImgWithTrigger(113072)     Description:[StopGrabbing]Stop grabbing success! DeviceUptime[10754]
Info    2026-06-02 03:27:27:580  DevID:MV-CS050-10GC(DB0498485)  Source-Line:libMvCameraControl.so(GigEDevice.cpp-L0760)  ProcessName:grabImgWithTrigger(113072)     Description:[CloseGigEDevice] Close device begin!
Error   2026-06-02 03:27:27:580  DevID:MV-CS050-10GC(DB0498485)  Source-Line:libMvCameraControl.so(StreamGrab.cpp-L0885)  ProcessName:grabImgWithTrigger(113072)     Description:[StopGrabbing]StreamChannel[0], bGrabbing[0], pDevStream[0xaaaab70e4d80]
Info    2026-06-02 03:27:27:580  DevID:MV-CS050-10GC(DB0498485)  Source-Line:libMvCameraControl.so(StreamGrab.cpp-L0273)  ProcessName:grabImgWithTrigger(113072)     Description:[Close]Stream channel[0] closed
Info    2026-06-02 03:27:27:581  DevID:MV-CS050-10GC(DB0498485)  Source-Line:libMvCameraControl.so(GigEDevice.cpp-L0777)  ProcessName:grabImgWithTrigger(113072)     Description:[CloseGigEDevice]DeviceUptime[10754]
Info    2026-06-02 03:27:27:587  DevID:MV-CS050-10GC(DB0498485)  Source-Line:libMvCameraControl.so(GigEDevice.cpp-L0803)  ProcessName:grabImgWithTrigger(113072)     Description:[CloseGigEDevice]Close device success!
Info    2026-06-02 03:27:27:587  DevID:MV-CS050-10GC(DB0498485)  Source-Line:libMvCameraControl.so(GigEDeviceEvent.cpp-L0046)  ProcessName:grabImgWithTrigger(113072)     Description:[Deinit]GigEDeviceEvent Deinit  RecvAllEvent  [0],
Error   2026-06-02 03:27:38:928  DevID:  Source-Line:libMvCameraControl.so(GenTLLoadLibraryEx.cpp-L0222)  ProcessName:grabImgWithTrigger(113329)     Description:[LoadCtiLibInter]Load CTI failed! CTI path[/opt/MVS/lib/aarch64/libMvProducerVIR.so], nRet[0x8000000c]
Info    2026-06-02 03:27:38:928  DevID:  Source-Line:libMvCameraControl.so(GigELoadLibrary.cpp-L1611)  ProcessName:grabImgWithTrigger(113329)     Description:[LoadGigEAllFunctions]Load MVGigEVisionSDK success
Error   2026-06-02 03:27:38:929  DevID:  Source-Line:libMvCameraControl.so(GenTLLoadLibraryEx.cpp-L0222)  ProcessName:grabImgWithTrigger(113329)     Description:[LoadCtiLibInter]Load CTI failed! CTI path[/opt/MVS/lib/aarch64/libMvProducerVIR.so], nRet[0x8000000c]
Info    2026-06-02 03:27:39:030  DevID:MV-CS050-10GC(DB0498485)  Source-Line:libMvCameraControl.so(GigEDevice.cpp-L0375)  ProcessName:grabImgWithTrigger(113329)     Description:[Init]GEV INFO DeviceIP[192.168.127.3], NetIP[192.168.127.110], ManufacturerInfo[Hikrobot], DeviceVersion[V4.0.43 250414 1530132], UserID[]
Info    2026-06-02 03:27:39:030  DevID:MV-CS050-10GC(DB0498485)  Source-Line:libMvCameraControl.so(MediaProcess.cpp-L0880)  ProcessName:grabImgWithTrigger(113329)     Description:[SetBayerCvtQuality]Set Bayer CvtQuality success! BayerCvtQuality[1]
Info    2026-06-02 03:27:39:030  DevID:MV-CS050-10GC(DB0498485)  Source-Line:libMvCameraControl.so(MediaProcess.cpp-L1876)  ProcessName:grabImgWithTrigger(113329)     Description:[SetBayerThreadNum]Set Bayer Thread Num success! BayerThreadNum[4]
Info    2026-06-02 03:27:39:030  DevID:MV-CS050-10GC(DB0498485)  Source-Line:libMvCameraControl.so(MediaProcess.cpp-L0880)  ProcessName:grabImgWithTrigger(113329)     Description:[SetBayerCvtQuality]Set Bayer CvtQuality success! BayerCvtQuality[1]
Info    2026-06-02 03:27:39:030  DevID:MV-CS050-10GC(DB0498485)  Source-Line:libMvCameraControl.so(MediaProcess.cpp-L1876)  ProcessName:grabImgWithTrigger(113329)     Description:[SetBayerThreadNum]Set Bayer Thread Num success! BayerThreadNum[4]
Info    2026-06-02 03:27:39:072  DevID:  Source-Line:libMvCameraControl.so(CacheXmlToFile.cpp-L0576)  ProcessName:grabImgWithTrigger(113329)     Description:[ReadCacheFile]ReadLocalFile XMLPath[SchemaVersion.1.0@Hikrobot#GEV#MV-CS050-10GC#V4.0.43 250414 1530132@XMLVersion.1.0.0.zip]
Info    2026-06-02 03:27:39:072  DevID:MV-CS050-10GC(DB0498485)  Source-Line:libMvCameraControl.so(GigEDevice.cpp-L0576)  ProcessName:grabImgWithTrigger(113329)     Description:[GetXmlInfo]Get GenICamXML From local File, len [0x197c9] Type[1]
Info    2026-06-02 03:27:39:297  DevID:MV-CS050-10GC(DB0498485)  Source-Line:libMvCameraControl.so(GigEDevice.cpp-L0922)  ProcessName:grabImgWithTrigger(113329)     Description:[OpenDevice]Load XML success
Info    2026-06-02 03:27:39:301  DevID:MV-CS050-10GC(DB0498485)  Source-Line:libMvCameraControl.so(GenICamImpl.cpp-L0802)  ProcessName:grabImgWithTrigger(113329)     Description:[InvalidateNodes]Invalidate Nodes success
Info    2026-06-02 03:27:39:301  DevID:MV-CS050-10GC(DB0498485)  Source-Line:libMvCameraControl.so(GigEDevice.cpp-L0935)  ProcessName:grabImgWithTrigger(113329)     Description:[OpenDevice]Invalidate Nodes success
Info    2026-06-02 03:27:39:303  DevID:MV-CS050-10GC(DB0498485)  Source-Line:libMvCameraControl.so(StreamGrab.cpp-L0237)  ProcessName:grabImgWithTrigger(113329)     Description:[Open]Stream channel[0] opened
Info    2026-06-02 03:27:39:305  DevID:MV-CS050-10GC(DB0498485)  Source-Line:libMvCameraControl.so(GigEDevice.cpp-L0967)  ProcessName:grabImgWithTrigger(113329)     Description:[OpenDevice]Open device success! PrivilegeMode[1], SwitchoverKey[0], DeviceUptime[10766],DeviceFirmwareVersion[V4.0.43 2504141530132 23120701]
Info    2026-06-02 03:27:39:305  DevID:MV-CS050-10GC(DB0498485)  Source-Line:libMvCameraControl.so(MediaProcess.cpp-L0880)  ProcessName:grabImgWithTrigger(113329)     Description:[SetBayerCvtQuality]Set Bayer CvtQuality success! BayerCvtQuality[1]
Info    2026-06-02 03:27:39:305  DevID:MV-CS050-10GC(DB0498485)  Source-Line:libMvCameraControl.so(MediaProcess.cpp-L1876)  ProcessName:grabImgWithTrigger(113329)     Description:[SetBayerThreadNum]Set Bayer Thread Num success! BayerThreadNum[4]
Info    2026-06-02 03:27:39:305  DevID:MV-CS050-10GC(DB0498485)  Source-Line:libMvCameraControl.so(GigEDevice.cpp-L0986)  ProcessName:grabImgWithTrigger(113329)     Description:[OpenDevice]OpenDevice, cost time 275.000000ms 
Info    2026-06-02 03:27:39:305  DevID:  Source-Line:libMvCameraControl.so(GenICamImpl.cpp-L2412)  ProcessName:grabImgWithTrigger(113329)     Description:[RecordThread]RecordThread Start, ThreadId[2436354144]
Info    2026-06-02 03:27:39:332  DevID:MV-CS050-10GC(DB0498485)  Source-Line:libMvCameraControl.so(GenICamImpl.cpp-L2443)  ProcessName:grabImgWithTrigger(113329)     Description:[RecordThreadProc][Record] Get BlackLevel value [240]
Info    2026-06-02 03:27:39:339  DevID:MV-CS050-10GC(DB0498485)  Source-Line:libMvCameraControl.so(GenICamImpl.cpp-L2465)  ProcessName:grabImgWithTrigger(113329)     Description:[RecordThreadProc][Record] Get BalanceWhiteAuto Value [1] (0:off 1:contineu; 2:once):
Info    2026-06-02 03:27:39:343  DevID:MV-CS050-10GC(DB0498485)  Source-Line:libMvCameraControl.so(GenICamImpl.cpp-L2531)  ProcessName:grabImgWithTrigger(113329)     Description:[RecordThreadProc][Record] Get ExposureAuto value [0]
Info    2026-06-02 03:27:39:354  DevID:MV-CS050-10GC(DB0498485)  Source-Line:libMvCameraControl.so(GenICamImpl.cpp-L2553)  ProcessName:grabImgWithTrigger(113329)     Description:[RecordThreadProc][Record] Get ExposureTime value [5000.000000] 
Info    2026-06-02 03:27:39:366  DevID:MV-CS050-10GC(DB0498485)  Source-Line:libMvCameraControl.so(GenICamImpl.cpp-L2574)  ProcessName:grabImgWithTrigger(113329)     Description:[RecordThreadProc][Record] Get GainAuto value [2] (0:off 1:contineu; 2:once):
Info    2026-06-02 03:27:39:379  DevID:MV-CS050-10GC(DB0498485)  Source-Line:libMvCameraControl.so(GenICamImpl.cpp-L2595)  ProcessName:grabImgWithTrigger(113329)     Description:[RecordThreadProc][Record] Get Gain value [17.770500] 
Error   2026-06-02 03:27:39:413  DevID:MV-CS050-10GC(DB0498485)  Source-Line:libMvCameraControl.so(GenICamImpl.cpp-L1181)  ProcessName:grabImgWithTrigger(113329)     Description:[XML_GetNodeAccessMode]PropertyName[SeqExpEnable], Ret[0x80000109]
Error   2026-06-02 03:27:39:413  DevID:MV-CS050-10GC(DB0498485)  Source-Line:libMvCameraControl.so(GenICamImpl.cpp-L1181)  ProcessName:grabImgWithTrigger(113329)     Description:[XML_GetNodeAccessMode]PropertyName[MultiLightControl], Ret[0x80000109]
Info    2026-06-02 03:27:39:416  DevID:MV-CS050-10GC(DB0498485)  Source-Line:libMvCameraControl.so(LiquidLensController.cpp-L2113)  ProcessName:grabImgWithTrigger(113329)     Description:[SetFastQuit][CLiquidLensController]SetFastQuit: Fast quit disabled
Info    2026-06-02 03:27:39:416  DevID:MV-CS050-10GC(DB0498485)  Source-Line:libMvCameraControl.so(GigEStream.cpp-L0070)  ProcessName:grabImgWithTrigger(113329)     Description:[StartAcquisition][GEV]Width[2448], Height[2048], PixelFormat[0x2180014], PayloadSize[15040512], ChunkCount[100], CompressMode[0], DeviceUptime[10766]
Info    2026-06-02 03:27:39:424  DevID:MV-CS050-10GC(DB0498485)  Source-Line:libMvCameraControl.so(GenICamImpl.cpp-L2616)  ProcessName:grabImgWithTrigger(113329)     Description:[RecordThreadProc][Record] Get PixelFormat value [35127316] :
Info    2026-06-02 03:27:39:426  DevID:MV-CS050-10GC(DB0498485)  Source-Line:libMvCameraControl.so(StreamGrab.cpp-L0872)  ProcessName:grabImgWithTrigger(113329)     Description:[StartGrabbing]StreamChannel[0], Start grabbing success, There is no registration callback.
Info    2026-06-02 03:27:39:427  DevID:MV-CS050-10GC(DB0498485)  Source-Line:libMvCameraControl.so(GenICamImpl.cpp-L2637)  ProcessName:grabImgWithTrigger(113329)     Description:[RecordThreadProc][Record] Get GammaEnable value [1] 
Info    2026-06-02 03:27:39:428  DevID:MV-CS050-10GC(DB0498485)  Source-Line:libMvCameraControl.so(GenICamImpl.cpp-L2658)  ProcessName:grabImgWithTrigger(113329)     Description:[RecordThreadProc][Record] Get Gamma value [0.700000] 
Info    2026-06-02 03:27:39:429  DevID:MV-CS050-10GC(DB0498485)  Source-Line:libMvCameraControl.so(GenICamImpl.cpp-L2679)  ProcessName:grabImgWithTrigger(113329)     Description:[RecordThreadProc][Record] Get UserSetCurrent value [0]
Info    2026-06-02 03:27:39:431  DevID:MV-CS050-10GC(DB0498485)  Source-Line:libMvCameraControl.so(GenICamImpl.cpp-L2700)  ProcessName:grabImgWithTrigger(113329)     Description:[RecordThreadProc][Record] Get UserSetSelector value [0] 
Info    2026-06-02 03:27:39:432  DevID:MV-CS050-10GC(DB0498485)  Source-Line:libMvCameraControl.so(GenICamImpl.cpp-L2721)  ProcessName:grabImgWithTrigger(113329)     Description:[RecordThreadProc][Record] Get UserSetDefault value[0]
Info    2026-06-02 03:27:39:432  DevID:  Source-Line:libMvCameraControl.so(GenICamImpl.cpp-L2417)  ProcessName:grabImgWithTrigger(113329)     Description:[RecordThread]RecordThread End, ThreadId[2436354144]
Warning 2026-06-02 03:27:40:436  DevID:MV-CS050-10GC(DB0498485)  Source-Line:libMvCameraControl.so(StreamGrab.cpp-L1254)  ProcessName:grabImgWithTrigger(113329)     Description:[GetOneFrameTimeout]StreamChannel[0], Get image failed! Msec[1000], Ret[0x80000007]
Warning 2026-06-02 03:27:41:437  DevID:MV-CS050-10GC(DB0498485)  Source-Line:libMvCameraControl.so(StreamGrab.cpp-L1254)  ProcessName:grabImgWithTrigger(113329)     Description:[GetOneFrameTimeout]StreamChannel[0], Get image failed! Msec[1000], Ret[0x80000007]
Warning 2026-06-02 03:27:42:437  DevID:MV-CS050-10GC(DB0498485)  Source-Line:libMvCameraControl.so(StreamGrab.cpp-L1254)  ProcessName:grabImgWithTrigger(113329)     Description:[GetOneFrameTimeout]StreamChannel[0], Get image failed! Msec[1000], Ret[0x80000007]
Warning 2026-06-02 03:27:43:437  DevID:MV-CS050-10GC(DB0498485)  Source-Line:libMvCameraControl.so(StreamGrab.cpp-L1254)  ProcessName:grabImgWithTrigger(113329)     Description:[GetOneFrameTimeout]StreamChannel[0], Get image failed! Msec[1000], Ret[0x80000007]
Warning 2026-06-02 03:27:44:437  DevID:MV-CS050-10GC(DB0498485)  Source-Line:libMvCameraControl.so(StreamGrab.cpp-L1254)  ProcessName:grabImgWithTrigger(113329)     Description:[GetOneFrameTimeout]StreamChannel[0], Get image failed! Msec[1000], Ret[0x80000007]
Warning 2026-06-02 03:27:45:437  DevID:MV-CS050-10GC(DB0498485)  Source-Line:libMvCameraControl.so(StreamGrab.cpp-L1254)  ProcessName:grabImgWithTrigger(113329)     Description:[GetOneFrameTimeout]StreamChannel[0], Get image failed! Msec[1000], Ret[0x80000007]
Warning 2026-06-02 03:27:46:437  DevID:MV-CS050-10GC(DB0498485)  Source-Line:libMvCameraControl.so(StreamGrab.cpp-L1254)  ProcessName:grabImgWithTrigger(113329)     Description:[GetOneFrameTimeout]StreamChannel[0], Get image failed! Msec[1000], Ret[0x80000007]
Warning 2026-06-02 03:27:47:437  DevID:MV-CS050-10GC(DB0498485)  Source-Line:libMvCameraControl.so(StreamGrab.cpp-L1254)  ProcessName:grabImgWithTrigger(113329)     Description:[GetOneFrameTimeout]StreamChannel[0], Get image failed! Msec[1000], Ret[0x80000007]
Warning 2026-06-02 03:27:48:437  DevID:MV-CS050-10GC(DB0498485)  Source-Line:libMvCameraControl.so(StreamGrab.cpp-L1254)  ProcessName:grabImgWithTrigger(113329)     Description:[GetOneFrameTimeout]StreamChannel[0], Get image failed! Msec[1000], Ret[0x80000007]
Warning 2026-06-02 03:27:49:438  DevID:MV-CS050-10GC(DB0498485)  Source-Line:libMvCameraControl.so(StreamGrab.cpp-L1254)  ProcessName:grabImgWithTrigger(113329)     Description:[GetOneFrameTimeout]StreamChannel[0], Get image failed! Msec[1000], Ret[0x80000007]
Info    2026-06-02 03:27:49:438  DevID:MV-CS050-10GC(DB0498485)  Source-Line:libMvCameraControl.so(LiquidLensController.cpp-L2109)  ProcessName:grabImgWithTrigger(113329)     Description:[SetFastQuit][CLiquidLensController]SetFastQuit: Fast quit enabled
Info    2026-06-02 03:27:49:450  DevID:MV-CS050-10GC(DB0498485)  Source-Line:libMvCameraControl.so(StreamGrab.cpp-L0937)  ProcessName:grabImgWithTrigger(113329)     Description:[StopGrabbing]Stop grabbing success! DeviceUptime[10776]
Info    2026-06-02 03:27:49:450  DevID:MV-CS050-10GC(DB0498485)  Source-Line:libMvCameraControl.so(GigEDevice.cpp-L0760)  ProcessName:grabImgWithTrigger(113329)     Description:[CloseGigEDevice] Close device begin!
Error   2026-06-02 03:27:49:450  DevID:MV-CS050-10GC(DB0498485)  Source-Line:libMvCameraControl.so(StreamGrab.cpp-L0885)  ProcessName:grabImgWithTrigger(113329)     Description:[StopGrabbing]StreamChannel[0], bGrabbing[0], pDevStream[0xaaaaf21a48a0]
Info    2026-06-02 03:27:49:450  DevID:MV-CS050-10GC(DB0498485)  Source-Line:libMvCameraControl.so(StreamGrab.cpp-L0273)  ProcessName:grabImgWithTrigger(113329)     Description:[Close]Stream channel[0] closed
Info    2026-06-02 03:27:49:451  DevID:MV-CS050-10GC(DB0498485)  Source-Line:libMvCameraControl.so(GigEDevice.cpp-L0777)  ProcessName:grabImgWithTrigger(113329)     Description:[CloseGigEDevice]DeviceUptime[10776]
Info    2026-06-02 03:27:49:456  DevID:MV-CS050-10GC(DB0498485)  Source-Line:libMvCameraControl.so(GigEDevice.cpp-L0803)  ProcessName:grabImgWithTrigger(113329)     Description:[CloseGigEDevice]Close device success!
Info    2026-06-02 03:27:49:456  DevID:MV-CS050-10GC(DB0498485)  Source-Line:libMvCameraControl.so(GigEDeviceEvent.cpp-L0046)  ProcessName:grabImgWithTrigger(113329)     Description:[Deinit]GigEDeviceEvent Deinit  RecvAllEvent  [0],
Error   2026-06-02 03:27:57:770  DevID:  Source-Line:libMvCameraControl.so(GenTLLoadLibraryEx.cpp-L0222)  ProcessName:grabImgWithTrigger(113464)     Description:[LoadCtiLibInter]Load CTI failed! CTI path[/opt/MVS/lib/aarch64/libMvProducerVIR.so], nRet[0x8000000c]
Error   2026-06-02 03:27:57:772  DevID:  Source-Line:libMvCameraControl.so(GenTLLoadLibraryEx.cpp-L0222)  ProcessName:grabImgWithTrigger(113464)     Description:[LoadCtiLibInter]Load CTI failed! CTI path[/opt/MVS/lib/aarch64/libMvProducerVIR.so], nRet[0x8000000c]
Info    2026-06-02 03:27:57:772  DevID:  Source-Line:libMvCameraControl.so(GigELoadLibrary.cpp-L1611)  ProcessName:grabImgWithTrigger(113464)     Description:[LoadGigEAllFunctions]Load MVGigEVisionSDK success
Info    2026-06-02 03:27:57:874  DevID:MV-CS050-10GC(DB0498485)  Source-Line:libMvCameraControl.so(GigEDevice.cpp-L0375)  ProcessName:grabImgWithTrigger(113464)     Description:[Init]GEV INFO DeviceIP[192.168.127.3], NetIP[192.168.127.110], ManufacturerInfo[Hikrobot], DeviceVersion[V4.0.43 250414 1530132], UserID[]
Info    2026-06-02 03:27:57:874  DevID:MV-CS050-10GC(DB0498485)  Source-Line:libMvCameraControl.so(MediaProcess.cpp-L0880)  ProcessName:grabImgWithTrigger(113464)     Description:[SetBayerCvtQuality]Set Bayer CvtQuality success! BayerCvtQuality[1]
Info    2026-06-02 03:27:57:874  DevID:MV-CS050-10GC(DB0498485)  Source-Line:libMvCameraControl.so(MediaProcess.cpp-L1876)  ProcessName:grabImgWithTrigger(113464)     Description:[SetBayerThreadNum]Set Bayer Thread Num success! BayerThreadNum[4]
Info    2026-06-02 03:27:57:874  DevID:MV-CS050-10GC(DB0498485)  Source-Line:libMvCameraControl.so(MediaProcess.cpp-L0880)  ProcessName:grabImgWithTrigger(113464)     Description:[SetBayerCvtQuality]Set Bayer CvtQuality success! BayerCvtQuality[1]
Info    2026-06-02 03:27:57:874  DevID:MV-CS050-10GC(DB0498485)  Source-Line:libMvCameraControl.so(MediaProcess.cpp-L1876)  ProcessName:grabImgWithTrigger(113464)     Description:[SetBayerThreadNum]Set Bayer Thread Num success! BayerThreadNum[4]
Info    2026-06-02 03:27:57:917  DevID:  Source-Line:libMvCameraControl.so(CacheXmlToFile.cpp-L0576)  ProcessName:grabImgWithTrigger(113464)     Description:[ReadCacheFile]ReadLocalFile XMLPath[SchemaVersion.1.0@Hikrobot#GEV#MV-CS050-10GC#V4.0.43 250414 1530132@XMLVersion.1.0.0.zip]
Info    2026-06-02 03:27:57:917  DevID:MV-CS050-10GC(DB0498485)  Source-Line:libMvCameraControl.so(GigEDevice.cpp-L0576)  ProcessName:grabImgWithTrigger(113464)     Description:[GetXmlInfo]Get GenICamXML From local File, len [0x197c9] Type[1]
Info    2026-06-02 03:27:58:134  DevID:MV-CS050-10GC(DB0498485)  Source-Line:libMvCameraControl.so(GigEDevice.cpp-L0922)  ProcessName:grabImgWithTrigger(113464)     Description:[OpenDevice]Load XML success
Info    2026-06-02 03:27:58:139  DevID:MV-CS050-10GC(DB0498485)  Source-Line:libMvCameraControl.so(GenICamImpl.cpp-L0802)  ProcessName:grabImgWithTrigger(113464)     Description:[InvalidateNodes]Invalidate Nodes success
Info    2026-06-02 03:27:58:139  DevID:MV-CS050-10GC(DB0498485)  Source-Line:libMvCameraControl.so(GigEDevice.cpp-L0935)  ProcessName:grabImgWithTrigger(113464)     Description:[OpenDevice]Invalidate Nodes success
Info    2026-06-02 03:27:58:141  DevID:MV-CS050-10GC(DB0498485)  Source-Line:libMvCameraControl.so(StreamGrab.cpp-L0237)  ProcessName:grabImgWithTrigger(113464)     Description:[Open]Stream channel[0] opened
Info    2026-06-02 03:27:58:144  DevID:MV-CS050-10GC(DB0498485)  Source-Line:libMvCameraControl.so(GigEDevice.cpp-L0967)  ProcessName:grabImgWithTrigger(113464)     Description:[OpenDevice]Open device success! PrivilegeMode[1], SwitchoverKey[0], DeviceUptime[10785],DeviceFirmwareVersion[V4.0.43 2504141530132 23120701]
Info    2026-06-02 03:27:58:144  DevID:MV-CS050-10GC(DB0498485)  Source-Line:libMvCameraControl.so(MediaProcess.cpp-L0880)  ProcessName:grabImgWithTrigger(113464)     Description:[SetBayerCvtQuality]Set Bayer CvtQuality success! BayerCvtQuality[1]
Info    2026-06-02 03:27:58:144  DevID:MV-CS050-10GC(DB0498485)  Source-Line:libMvCameraControl.so(MediaProcess.cpp-L1876)  ProcessName:grabImgWithTrigger(113464)     Description:[SetBayerThreadNum]Set Bayer Thread Num success! BayerThreadNum[4]
Info    2026-06-02 03:27:58:144  DevID:MV-CS050-10GC(DB0498485)  Source-Line:libMvCameraControl.so(GigEDevice.cpp-L0986)  ProcessName:grabImgWithTrigger(113464)     Description:[OpenDevice]OpenDevice, cost time 270.000000ms 
Info    2026-06-02 03:27:58:146  DevID:  Source-Line:libMvCameraControl.so(GenICamImpl.cpp-L2412)  ProcessName:grabImgWithTrigger(113464)     Description:[RecordThread]RecordThread Start, ThreadId[2331103328]
Info    2026-06-02 03:27:58:156  DevID:MV-CS050-10GC(DB0498485)  Source-Line:libMvCameraControl.so(GenICamImpl.cpp-L2443)  ProcessName:grabImgWithTrigger(113464)     Description:[RecordThreadProc][Record] Get BlackLevel value [240]
Info    2026-06-02 03:27:58:172  DevID:MV-CS050-10GC(DB0498485)  Source-Line:libMvCameraControl.so(GenICamImpl.cpp-L2465)  ProcessName:grabImgWithTrigger(113464)     Description:[RecordThreadProc][Record] Get BalanceWhiteAuto Value [1] (0:off 1:contineu; 2:once):
Info    2026-06-02 03:27:58:173  DevID:MV-CS050-10GC(DB0498485)  Source-Line:libMvCameraControl.so(GenICamImpl.cpp-L2531)  ProcessName:grabImgWithTrigger(113464)     Description:[RecordThreadProc][Record] Get ExposureAuto value [0]
Info    2026-06-02 03:27:58:178  DevID:MV-CS050-10GC(DB0498485)  Source-Line:libMvCameraControl.so(GenICamImpl.cpp-L2553)  ProcessName:grabImgWithTrigger(113464)     Description:[RecordThreadProc][Record] Get ExposureTime value [5000.000000] 
Info    2026-06-02 03:27:58:185  DevID:MV-CS050-10GC(DB0498485)  Source-Line:libMvCameraControl.so(GenICamImpl.cpp-L2574)  ProcessName:grabImgWithTrigger(113464)     Description:[RecordThreadProc][Record] Get GainAuto value [2] (0:off 1:contineu; 2:once):
Info    2026-06-02 03:27:58:191  DevID:MV-CS050-10GC(DB0498485)  Source-Line:libMvCameraControl.so(GenICamImpl.cpp-L2595)  ProcessName:grabImgWithTrigger(113464)     Description:[RecordThreadProc][Record] Get Gain value [21.719500] 
Info    2026-06-02 03:27:58:205  DevID:MV-CS050-10GC(DB0498485)  Source-Line:libMvCameraControl.so(GenICamImpl.cpp-L2616)  ProcessName:grabImgWithTrigger(113464)     Description:[RecordThreadProc][Record] Get PixelFormat value [35127316] :
Info    2026-06-02 03:27:58:215  DevID:MV-CS050-10GC(DB0498485)  Source-Line:libMvCameraControl.so(GenICamImpl.cpp-L2637)  ProcessName:grabImgWithTrigger(113464)     Description:[RecordThreadProc][Record] Get GammaEnable value [1] 
Info    2026-06-02 03:27:58:215  DevID:MV-CS050-10GC(DB0498485)  Source-Line:libMvCameraControl.so(GenICamImpl.cpp-L2658)  ProcessName:grabImgWithTrigger(113464)     Description:[RecordThreadProc][Record] Get Gamma value [0.700000] 
Info    2026-06-02 03:27:58:223  DevID:MV-CS050-10GC(DB0498485)  Source-Line:libMvCameraControl.so(GenICamImpl.cpp-L2679)  ProcessName:grabImgWithTrigger(113464)     Description:[RecordThreadProc][Record] Get UserSetCurrent value [0]
Error   2026-06-02 03:27:58:249  DevID:MV-CS050-10GC(DB0498485)  Source-Line:libMvCameraControl.so(GenICamImpl.cpp-L1181)  ProcessName:grabImgWithTrigger(113464)     Description:[XML_GetNodeAccessMode]PropertyName[SeqExpEnable], Ret[0x80000109]
Error   2026-06-02 03:27:58:249  DevID:MV-CS050-10GC(DB0498485)  Source-Line:libMvCameraControl.so(GenICamImpl.cpp-L1181)  ProcessName:grabImgWithTrigger(113464)     Description:[XML_GetNodeAccessMode]PropertyName[MultiLightControl], Ret[0x80000109]
Info    2026-06-02 03:27:58:253  DevID:MV-CS050-10GC(DB0498485)  Source-Line:libMvCameraControl.so(LiquidLensController.cpp-L2113)  ProcessName:grabImgWithTrigger(113464)     Description:[SetFastQuit][CLiquidLensController]SetFastQuit: Fast quit disabled
Info    2026-06-02 03:27:58:253  DevID:MV-CS050-10GC(DB0498485)  Source-Line:libMvCameraControl.so(GigEStream.cpp-L0070)  ProcessName:grabImgWithTrigger(113464)     Description:[StartAcquisition][GEV]Width[2448], Height[2048], PixelFormat[0x2180014], PayloadSize[15040512], ChunkCount[100], CompressMode[0], DeviceUptime[10785]
Info    2026-06-02 03:27:58:261  DevID:MV-CS050-10GC(DB0498485)  Source-Line:libMvCameraControl.so(GenICamImpl.cpp-L2700)  ProcessName:grabImgWithTrigger(113464)     Description:[RecordThreadProc][Record] Get UserSetSelector value [0] 
Info    2026-06-02 03:27:58:263  DevID:MV-CS050-10GC(DB0498485)  Source-Line:libMvCameraControl.so(StreamGrab.cpp-L0872)  ProcessName:grabImgWithTrigger(113464)     Description:[StartGrabbing]StreamChannel[0], Start grabbing success, There is no registration callback.
Info    2026-06-02 03:27:58:264  DevID:MV-CS050-10GC(DB0498485)  Source-Line:libMvCameraControl.so(GenICamImpl.cpp-L2721)  ProcessName:grabImgWithTrigger(113464)     Description:[RecordThreadProc][Record] Get UserSetDefault value[0]
Info    2026-06-02 03:27:58:264  DevID:  Source-Line:libMvCameraControl.so(GenICamImpl.cpp-L2417)  ProcessName:grabImgWithTrigger(113464)     Description:[RecordThread]RecordThread End, ThreadId[2331103328]
Warning 2026-06-02 03:27:59:277  DevID:MV-CS050-10GC(DB0498485)  Source-Line:libMvCameraControl.so(StreamGrab.cpp-L1254)  ProcessName:grabImgWithTrigger(113464)     Description:[GetOneFrameTimeout]StreamChannel[0], Get image failed! Msec[1000], Ret[0x80000007]
Warning 2026-06-02 03:28:00:277  DevID:MV-CS050-10GC(DB0498485)  Source-Line:libMvCameraControl.so(StreamGrab.cpp-L1254)  ProcessName:grabImgWithTrigger(113464)     Description:[GetOneFrameTimeout]StreamChannel[0], Get image failed! Msec[1000], Ret[0x80000007]
Warning 2026-06-02 03:28:01:277  DevID:MV-CS050-10GC(DB0498485)  Source-Line:libMvCameraControl.so(StreamGrab.cpp-L1254)  ProcessName:grabImgWithTrigger(113464)     Description:[GetOneFrameTimeout]StreamChannel[0], Get image failed! Msec[1000], Ret[0x80000007]
Warning 2026-06-02 03:28:02:277  DevID:MV-CS050-10GC(DB0498485)  Source-Line:libMvCameraControl.so(StreamGrab.cpp-L1254)  ProcessName:grabImgWithTrigger(113464)     Description:[GetOneFrameTimeout]StreamChannel[0], Get image failed! Msec[1000], Ret[0x80000007]
Warning 2026-06-02 03:28:03:277  DevID:MV-CS050-10GC(DB0498485)  Source-Line:libMvCameraControl.so(StreamGrab.cpp-L1254)  ProcessName:grabImgWithTrigger(113464)     Description:[GetOneFrameTimeout]StreamChannel[0], Get image failed! Msec[1000], Ret[0x80000007]
Warning 2026-06-02 03:28:04:278  DevID:MV-CS050-10GC(DB0498485)  Source-Line:libMvCameraControl.so(StreamGrab.cpp-L1254)  ProcessName:grabImgWithTrigger(113464)     Description:[GetOneFrameTimeout]StreamChannel[0], Get image failed! Msec[1000], Ret[0x80000007]
Warning 2026-06-02 03:28:05:278  DevID:MV-CS050-10GC(DB0498485)  Source-Line:libMvCameraControl.so(StreamGrab.cpp-L1254)  ProcessName:grabImgWithTrigger(113464)     Description:[GetOneFrameTimeout]StreamChannel[0], Get image failed! Msec[1000], Ret[0x80000007]
Warning 2026-06-02 03:28:06:278  DevID:MV-CS050-10GC(DB0498485)  Source-Line:libMvCameraControl.so(StreamGrab.cpp-L1254)  ProcessName:grabImgWithTrigger(113464)     Description:[GetOneFrameTimeout]StreamChannel[0], Get image failed! Msec[1000], Ret[0x80000007]
Warning 2026-06-02 03:28:07:278  DevID:MV-CS050-10GC(DB0498485)  Source-Line:libMvCameraControl.so(StreamGrab.cpp-L1254)  ProcessName:grabImgWithTrigger(113464)     Description:[GetOneFrameTimeout]StreamChannel[0], Get image failed! Msec[1000], Ret[0x80000007]
Warning 2026-06-02 03:28:08:278  DevID:MV-CS050-10GC(DB0498485)  Source-Line:libMvCameraControl.so(StreamGrab.cpp-L1254)  ProcessName:grabImgWithTrigger(113464)     Description:[GetOneFrameTimeout]StreamChannel[0], Get image failed! Msec[1000], Ret[0x80000007]
Info    2026-06-02 03:28:08:278  DevID:MV-CS050-10GC(DB0498485)  Source-Line:libMvCameraControl.so(LiquidLensController.cpp-L2109)  ProcessName:grabImgWithTrigger(113464)     Description:[SetFastQuit][CLiquidLensController]SetFastQuit: Fast quit enabled
Info    2026-06-02 03:28:08:287  DevID:MV-CS050-10GC(DB0498485)  Source-Line:libMvCameraControl.so(StreamGrab.cpp-L0937)  ProcessName:grabImgWithTrigger(113464)     Description:[StopGrabbing]Stop grabbing success! DeviceUptime[10795]
Info    2026-06-02 03:28:08:287  DevID:MV-CS050-10GC(DB0498485)  Source-Line:libMvCameraControl.so(GigEDevice.cpp-L0760)  ProcessName:grabImgWithTrigger(113464)     Description:[CloseGigEDevice] Close device begin!
Error   2026-06-02 03:28:08:287  DevID:MV-CS050-10GC(DB0498485)  Source-Line:libMvCameraControl.so(StreamGrab.cpp-L0885)  ProcessName:grabImgWithTrigger(113464)     Description:[StopGrabbing]StreamChannel[0], bGrabbing[0], pDevStream[0xaaaae8672bd0]
Info    2026-06-02 03:28:08:287  DevID:MV-CS050-10GC(DB0498485)  Source-Line:libMvCameraControl.so(StreamGrab.cpp-L0273)  ProcessName:grabImgWithTrigger(113464)     Description:[Close]Stream channel[0] closed
Info    2026-06-02 03:28:08:288  DevID:MV-CS050-10GC(DB0498485)  Source-Line:libMvCameraControl.so(GigEDevice.cpp-L0777)  ProcessName:grabImgWithTrigger(113464)     Description:[CloseGigEDevice]DeviceUptime[10795]
Info    2026-06-02 03:28:08:293  DevID:MV-CS050-10GC(DB0498485)  Source-Line:libMvCameraControl.so(GigEDevice.cpp-L0803)  ProcessName:grabImgWithTrigger(113464)     Description:[CloseGigEDevice]Close device success!
Info    2026-06-02 03:28:08:293  DevID:MV-CS050-10GC(DB0498485)  Source-Line:libMvCameraControl.so(GigEDeviceEvent.cpp-L0046)  ProcessName:grabImgWithTrigger(113464)     Description:[Deinit]GigEDeviceEvent Deinit  RecvAllEvent  [0],
Info    2026-06-02 03:29:43:037  DevID:  Source-Line:libMvCameraControl.so(GigELoadLibrary.cpp-L1611)  ProcessName:grabImgWithTrigger(114078)     Description:[LoadGigEAllFunctions]Load MVGigEVisionSDK success
Error   2026-06-02 03:29:43:037  DevID:  Source-Line:libMvCameraControl.so(GenTLLoadLibraryEx.cpp-L0222)  ProcessName:grabImgWithTrigger(114078)     Description:[LoadCtiLibInter]Load CTI failed! CTI path[/opt/MVS/lib/aarch64/libMvProducerVIR.so], nRet[0x8000000c]
Error   2026-06-02 03:29:43:039  DevID:  Source-Line:libMvCameraControl.so(GenTLLoadLibraryEx.cpp-L0222)  ProcessName:grabImgWithTrigger(114078)     Description:[LoadCtiLibInter]Load CTI failed! CTI path[/opt/MVS/lib/aarch64/libMvProducerVIR.so], nRet[0x8000000c]
Info    2026-06-02 03:29:43:139  DevID:MV-CS050-10GC(DB0498485)  Source-Line:libMvCameraControl.so(GigEDevice.cpp-L0375)  ProcessName:grabImgWithTrigger(114078)     Description:[Init]GEV INFO DeviceIP[192.168.127.3], NetIP[192.168.127.110], ManufacturerInfo[Hikrobot], DeviceVersion[V4.0.43 250414 1530132], UserID[]
Info    2026-06-02 03:29:43:139  DevID:MV-CS050-10GC(DB0498485)  Source-Line:libMvCameraControl.so(MediaProcess.cpp-L0880)  ProcessName:grabImgWithTrigger(114078)     Description:[SetBayerCvtQuality]Set Bayer CvtQuality success! BayerCvtQuality[1]
Info    2026-06-02 03:29:43:139  DevID:MV-CS050-10GC(DB0498485)  Source-Line:libMvCameraControl.so(MediaProcess.cpp-L1876)  ProcessName:grabImgWithTrigger(114078)     Description:[SetBayerThreadNum]Set Bayer Thread Num success! BayerThreadNum[4]
Info    2026-06-02 03:29:43:139  DevID:MV-CS050-10GC(DB0498485)  Source-Line:libMvCameraControl.so(MediaProcess.cpp-L0880)  ProcessName:grabImgWithTrigger(114078)     Description:[SetBayerCvtQuality]Set Bayer CvtQuality success! BayerCvtQuality[1]
Info    2026-06-02 03:29:43:139  DevID:MV-CS050-10GC(DB0498485)  Source-Line:libMvCameraControl.so(MediaProcess.cpp-L1876)  ProcessName:grabImgWithTrigger(114078)     Description:[SetBayerThreadNum]Set Bayer Thread Num success! BayerThreadNum[4]
Info    2026-06-02 03:29:43:185  DevID:  Source-Line:libMvCameraControl.so(CacheXmlToFile.cpp-L0576)  ProcessName:grabImgWithTrigger(114078)     Description:[ReadCacheFile]ReadLocalFile XMLPath[SchemaVersion.1.0@Hikrobot#GEV#MV-CS050-10GC#V4.0.43 250414 1530132@XMLVersion.1.0.0.zip]
Info    2026-06-02 03:29:43:185  DevID:MV-CS050-10GC(DB0498485)  Source-Line:libMvCameraControl.so(GigEDevice.cpp-L0576)  ProcessName:grabImgWithTrigger(114078)     Description:[GetXmlInfo]Get GenICamXML From local File, len [0x197c9] Type[1]
Info    2026-06-02 03:29:43:405  DevID:MV-CS050-10GC(DB0498485)  Source-Line:libMvCameraControl.so(GigEDevice.cpp-L0922)  ProcessName:grabImgWithTrigger(114078)     Description:[OpenDevice]Load XML success
Info    2026-06-02 03:29:43:408  DevID:MV-CS050-10GC(DB0498485)  Source-Line:libMvCameraControl.so(GenICamImpl.cpp-L0802)  ProcessName:grabImgWithTrigger(114078)     Description:[InvalidateNodes]Invalidate Nodes success
Info    2026-06-02 03:29:43:408  DevID:MV-CS050-10GC(DB0498485)  Source-Line:libMvCameraControl.so(GigEDevice.cpp-L0935)  ProcessName:grabImgWithTrigger(114078)     Description:[OpenDevice]Invalidate Nodes success
Info    2026-06-02 03:29:43:411  DevID:MV-CS050-10GC(DB0498485)  Source-Line:libMvCameraControl.so(StreamGrab.cpp-L0237)  ProcessName:grabImgWithTrigger(114078)     Description:[Open]Stream channel[0] opened
Info    2026-06-02 03:29:43:414  DevID:MV-CS050-10GC(DB0498485)  Source-Line:libMvCameraControl.so(GigEDevice.cpp-L0967)  ProcessName:grabImgWithTrigger(114078)     Description:[OpenDevice]Open device success! PrivilegeMode[1], SwitchoverKey[0], DeviceUptime[10890],DeviceFirmwareVersion[V4.0.43 2504141530132 23120701]
Info    2026-06-02 03:29:43:414  DevID:MV-CS050-10GC(DB0498485)  Source-Line:libMvCameraControl.so(MediaProcess.cpp-L0880)  ProcessName:grabImgWithTrigger(114078)     Description:[SetBayerCvtQuality]Set Bayer CvtQuality success! BayerCvtQuality[1]
Info    2026-06-02 03:29:43:414  DevID:MV-CS050-10GC(DB0498485)  Source-Line:libMvCameraControl.so(MediaProcess.cpp-L1876)  ProcessName:grabImgWithTrigger(114078)     Description:[SetBayerThreadNum]Set Bayer Thread Num success! BayerThreadNum[4]
Info    2026-06-02 03:29:43:415  DevID:MV-CS050-10GC(DB0498485)  Source-Line:libMvCameraControl.so(GigEDevice.cpp-L0986)  ProcessName:grabImgWithTrigger(114078)     Description:[OpenDevice]OpenDevice, cost time 275.000000ms 
Info    2026-06-02 03:29:43:415  DevID:  Source-Line:libMvCameraControl.so(GenICamImpl.cpp-L2412)  ProcessName:grabImgWithTrigger(114078)     Description:[RecordThread]RecordThread Start, ThreadId[2348798048]
Info    2026-06-02 03:29:43:445  DevID:MV-CS050-10GC(DB0498485)  Source-Line:libMvCameraControl.so(GenICamImpl.cpp-L2443)  ProcessName:grabImgWithTrigger(114078)     Description:[RecordThreadProc][Record] Get BlackLevel value [240]
Info    2026-06-02 03:29:43:447  DevID:MV-CS050-10GC(DB0498485)  Source-Line:libMvCameraControl.so(GenICamImpl.cpp-L2465)  ProcessName:grabImgWithTrigger(114078)     Description:[RecordThreadProc][Record] Get BalanceWhiteAuto Value [1] (0:off 1:contineu; 2:once):
Info    2026-06-02 03:29:43:456  DevID:MV-CS050-10GC(DB0498485)  Source-Line:libMvCameraControl.so(GenICamImpl.cpp-L2531)  ProcessName:grabImgWithTrigger(114078)     Description:[RecordThreadProc][Record] Get ExposureAuto value [0]
Info    2026-06-02 03:29:43:460  DevID:MV-CS050-10GC(DB0498485)  Source-Line:libMvCameraControl.so(GenICamImpl.cpp-L2553)  ProcessName:grabImgWithTrigger(114078)     Description:[RecordThreadProc][Record] Get ExposureTime value [5000.000000] 
Info    2026-06-02 03:29:43:464  DevID:MV-CS050-10GC(DB0498485)  Source-Line:libMvCameraControl.so(GenICamImpl.cpp-L2574)  ProcessName:grabImgWithTrigger(114078)     Description:[RecordThreadProc][Record] Get GainAuto value [2] (0:off 1:contineu; 2:once):
Info    2026-06-02 03:29:43:476  DevID:MV-CS050-10GC(DB0498485)  Source-Line:libMvCameraControl.so(GenICamImpl.cpp-L2595)  ProcessName:grabImgWithTrigger(114078)     Description:[RecordThreadProc][Record] Get Gain value [23.981199] 
Info    2026-06-02 03:29:43:482  DevID:MV-CS050-10GC(DB0498485)  Source-Line:libMvCameraControl.so(GenICamImpl.cpp-L2616)  ProcessName:grabImgWithTrigger(114078)     Description:[RecordThreadProc][Record] Get PixelFormat value [35127316] :
Info    2026-06-02 03:29:43:491  DevID:MV-CS050-10GC(DB0498485)  Source-Line:libMvCameraControl.so(GenICamImpl.cpp-L2637)  ProcessName:grabImgWithTrigger(114078)     Description:[RecordThreadProc][Record] Get GammaEnable value [1] 
Info    2026-06-02 03:29:43:491  DevID:MV-CS050-10GC(DB0498485)  Source-Line:libMvCameraControl.so(GenICamImpl.cpp-L2658)  ProcessName:grabImgWithTrigger(114078)     Description:[RecordThreadProc][Record] Get Gamma value [0.700000] 
Info    2026-06-02 03:29:43:500  DevID:MV-CS050-10GC(DB0498485)  Source-Line:libMvCameraControl.so(GenICamImpl.cpp-L2679)  ProcessName:grabImgWithTrigger(114078)     Description:[RecordThreadProc][Record] Get UserSetCurrent value [0]
Error   2026-06-02 03:29:43:527  DevID:MV-CS050-10GC(DB0498485)  Source-Line:libMvCameraControl.so(GenICamImpl.cpp-L1181)  ProcessName:grabImgWithTrigger(114078)     Description:[XML_GetNodeAccessMode]PropertyName[SeqExpEnable], Ret[0x80000109]
Error   2026-06-02 03:29:43:527  DevID:MV-CS050-10GC(DB0498485)  Source-Line:libMvCameraControl.so(GenICamImpl.cpp-L1181)  ProcessName:grabImgWithTrigger(114078)     Description:[XML_GetNodeAccessMode]PropertyName[MultiLightControl], Ret[0x80000109]
Info    2026-06-02 03:29:43:531  DevID:MV-CS050-10GC(DB0498485)  Source-Line:libMvCameraControl.so(LiquidLensController.cpp-L2113)  ProcessName:grabImgWithTrigger(114078)     Description:[SetFastQuit][CLiquidLensController]SetFastQuit: Fast quit disabled
Info    2026-06-02 03:29:43:531  DevID:MV-CS050-10GC(DB0498485)  Source-Line:libMvCameraControl.so(GigEStream.cpp-L0070)  ProcessName:grabImgWithTrigger(114078)     Description:[StartAcquisition][GEV]Width[2448], Height[2048], PixelFormat[0x2180014], PayloadSize[15040512], ChunkCount[100], CompressMode[0], DeviceUptime[10890]
Info    2026-06-02 03:29:43:538  DevID:MV-CS050-10GC(DB0498485)  Source-Line:libMvCameraControl.so(GenICamImpl.cpp-L2700)  ProcessName:grabImgWithTrigger(114078)     Description:[RecordThreadProc][Record] Get UserSetSelector value [0] 
Info    2026-06-02 03:29:43:541  DevID:MV-CS050-10GC(DB0498485)  Source-Line:libMvCameraControl.so(StreamGrab.cpp-L0872)  ProcessName:grabImgWithTrigger(114078)     Description:[StartGrabbing]StreamChannel[0], Start grabbing success, There is no registration callback.
Info    2026-06-02 03:29:43:541  DevID:MV-CS050-10GC(DB0498485)  Source-Line:libMvCameraControl.so(GenICamImpl.cpp-L2721)  ProcessName:grabImgWithTrigger(114078)     Description:[RecordThreadProc][Record] Get UserSetDefault value[0]
Info    2026-06-02 03:29:43:541  DevID:  Source-Line:libMvCameraControl.so(GenICamImpl.cpp-L2417)  ProcessName:grabImgWithTrigger(114078)     Description:[RecordThread]RecordThread End, ThreadId[2348798048]
Warning 2026-06-02 03:29:44:553  DevID:MV-CS050-10GC(DB0498485)  Source-Line:libMvCameraControl.so(StreamGrab.cpp-L1254)  ProcessName:grabImgWithTrigger(114078)     Description:[GetOneFrameTimeout]StreamChannel[0], Get image failed! Msec[1000], Ret[0x80000007]
Warning 2026-06-02 03:29:45:553  DevID:MV-CS050-10GC(DB0498485)  Source-Line:libMvCameraControl.so(StreamGrab.cpp-L1254)  ProcessName:grabImgWithTrigger(114078)     Description:[GetOneFrameTimeout]StreamChannel[0], Get image failed! Msec[1000], Ret[0x80000007]
Warning 2026-06-02 03:29:46:553  DevID:MV-CS050-10GC(DB0498485)  Source-Line:libMvCameraControl.so(StreamGrab.cpp-L1254)  ProcessName:grabImgWithTrigger(114078)     Description:[GetOneFrameTimeout]StreamChannel[0], Get image failed! Msec[1000], Ret[0x80000007]
Warning 2026-06-02 03:29:47:553  DevID:MV-CS050-10GC(DB0498485)  Source-Line:libMvCameraControl.so(StreamGrab.cpp-L1254)  ProcessName:grabImgWithTrigger(114078)     Description:[GetOneFrameTimeout]StreamChannel[0], Get image failed! Msec[1000], Ret[0x80000007]
Warning 2026-06-02 03:29:48:553  DevID:MV-CS050-10GC(DB0498485)  Source-Line:libMvCameraControl.so(StreamGrab.cpp-L1254)  ProcessName:grabImgWithTrigger(114078)     Description:[GetOneFrameTimeout]StreamChannel[0], Get image failed! Msec[1000], Ret[0x80000007]
Warning 2026-06-02 03:29:49:553  DevID:MV-CS050-10GC(DB0498485)  Source-Line:libMvCameraControl.so(StreamGrab.cpp-L1254)  ProcessName:grabImgWithTrigger(114078)     Description:[GetOneFrameTimeout]StreamChannel[0], Get image failed! Msec[1000], Ret[0x80000007]
Warning 2026-06-02 03:29:50:553  DevID:MV-CS050-10GC(DB0498485)  Source-Line:libMvCameraControl.so(StreamGrab.cpp-L1254)  ProcessName:grabImgWithTrigger(114078)     Description:[GetOneFrameTimeout]StreamChannel[0], Get image failed! Msec[1000], Ret[0x80000007]
Warning 2026-06-02 03:29:51:553  DevID:MV-CS050-10GC(DB0498485)  Source-Line:libMvCameraControl.so(StreamGrab.cpp-L1254)  ProcessName:grabImgWithTrigger(114078)     Description:[GetOneFrameTimeout]StreamChannel[0], Get image failed! Msec[1000], Ret[0x80000007]
Warning 2026-06-02 03:29:52:554  DevID:MV-CS050-10GC(DB0498485)  Source-Line:libMvCameraControl.so(StreamGrab.cpp-L1254)  ProcessName:grabImgWithTrigger(114078)     Description:[GetOneFrameTimeout]StreamChannel[0], Get image failed! Msec[1000], Ret[0x80000007]
Warning 2026-06-02 03:29:53:554  DevID:MV-CS050-10GC(DB0498485)  Source-Line:libMvCameraControl.so(StreamGrab.cpp-L1254)  ProcessName:grabImgWithTrigger(114078)     Description:[GetOneFrameTimeout]StreamChannel[0], Get image failed! Msec[1000], Ret[0x80000007]
Warning 2026-06-02 03:29:54:554  DevID:MV-CS050-10GC(DB0498485)  Source-Line:libMvCameraControl.so(StreamGrab.cpp-L1254)  ProcessName:grabImgWithTrigger(114078)     Description:[GetOneFrameTimeout]StreamChannel[0], Get image failed! Msec[1000], Ret[0x80000007]
Warning 2026-06-02 03:29:55:554  DevID:MV-CS050-10GC(DB0498485)  Source-Line:libMvCameraControl.so(StreamGrab.cpp-L1254)  ProcessName:grabImgWithTrigger(114078)     Description:[GetOneFrameTimeout]StreamChannel[0], Get image failed! Msec[1000], Ret[0x80000007]
Warning 2026-06-02 03:29:56:554  DevID:MV-CS050-10GC(DB0498485)  Source-Line:libMvCameraControl.so(StreamGrab.cpp-L1254)  ProcessName:grabImgWithTrigger(114078)     Description:[GetOneFrameTimeout]StreamChannel[0], Get image failed! Msec[1000], Ret[0x80000007]
Warning 2026-06-02 03:29:57:554  DevID:MV-CS050-10GC(DB0498485)  Source-Line:libMvCameraControl.so(StreamGrab.cpp-L1254)  ProcessName:grabImgWithTrigger(114078)     Description:[GetOneFrameTimeout]StreamChannel[0], Get image failed! Msec[1000], Ret[0x80000007]
Warning 2026-06-02 03:29:58:554  DevID:MV-CS050-10GC(DB0498485)  Source-Line:libMvCameraControl.so(StreamGrab.cpp-L1254)  ProcessName:grabImgWithTrigger(114078)     Description:[GetOneFrameTimeout]StreamChannel[0], Get image failed! Msec[1000], Ret[0x80000007]
Info    2026-06-02 03:29:58:555  DevID:MV-CS050-10GC(DB0498485)  Source-Line:libMvCameraControl.so(LiquidLensController.cpp-L2109)  ProcessName:grabImgWithTrigger(114078)     Description:[SetFastQuit][CLiquidLensController]SetFastQuit: Fast quit enabled
Info    2026-06-02 03:29:58:559  DevID:MV-CS050-10GC(DB0498485)  Source-Line:libMvCameraControl.so(StreamGrab.cpp-L0937)  ProcessName:grabImgWithTrigger(114078)     Description:[StopGrabbing]Stop grabbing success! DeviceUptime[10905]
Info    2026-06-02 03:29:58:559  DevID:MV-CS050-10GC(DB0498485)  Source-Line:libMvCameraControl.so(GigEDevice.cpp-L0760)  ProcessName:grabImgWithTrigger(114078)     Description:[CloseGigEDevice] Close device begin!
Error   2026-06-02 03:29:58:559  DevID:MV-CS050-10GC(DB0498485)  Source-Line:libMvCameraControl.so(StreamGrab.cpp-L0885)  ProcessName:grabImgWithTrigger(114078)     Description:[StopGrabbing]StreamChannel[0], bGrabbing[0], pDevStream[0xaaaad33b2c90]
Info    2026-06-02 03:29:58:559  DevID:MV-CS050-10GC(DB0498485)  Source-Line:libMvCameraControl.so(StreamGrab.cpp-L0273)  ProcessName:grabImgWithTrigger(114078)     Description:[Close]Stream channel[0] closed
Info    2026-06-02 03:29:58:560  DevID:MV-CS050-10GC(DB0498485)  Source-Line:libMvCameraControl.so(GigEDevice.cpp-L0777)  ProcessName:grabImgWithTrigger(114078)     Description:[CloseGigEDevice]DeviceUptime[10905]
Info    2026-06-02 03:29:58:565  DevID:MV-CS050-10GC(DB0498485)  Source-Line:libMvCameraControl.so(GigEDevice.cpp-L0803)  ProcessName:grabImgWithTrigger(114078)     Description:[CloseGigEDevice]Close device success!
Info    2026-06-02 03:29:58:565  DevID:MV-CS050-10GC(DB0498485)  Source-Line:libMvCameraControl.so(GigEDeviceEvent.cpp-L0046)  ProcessName:grabImgWithTrigger(114078)     Description:[Deinit]GigEDeviceEvent Deinit  RecvAllEvent  [0],
Error   2026-06-02 03:30:57:046  DevID:  Source-Line:libMvCameraControl.so(GenTLLoadLibraryEx.cpp-L0222)  ProcessName:grabImgWithTrigger(114522)     Description:[LoadCtiLibInter]Load CTI failed! CTI path[/opt/MVS/lib/aarch64/libMvProducerVIR.so], nRet[0x8000000c]
Error   2026-06-02 03:30:57:047  DevID:  Source-Line:libMvCameraControl.so(GenTLLoadLibraryEx.cpp-L0222)  ProcessName:grabImgWithTrigger(114522)     Description:[LoadCtiLibInter]Load CTI failed! CTI path[/opt/MVS/lib/aarch64/libMvProducerVIR.so], nRet[0x8000000c]
Info    2026-06-02 03:30:57:048  DevID:  Source-Line:libMvCameraControl.so(GigELoadLibrary.cpp-L1611)  ProcessName:grabImgWithTrigger(114522)     Description:[LoadGigEAllFunctions]Load MVGigEVisionSDK success
Info    2026-06-02 03:30:57:150  DevID:MV-CS050-10GC(DB0498485)  Source-Line:libMvCameraControl.so(GigEDevice.cpp-L0375)  ProcessName:grabImgWithTrigger(114522)     Description:[Init]GEV INFO DeviceIP[192.168.127.3], NetIP[192.168.127.110], ManufacturerInfo[Hikrobot], DeviceVersion[V4.0.43 250414 1530132], UserID[]
Info    2026-06-02 03:30:57:150  DevID:MV-CS050-10GC(DB0498485)  Source-Line:libMvCameraControl.so(MediaProcess.cpp-L0880)  ProcessName:grabImgWithTrigger(114522)     Description:[SetBayerCvtQuality]Set Bayer CvtQuality success! BayerCvtQuality[1]
Info    2026-06-02 03:30:57:150  DevID:MV-CS050-10GC(DB0498485)  Source-Line:libMvCameraControl.so(MediaProcess.cpp-L1876)  ProcessName:grabImgWithTrigger(114522)     Description:[SetBayerThreadNum]Set Bayer Thread Num success! BayerThreadNum[4]
Info    2026-06-02 03:30:57:150  DevID:MV-CS050-10GC(DB0498485)  Source-Line:libMvCameraControl.so(MediaProcess.cpp-L0880)  ProcessName:grabImgWithTrigger(114522)     Description:[SetBayerCvtQuality]Set Bayer CvtQuality success! BayerCvtQuality[1]
Info    2026-06-02 03:30:57:150  DevID:MV-CS050-10GC(DB0498485)  Source-Line:libMvCameraControl.so(MediaProcess.cpp-L1876)  ProcessName:grabImgWithTrigger(114522)     Description:[SetBayerThreadNum]Set Bayer Thread Num success! BayerThreadNum[4]
Info    2026-06-02 03:30:57:194  DevID:  Source-Line:libMvCameraControl.so(CacheXmlToFile.cpp-L0576)  ProcessName:grabImgWithTrigger(114522)     Description:[ReadCacheFile]ReadLocalFile XMLPath[SchemaVersion.1.0@Hikrobot#GEV#MV-CS050-10GC#V4.0.43 250414 1530132@XMLVersion.1.0.0.zip]
Info    2026-06-02 03:30:57:194  DevID:MV-CS050-10GC(DB0498485)  Source-Line:libMvCameraControl.so(GigEDevice.cpp-L0576)  ProcessName:grabImgWithTrigger(114522)     Description:[GetXmlInfo]Get GenICamXML From local File, len [0x197c9] Type[1]
Info    2026-06-02 03:30:57:390  DevID:MV-CS050-10GC(DB0498485)  Source-Line:libMvCameraControl.so(GigEDevice.cpp-L0922)  ProcessName:grabImgWithTrigger(114522)     Description:[OpenDevice]Load XML success
Info    2026-06-02 03:30:57:393  DevID:MV-CS050-10GC(DB0498485)  Source-Line:libMvCameraControl.so(GenICamImpl.cpp-L0802)  ProcessName:grabImgWithTrigger(114522)     Description:[InvalidateNodes]Invalidate Nodes success
Info    2026-06-02 03:30:57:393  DevID:MV-CS050-10GC(DB0498485)  Source-Line:libMvCameraControl.so(GigEDevice.cpp-L0935)  ProcessName:grabImgWithTrigger(114522)     Description:[OpenDevice]Invalidate Nodes success
Info    2026-06-02 03:30:57:396  DevID:MV-CS050-10GC(DB0498485)  Source-Line:libMvCameraControl.so(StreamGrab.cpp-L0237)  ProcessName:grabImgWithTrigger(114522)     Description:[Open]Stream channel[0] opened
Info    2026-06-02 03:30:57:399  DevID:MV-CS050-10GC(DB0498485)  Source-Line:libMvCameraControl.so(GigEDevice.cpp-L0967)  ProcessName:grabImgWithTrigger(114522)     Description:[OpenDevice]Open device success! PrivilegeMode[1], SwitchoverKey[0], DeviceUptime[10964],DeviceFirmwareVersion[V4.0.43 2504141530132 23120701]
Info    2026-06-02 03:30:57:399  DevID:MV-CS050-10GC(DB0498485)  Source-Line:libMvCameraControl.so(MediaProcess.cpp-L0880)  ProcessName:grabImgWithTrigger(114522)     Description:[SetBayerCvtQuality]Set Bayer CvtQuality success! BayerCvtQuality[1]
Info    2026-06-02 03:30:57:399  DevID:MV-CS050-10GC(DB0498485)  Source-Line:libMvCameraControl.so(MediaProcess.cpp-L1876)  ProcessName:grabImgWithTrigger(114522)     Description:[SetBayerThreadNum]Set Bayer Thread Num success! BayerThreadNum[4]
Info    2026-06-02 03:30:57:399  DevID:MV-CS050-10GC(DB0498485)  Source-Line:libMvCameraControl.so(GigEDevice.cpp-L0986)  ProcessName:grabImgWithTrigger(114522)     Description:[OpenDevice]OpenDevice, cost time 249.000000ms 
Info    2026-06-02 03:30:57:399  DevID:  Source-Line:libMvCameraControl.so(GenICamImpl.cpp-L2412)  ProcessName:grabImgWithTrigger(114522)     Description:[RecordThread]RecordThread Start, ThreadId[1861341280]
Info    2026-06-02 03:30:57:428  DevID:MV-CS050-10GC(DB0498485)  Source-Line:libMvCameraControl.so(GenICamImpl.cpp-L2443)  ProcessName:grabImgWithTrigger(114522)     Description:[RecordThreadProc][Record] Get BlackLevel value [240]
Info    2026-06-02 03:30:57:436  DevID:MV-CS050-10GC(DB0498485)  Source-Line:libMvCameraControl.so(GenICamImpl.cpp-L2465)  ProcessName:grabImgWithTrigger(114522)     Description:[RecordThreadProc][Record] Get BalanceWhiteAuto Value [1] (0:off 1:contineu; 2:once):
Info    2026-06-02 03:30:57:439  DevID:MV-CS050-10GC(DB0498485)  Source-Line:libMvCameraControl.so(GenICamImpl.cpp-L2531)  ProcessName:grabImgWithTrigger(114522)     Description:[RecordThreadProc][Record] Get ExposureAuto value [0]
Info    2026-06-02 03:30:57:450  DevID:MV-CS050-10GC(DB0498485)  Source-Line:libMvCameraControl.so(GenICamImpl.cpp-L2553)  ProcessName:grabImgWithTrigger(114522)     Description:[RecordThreadProc][Record] Get ExposureTime value [5000.000000] 
Info    2026-06-02 03:30:57:459  DevID:MV-CS050-10GC(DB0498485)  Source-Line:libMvCameraControl.so(GenICamImpl.cpp-L2574)  ProcessName:grabImgWithTrigger(114522)     Description:[RecordThreadProc][Record] Get GainAuto value [2] (0:off 1:contineu; 2:once):
Error   2026-06-02 03:30:57:496  DevID:MV-CS050-10GC(DB0498485)  Source-Line:libMvCameraControl.so(GenICamImpl.cpp-L1181)  ProcessName:grabImgWithTrigger(114522)     Description:[XML_GetNodeAccessMode]PropertyName[SeqExpEnable], Ret[0x80000109]
Error   2026-06-02 03:30:57:496  DevID:MV-CS050-10GC(DB0498485)  Source-Line:libMvCameraControl.so(GenICamImpl.cpp-L1181)  ProcessName:grabImgWithTrigger(114522)     Description:[XML_GetNodeAccessMode]PropertyName[MultiLightControl], Ret[0x80000109]
Info    2026-06-02 03:30:57:500  DevID:MV-CS050-10GC(DB0498485)  Source-Line:libMvCameraControl.so(GenICamImpl.cpp-L2595)  ProcessName:grabImgWithTrigger(114522)     Description:[RecordThreadProc][Record] Get Gain value [23.981199] 
Info    2026-06-02 03:30:57:504  DevID:MV-CS050-10GC(DB0498485)  Source-Line:libMvCameraControl.so(LiquidLensController.cpp-L2113)  ProcessName:grabImgWithTrigger(114522)     Description:[SetFastQuit][CLiquidLensController]SetFastQuit: Fast quit disabled
Info    2026-06-02 03:30:57:504  DevID:MV-CS050-10GC(DB0498485)  Source-Line:libMvCameraControl.so(GigEStream.cpp-L0070)  ProcessName:grabImgWithTrigger(114522)     Description:[StartAcquisition][GEV]Width[2448], Height[2048], PixelFormat[0x2180014], PayloadSize[15040512], ChunkCount[100], CompressMode[0], DeviceUptime[10964]
Info    2026-06-02 03:30:57:510  DevID:MV-CS050-10GC(DB0498485)  Source-Line:libMvCameraControl.so(GenICamImpl.cpp-L2616)  ProcessName:grabImgWithTrigger(114522)     Description:[RecordThreadProc][Record] Get PixelFormat value [35127316] :
Info    2026-06-02 03:30:57:512  DevID:MV-CS050-10GC(DB0498485)  Source-Line:libMvCameraControl.so(StreamGrab.cpp-L0872)  ProcessName:grabImgWithTrigger(114522)     Description:[StartGrabbing]StreamChannel[0], Start grabbing success, There is no registration callback.
Info    2026-06-02 03:30:57:513  DevID:MV-CS050-10GC(DB0498485)  Source-Line:libMvCameraControl.so(GenICamImpl.cpp-L2637)  ProcessName:grabImgWithTrigger(114522)     Description:[RecordThreadProc][Record] Get GammaEnable value [1] 
Info    2026-06-02 03:30:57:514  DevID:MV-CS050-10GC(DB0498485)  Source-Line:libMvCameraControl.so(GenICamImpl.cpp-L2658)  ProcessName:grabImgWithTrigger(114522)     Description:[RecordThreadProc][Record] Get Gamma value [0.700000] 
Info    2026-06-02 03:30:57:515  DevID:MV-CS050-10GC(DB0498485)  Source-Line:libMvCameraControl.so(GenICamImpl.cpp-L2679)  ProcessName:grabImgWithTrigger(114522)     Description:[RecordThreadProc][Record] Get UserSetCurrent value [0]
Info    2026-06-02 03:30:57:517  DevID:MV-CS050-10GC(DB0498485)  Source-Line:libMvCameraControl.so(GenICamImpl.cpp-L2700)  ProcessName:grabImgWithTrigger(114522)     Description:[RecordThreadProc][Record] Get UserSetSelector value [0] 
Info    2026-06-02 03:30:57:518  DevID:MV-CS050-10GC(DB0498485)  Source-Line:libMvCameraControl.so(GenICamImpl.cpp-L2721)  ProcessName:grabImgWithTrigger(114522)     Description:[RecordThreadProc][Record] Get UserSetDefault value[0]
Info    2026-06-02 03:30:57:518  DevID:  Source-Line:libMvCameraControl.so(GenICamImpl.cpp-L2417)  ProcessName:grabImgWithTrigger(114522)     Description:[RecordThread]RecordThread End, ThreadId[1861341280]
Warning 2026-06-02 03:30:58:522  DevID:MV-CS050-10GC(DB0498485)  Source-Line:libMvCameraControl.so(StreamGrab.cpp-L1254)  ProcessName:grabImgWithTrigger(114522)     Description:[GetOneFrameTimeout]StreamChannel[0], Get image failed! Msec[1000], Ret[0x80000007]
Warning 2026-06-02 03:30:59:522  DevID:MV-CS050-10GC(DB0498485)  Source-Line:libMvCameraControl.so(StreamGrab.cpp-L1254)  ProcessName:grabImgWithTrigger(114522)     Description:[GetOneFrameTimeout]StreamChannel[0], Get image failed! Msec[1000], Ret[0x80000007]
Warning 2026-06-02 03:31:00:522  DevID:MV-CS050-10GC(DB0498485)  Source-Line:libMvCameraControl.so(StreamGrab.cpp-L1254)  ProcessName:grabImgWithTrigger(114522)     Description:[GetOneFrameTimeout]StreamChannel[0], Get image failed! Msec[1000], Ret[0x80000007]
Warning 2026-06-02 03:31:01:522  DevID:MV-CS050-10GC(DB0498485)  Source-Line:libMvCameraControl.so(StreamGrab.cpp-L1254)  ProcessName:grabImgWithTrigger(114522)     Description:[GetOneFrameTimeout]StreamChannel[0], Get image failed! Msec[1000], Ret[0x80000007]
Warning 2026-06-02 03:31:02:522  DevID:MV-CS050-10GC(DB0498485)  Source-Line:libMvCameraControl.so(StreamGrab.cpp-L1254)  ProcessName:grabImgWithTrigger(114522)     Description:[GetOneFrameTimeout]StreamChannel[0], Get image failed! Msec[1000], Ret[0x80000007]
Warning 2026-06-02 03:31:03:523  DevID:MV-CS050-10GC(DB0498485)  Source-Line:libMvCameraControl.so(StreamGrab.cpp-L1254)  ProcessName:grabImgWithTrigger(114522)     Description:[GetOneFrameTimeout]StreamChannel[0], Get image failed! Msec[1000], Ret[0x80000007]
Warning 2026-06-02 03:31:04:523  DevID:MV-CS050-10GC(DB0498485)  Source-Line:libMvCameraControl.so(StreamGrab.cpp-L1254)  ProcessName:grabImgWithTrigger(114522)     Description:[GetOneFrameTimeout]StreamChannel[0], Get image failed! Msec[1000], Ret[0x80000007]
Warning 2026-06-02 03:31:05:523  DevID:MV-CS050-10GC(DB0498485)  Source-Line:libMvCameraControl.so(StreamGrab.cpp-L1254)  ProcessName:grabImgWithTrigger(114522)     Description:[GetOneFrameTimeout]StreamChannel[0], Get image failed! Msec[1000], Ret[0x80000007]
Warning 2026-06-02 03:31:06:523  DevID:MV-CS050-10GC(DB0498485)  Source-Line:libMvCameraControl.so(StreamGrab.cpp-L1254)  ProcessName:grabImgWithTrigger(114522)     Description:[GetOneFrameTimeout]StreamChannel[0], Get image failed! Msec[1000], Ret[0x80000007]
Warning 2026-06-02 03:31:07:523  DevID:MV-CS050-10GC(DB0498485)  Source-Line:libMvCameraControl.so(StreamGrab.cpp-L1254)  ProcessName:grabImgWithTrigger(114522)     Description:[GetOneFrameTimeout]StreamChannel[0], Get image failed! Msec[1000], Ret[0x80000007]
Info    2026-06-02 03:31:07:523  DevID:MV-CS050-10GC(DB0498485)  Source-Line:libMvCameraControl.so(LiquidLensController.cpp-L2109)  ProcessName:grabImgWithTrigger(114522)     Description:[SetFastQuit][CLiquidLensController]SetFastQuit: Fast quit enabled
Info    2026-06-02 03:31:07:533  DevID:MV-CS050-10GC(DB0498485)  Source-Line:libMvCameraControl.so(StreamGrab.cpp-L0937)  ProcessName:grabImgWithTrigger(114522)     Description:[StopGrabbing]Stop grabbing success! DeviceUptime[10974]
Info    2026-06-02 03:31:07:533  DevID:MV-CS050-10GC(DB0498485)  Source-Line:libMvCameraControl.so(GigEDevice.cpp-L0760)  ProcessName:grabImgWithTrigger(114522)     Description:[CloseGigEDevice] Close device begin!
Error   2026-06-02 03:31:07:533  DevID:MV-CS050-10GC(DB0498485)  Source-Line:libMvCameraControl.so(StreamGrab.cpp-L0885)  ProcessName:grabImgWithTrigger(114522)     Description:[StopGrabbing]StreamChannel[0], bGrabbing[0], pDevStream[0xaaaadef466e0]
Info    2026-06-02 03:31:07:533  DevID:MV-CS050-10GC(DB0498485)  Source-Line:libMvCameraControl.so(StreamGrab.cpp-L0273)  ProcessName:grabImgWithTrigger(114522)     Description:[Close]Stream channel[0] closed
Info    2026-06-02 03:31:07:534  DevID:MV-CS050-10GC(DB0498485)  Source-Line:libMvCameraControl.so(GigEDevice.cpp-L0777)  ProcessName:grabImgWithTrigger(114522)     Description:[CloseGigEDevice]DeviceUptime[10974]
Info    2026-06-02 03:31:07:539  DevID:MV-CS050-10GC(DB0498485)  Source-Line:libMvCameraControl.so(GigEDevice.cpp-L0803)  ProcessName:grabImgWithTrigger(114522)     Description:[CloseGigEDevice]Close device success!
Info    2026-06-02 03:31:07:539  DevID:MV-CS050-10GC(DB0498485)  Source-Line:libMvCameraControl.so(GigEDeviceEvent.cpp-L0046)  ProcessName:grabImgWithTrigger(114522)     Description:[Deinit]GigEDeviceEvent Deinit  RecvAllEvent  [0],
Error   2026-06-02 03:31:31:413  DevID:  Source-Line:libMvCameraControl.so(GenTLLoadLibraryEx.cpp-L0222)  ProcessName:grabImgWithTrigger(114754)     Description:[LoadCtiLibInter]Load CTI failed! CTI path[/opt/MVS/lib/aarch64/libMvProducerVIR.so], nRet[0x8000000c]
Error   2026-06-02 03:31:31:413  DevID:  Source-Line:libMvCameraControl.so(GenTLLoadLibraryEx.cpp-L0222)  ProcessName:grabImgWithTrigger(114754)     Description:[LoadCtiLibInter]Load CTI failed! CTI path[/opt/MVS/lib/aarch64/libMvProducerVIR.so], nRet[0x8000000c]
Info    2026-06-02 03:31:31:413  DevID:  Source-Line:libMvCameraControl.so(GigELoadLibrary.cpp-L1611)  ProcessName:grabImgWithTrigger(114754)     Description:[LoadGigEAllFunctions]Load MVGigEVisionSDK success
Info    2026-06-02 03:31:31:516  DevID:MV-CS050-10GC(DB0498485)  Source-Line:libMvCameraControl.so(GigEDevice.cpp-L0375)  ProcessName:grabImgWithTrigger(114754)     Description:[Init]GEV INFO DeviceIP[192.168.127.3], NetIP[192.168.127.110], ManufacturerInfo[Hikrobot], DeviceVersion[V4.0.43 250414 1530132], UserID[]
Info    2026-06-02 03:31:31:516  DevID:MV-CS050-10GC(DB0498485)  Source-Line:libMvCameraControl.so(MediaProcess.cpp-L0880)  ProcessName:grabImgWithTrigger(114754)     Description:[SetBayerCvtQuality]Set Bayer CvtQuality success! BayerCvtQuality[1]
Info    2026-06-02 03:31:31:516  DevID:MV-CS050-10GC(DB0498485)  Source-Line:libMvCameraControl.so(MediaProcess.cpp-L1876)  ProcessName:grabImgWithTrigger(114754)     Description:[SetBayerThreadNum]Set Bayer Thread Num success! BayerThreadNum[4]
Info    2026-06-02 03:31:31:516  DevID:MV-CS050-10GC(DB0498485)  Source-Line:libMvCameraControl.so(MediaProcess.cpp-L0880)  ProcessName:grabImgWithTrigger(114754)     Description:[SetBayerCvtQuality]Set Bayer CvtQuality success! BayerCvtQuality[1]
Info    2026-06-02 03:31:31:516  DevID:MV-CS050-10GC(DB0498485)  Source-Line:libMvCameraControl.so(MediaProcess.cpp-L1876)  ProcessName:grabImgWithTrigger(114754)     Description:[SetBayerThreadNum]Set Bayer Thread Num success! BayerThreadNum[4]
Info    2026-06-02 03:31:31:558  DevID:  Source-Line:libMvCameraControl.so(CacheXmlToFile.cpp-L0576)  ProcessName:grabImgWithTrigger(114754)     Description:[ReadCacheFile]ReadLocalFile XMLPath[SchemaVersion.1.0@Hikrobot#GEV#MV-CS050-10GC#V4.0.43 250414 1530132@XMLVersion.1.0.0.zip]
Info    2026-06-02 03:31:31:558  DevID:MV-CS050-10GC(DB0498485)  Source-Line:libMvCameraControl.so(GigEDevice.cpp-L0576)  ProcessName:grabImgWithTrigger(114754)     Description:[GetXmlInfo]Get GenICamXML From local File, len [0x197c9] Type[1]
Info    2026-06-02 03:31:31:755  DevID:MV-CS050-10GC(DB0498485)  Source-Line:libMvCameraControl.so(GigEDevice.cpp-L0922)  ProcessName:grabImgWithTrigger(114754)     Description:[OpenDevice]Load XML success
Info    2026-06-02 03:31:31:758  DevID:MV-CS050-10GC(DB0498485)  Source-Line:libMvCameraControl.so(GenICamImpl.cpp-L0802)  ProcessName:grabImgWithTrigger(114754)     Description:[InvalidateNodes]Invalidate Nodes success
Info    2026-06-02 03:31:31:758  DevID:MV-CS050-10GC(DB0498485)  Source-Line:libMvCameraControl.so(GigEDevice.cpp-L0935)  ProcessName:grabImgWithTrigger(114754)     Description:[OpenDevice]Invalidate Nodes success
Info    2026-06-02 03:31:31:760  DevID:MV-CS050-10GC(DB0498485)  Source-Line:libMvCameraControl.so(StreamGrab.cpp-L0237)  ProcessName:grabImgWithTrigger(114754)     Description:[Open]Stream channel[0] opened
Info    2026-06-02 03:31:31:763  DevID:MV-CS050-10GC(DB0498485)  Source-Line:libMvCameraControl.so(GigEDevice.cpp-L0967)  ProcessName:grabImgWithTrigger(114754)     Description:[OpenDevice]Open device success! PrivilegeMode[1], SwitchoverKey[0], DeviceUptime[10999],DeviceFirmwareVersion[V4.0.43 2504141530132 23120701]
Info    2026-06-02 03:31:31:763  DevID:MV-CS050-10GC(DB0498485)  Source-Line:libMvCameraControl.so(MediaProcess.cpp-L0880)  ProcessName:grabImgWithTrigger(114754)     Description:[SetBayerCvtQuality]Set Bayer CvtQuality success! BayerCvtQuality[1]
Info    2026-06-02 03:31:31:763  DevID:MV-CS050-10GC(DB0498485)  Source-Line:libMvCameraControl.so(MediaProcess.cpp-L1876)  ProcessName:grabImgWithTrigger(114754)     Description:[SetBayerThreadNum]Set Bayer Thread Num success! BayerThreadNum[4]
Info    2026-06-02 03:31:31:763  DevID:MV-CS050-10GC(DB0498485)  Source-Line:libMvCameraControl.so(GigEDevice.cpp-L0986)  ProcessName:grabImgWithTrigger(114754)     Description:[OpenDevice]OpenDevice, cost time 247.000000ms 
Info    2026-06-02 03:31:31:763  DevID:  Source-Line:libMvCameraControl.so(GenICamImpl.cpp-L2412)  ProcessName:grabImgWithTrigger(114754)     Description:[RecordThread]RecordThread Start, ThreadId[2532429920]
Info    2026-06-02 03:31:31:791  DevID:MV-CS050-10GC(DB0498485)  Source-Line:libMvCameraControl.so(GenICamImpl.cpp-L2443)  ProcessName:grabImgWithTrigger(114754)     Description:[RecordThreadProc][Record] Get BlackLevel value [240]
Info    2026-06-02 03:31:31:800  DevID:MV-CS050-10GC(DB0498485)  Source-Line:libMvCameraControl.so(GenICamImpl.cpp-L2465)  ProcessName:grabImgWithTrigger(114754)     Description:[RecordThreadProc][Record] Get BalanceWhiteAuto Value [1] (0:off 1:contineu; 2:once):
Info    2026-06-02 03:31:31:804  DevID:MV-CS050-10GC(DB0498485)  Source-Line:libMvCameraControl.so(GenICamImpl.cpp-L2531)  ProcessName:grabImgWithTrigger(114754)     Description:[RecordThreadProc][Record] Get ExposureAuto value [0]
Info    2026-06-02 03:31:31:814  DevID:MV-CS050-10GC(DB0498485)  Source-Line:libMvCameraControl.so(GenICamImpl.cpp-L2553)  ProcessName:grabImgWithTrigger(114754)     Description:[RecordThreadProc][Record] Get ExposureTime value [5000.000000] 
Info    2026-06-02 03:31:31:824  DevID:MV-CS050-10GC(DB0498485)  Source-Line:libMvCameraControl.so(GenICamImpl.cpp-L2574)  ProcessName:grabImgWithTrigger(114754)     Description:[RecordThreadProc][Record] Get GainAuto value [2] (0:off 1:contineu; 2:once):
Error   2026-06-02 03:31:31:856  DevID:MV-CS050-10GC(DB0498485)  Source-Line:libMvCameraControl.so(GenICamImpl.cpp-L1181)  ProcessName:grabImgWithTrigger(114754)     Description:[XML_GetNodeAccessMode]PropertyName[SeqExpEnable], Ret[0x80000109]
Error   2026-06-02 03:31:31:856  DevID:MV-CS050-10GC(DB0498485)  Source-Line:libMvCameraControl.so(GenICamImpl.cpp-L1181)  ProcessName:grabImgWithTrigger(114754)     Description:[XML_GetNodeAccessMode]PropertyName[MultiLightControl], Ret[0x80000109]
Info    2026-06-02 03:31:31:859  DevID:MV-CS050-10GC(DB0498485)  Source-Line:libMvCameraControl.so(LiquidLensController.cpp-L2113)  ProcessName:grabImgWithTrigger(114754)     Description:[SetFastQuit][CLiquidLensController]SetFastQuit: Fast quit disabled
Info    2026-06-02 03:31:31:859  DevID:MV-CS050-10GC(DB0498485)  Source-Line:libMvCameraControl.so(GigEStream.cpp-L0070)  ProcessName:grabImgWithTrigger(114754)     Description:[StartAcquisition][GEV]Width[2448], Height[2048], PixelFormat[0x2180014], PayloadSize[15040512], ChunkCount[100], CompressMode[0], DeviceUptime[10999]
Info    2026-06-02 03:31:31:869  DevID:MV-CS050-10GC(DB0498485)  Source-Line:libMvCameraControl.so(GenICamImpl.cpp-L2595)  ProcessName:grabImgWithTrigger(114754)     Description:[RecordThreadProc][Record] Get Gain value [23.981199] 
Info    2026-06-02 03:31:31:872  DevID:MV-CS050-10GC(DB0498485)  Source-Line:libMvCameraControl.so(StreamGrab.cpp-L0872)  ProcessName:grabImgWithTrigger(114754)     Description:[StartGrabbing]StreamChannel[0], Start grabbing success, There is no registration callback.
Info    2026-06-02 03:31:31:872  DevID:MV-CS050-10GC(DB0498485)  Source-Line:libMvCameraControl.so(GenICamImpl.cpp-L2616)  ProcessName:grabImgWithTrigger(114754)     Description:[RecordThreadProc][Record] Get PixelFormat value [35127316] :
Info    2026-06-02 03:31:31:873  DevID:MV-CS050-10GC(DB0498485)  Source-Line:libMvCameraControl.so(GenICamImpl.cpp-L2637)  ProcessName:grabImgWithTrigger(114754)     Description:[RecordThreadProc][Record] Get GammaEnable value [1] 
Info    2026-06-02 03:31:31:874  DevID:MV-CS050-10GC(DB0498485)  Source-Line:libMvCameraControl.so(GenICamImpl.cpp-L2658)  ProcessName:grabImgWithTrigger(114754)     Description:[RecordThreadProc][Record] Get Gamma value [0.700000] 
Info    2026-06-02 03:31:31:875  DevID:MV-CS050-10GC(DB0498485)  Source-Line:libMvCameraControl.so(GenICamImpl.cpp-L2679)  ProcessName:grabImgWithTrigger(114754)     Description:[RecordThreadProc][Record] Get UserSetCurrent value [0]
Info    2026-06-02 03:31:31:877  DevID:MV-CS050-10GC(DB0498485)  Source-Line:libMvCameraControl.so(GenICamImpl.cpp-L2700)  ProcessName:grabImgWithTrigger(114754)     Description:[RecordThreadProc][Record] Get UserSetSelector value [0] 
Info    2026-06-02 03:31:31:878  DevID:MV-CS050-10GC(DB0498485)  Source-Line:libMvCameraControl.so(GenICamImpl.cpp-L2721)  ProcessName:grabImgWithTrigger(114754)     Description:[RecordThreadProc][Record] Get UserSetDefault value[0]
Info    2026-06-02 03:31:31:878  DevID:  Source-Line:libMvCameraControl.so(GenICamImpl.cpp-L2417)  ProcessName:grabImgWithTrigger(114754)     Description:[RecordThread]RecordThread End, ThreadId[2532429920]
Info    2026-06-02 03:31:43:350  DevID:MV-CS050-10GC(DB0498485)  Source-Line:libMvCameraControl.so(LiquidLensController.cpp-L2109)  ProcessName:grabImgWithTrigger(114754)     Description:[SetFastQuit][CLiquidLensController]SetFastQuit: Fast quit enabled
Info    2026-06-02 03:31:43:363  DevID:MV-CS050-10GC(DB0498485)  Source-Line:libMvCameraControl.so(StreamGrab.cpp-L0937)  ProcessName:grabImgWithTrigger(114754)     Description:[StopGrabbing]Stop grabbing success! DeviceUptime[11010]
Info    2026-06-02 03:31:43:363  DevID:MV-CS050-10GC(DB0498485)  Source-Line:libMvCameraControl.so(GigEDevice.cpp-L0760)  ProcessName:grabImgWithTrigger(114754)     Description:[CloseGigEDevice] Close device begin!
Error   2026-06-02 03:31:43:363  DevID:MV-CS050-10GC(DB0498485)  Source-Line:libMvCameraControl.so(StreamGrab.cpp-L0885)  ProcessName:grabImgWithTrigger(114754)     Description:[StopGrabbing]StreamChannel[0], bGrabbing[0], pDevStream[0xaaaae28f67e0]
Info    2026-06-02 03:31:43:363  DevID:MV-CS050-10GC(DB0498485)  Source-Line:libMvCameraControl.so(StreamGrab.cpp-L0273)  ProcessName:grabImgWithTrigger(114754)     Description:[Close]Stream channel[0] closed
Info    2026-06-02 03:31:43:364  DevID:MV-CS050-10GC(DB0498485)  Source-Line:libMvCameraControl.so(GigEDevice.cpp-L0777)  ProcessName:grabImgWithTrigger(114754)     Description:[CloseGigEDevice]DeviceUptime[11010]
Info    2026-06-02 03:31:43:369  DevID:MV-CS050-10GC(DB0498485)  Source-Line:libMvCameraControl.so(GigEDevice.cpp-L0803)  ProcessName:grabImgWithTrigger(114754)     Description:[CloseGigEDevice]Close device success!
Info    2026-06-02 03:31:43:369  DevID:MV-CS050-10GC(DB0498485)  Source-Line:libMvCameraControl.so(GigEDeviceEvent.cpp-L0046)  ProcessName:grabImgWithTrigger(114754)     Description:[Deinit]GigEDeviceEvent Deinit  RecvAllEvent  [0],
Error   2026-06-02 03:32:32:946  DevID:  Source-Line:libMvCameraControl.so(GenTLLoadLibraryEx.cpp-L0222)  ProcessName:grabImgWithTrigger(115179)     Description:[LoadCtiLibInter]Load CTI failed! CTI path[/opt/MVS/lib/aarch64/libMvProducerVIR.so], nRet[0x8000000c]
Info    2026-06-02 03:32:32:946  DevID:  Source-Line:libMvCameraControl.so(GigELoadLibrary.cpp-L1611)  ProcessName:grabImgWithTrigger(115179)     Description:[LoadGigEAllFunctions]Load MVGigEVisionSDK success
Error   2026-06-02 03:32:32:946  DevID:  Source-Line:libMvCameraControl.so(GenTLLoadLibraryEx.cpp-L0222)  ProcessName:grabImgWithTrigger(115179)     Description:[LoadCtiLibInter]Load CTI failed! CTI path[/opt/MVS/lib/aarch64/libMvProducerVIR.so], nRet[0x8000000c]
Info    2026-06-02 03:32:33:048  DevID:MV-CS050-10GC(DB0498485)  Source-Line:libMvCameraControl.so(GigEDevice.cpp-L0375)  ProcessName:grabImgWithTrigger(115179)     Description:[Init]GEV INFO DeviceIP[192.168.127.3], NetIP[192.168.127.110], ManufacturerInfo[Hikrobot], DeviceVersion[V4.0.43 250414 1530132], UserID[]
Info    2026-06-02 03:32:33:048  DevID:MV-CS050-10GC(DB0498485)  Source-Line:libMvCameraControl.so(MediaProcess.cpp-L0880)  ProcessName:grabImgWithTrigger(115179)     Description:[SetBayerCvtQuality]Set Bayer CvtQuality success! BayerCvtQuality[1]
Info    2026-06-02 03:32:33:048  DevID:MV-CS050-10GC(DB0498485)  Source-Line:libMvCameraControl.so(MediaProcess.cpp-L1876)  ProcessName:grabImgWithTrigger(115179)     Description:[SetBayerThreadNum]Set Bayer Thread Num success! BayerThreadNum[4]
Info    2026-06-02 03:32:33:048  DevID:MV-CS050-10GC(DB0498485)  Source-Line:libMvCameraControl.so(MediaProcess.cpp-L0880)  ProcessName:grabImgWithTrigger(115179)     Description:[SetBayerCvtQuality]Set Bayer CvtQuality success! BayerCvtQuality[1]
Info    2026-06-02 03:32:33:048  DevID:MV-CS050-10GC(DB0498485)  Source-Line:libMvCameraControl.so(MediaProcess.cpp-L1876)  ProcessName:grabImgWithTrigger(115179)     Description:[SetBayerThreadNum]Set Bayer Thread Num success! BayerThreadNum[4]
Info    2026-06-02 03:32:33:090  DevID:  Source-Line:libMvCameraControl.so(CacheXmlToFile.cpp-L0576)  ProcessName:grabImgWithTrigger(115179)     Description:[ReadCacheFile]ReadLocalFile XMLPath[SchemaVersion.1.0@Hikrobot#GEV#MV-CS050-10GC#V4.0.43 250414 1530132@XMLVersion.1.0.0.zip]
Info    2026-06-02 03:32:33:090  DevID:MV-CS050-10GC(DB0498485)  Source-Line:libMvCameraControl.so(GigEDevice.cpp-L0576)  ProcessName:grabImgWithTrigger(115179)     Description:[GetXmlInfo]Get GenICamXML From local File, len [0x197c9] Type[1]
Info    2026-06-02 03:32:33:300  DevID:MV-CS050-10GC(DB0498485)  Source-Line:libMvCameraControl.so(GigEDevice.cpp-L0922)  ProcessName:grabImgWithTrigger(115179)     Description:[OpenDevice]Load XML success
Info    2026-06-02 03:32:33:304  DevID:MV-CS050-10GC(DB0498485)  Source-Line:libMvCameraControl.so(GenICamImpl.cpp-L0802)  ProcessName:grabImgWithTrigger(115179)     Description:[InvalidateNodes]Invalidate Nodes success
Info    2026-06-02 03:32:33:304  DevID:MV-CS050-10GC(DB0498485)  Source-Line:libMvCameraControl.so(GigEDevice.cpp-L0935)  ProcessName:grabImgWithTrigger(115179)     Description:[OpenDevice]Invalidate Nodes success
Info    2026-06-02 03:32:33:306  DevID:MV-CS050-10GC(DB0498485)  Source-Line:libMvCameraControl.so(StreamGrab.cpp-L0237)  ProcessName:grabImgWithTrigger(115179)     Description:[Open]Stream channel[0] opened
Info    2026-06-02 03:32:33:308  DevID:MV-CS050-10GC(DB0498485)  Source-Line:libMvCameraControl.so(GigEDevice.cpp-L0967)  ProcessName:grabImgWithTrigger(115179)     Description:[OpenDevice]Open device success! PrivilegeMode[1], SwitchoverKey[0], DeviceUptime[11060],DeviceFirmwareVersion[V4.0.43 2504141530132 23120701]
Info    2026-06-02 03:32:33:308  DevID:MV-CS050-10GC(DB0498485)  Source-Line:libMvCameraControl.so(MediaProcess.cpp-L0880)  ProcessName:grabImgWithTrigger(115179)     Description:[SetBayerCvtQuality]Set Bayer CvtQuality success! BayerCvtQuality[1]
Info    2026-06-02 03:32:33:308  DevID:MV-CS050-10GC(DB0498485)  Source-Line:libMvCameraControl.so(MediaProcess.cpp-L1876)  ProcessName:grabImgWithTrigger(115179)     Description:[SetBayerThreadNum]Set Bayer Thread Num success! BayerThreadNum[4]
Info    2026-06-02 03:32:33:309  DevID:MV-CS050-10GC(DB0498485)  Source-Line:libMvCameraControl.so(GigEDevice.cpp-L0986)  ProcessName:grabImgWithTrigger(115179)     Description:[OpenDevice]OpenDevice, cost time 260.000000ms 
Info    2026-06-02 03:32:33:309  DevID:  Source-Line:libMvCameraControl.so(GenICamImpl.cpp-L2412)  ProcessName:grabImgWithTrigger(115179)     Description:[RecordThread]RecordThread Start, ThreadId[1821036640]
Info    2026-06-02 03:32:33:340  DevID:MV-CS050-10GC(DB0498485)  Source-Line:libMvCameraControl.so(GenICamImpl.cpp-L2443)  ProcessName:grabImgWithTrigger(115179)     Description:[RecordThreadProc][Record] Get BlackLevel value [240]
Info    2026-06-02 03:32:33:348  DevID:MV-CS050-10GC(DB0498485)  Source-Line:libMvCameraControl.so(GenICamImpl.cpp-L2465)  ProcessName:grabImgWithTrigger(115179)     Description:[RecordThreadProc][Record] Get BalanceWhiteAuto Value [1] (0:off 1:contineu; 2:once):
Info    2026-06-02 03:32:33:352  DevID:MV-CS050-10GC(DB0498485)  Source-Line:libMvCameraControl.so(GenICamImpl.cpp-L2531)  ProcessName:grabImgWithTrigger(115179)     Description:[RecordThreadProc][Record] Get ExposureAuto value [0]
Info    2026-06-02 03:32:33:362  DevID:MV-CS050-10GC(DB0498485)  Source-Line:libMvCameraControl.so(GenICamImpl.cpp-L2553)  ProcessName:grabImgWithTrigger(115179)     Description:[RecordThreadProc][Record] Get ExposureTime value [5000.000000] 
Info    2026-06-02 03:32:33:364  DevID:MV-CS050-10GC(DB0498485)  Source-Line:libMvCameraControl.so(GenICamImpl.cpp-L2574)  ProcessName:grabImgWithTrigger(115179)     Description:[RecordThreadProc][Record] Get GainAuto value [2] (0:off 1:contineu; 2:once):
Info    2026-06-02 03:32:33:377  DevID:MV-CS050-10GC(DB0498485)  Source-Line:libMvCameraControl.so(GenICamImpl.cpp-L2595)  ProcessName:grabImgWithTrigger(115179)     Description:[RecordThreadProc][Record] Get Gain value [23.981199] 
Info    2026-06-02 03:32:33:404  DevID:MV-CS050-10GC(DB0498485)  Source-Line:libMvCameraControl.so(GenICamImpl.cpp-L2616)  ProcessName:grabImgWithTrigger(115179)     Description:[RecordThreadProc][Record] Get PixelFormat value [35127316] :
Error   2026-06-02 03:32:33:418  DevID:MV-CS050-10GC(DB0498485)  Source-Line:libMvCameraControl.so(GenICamImpl.cpp-L1181)  ProcessName:grabImgWithTrigger(115179)     Description:[XML_GetNodeAccessMode]PropertyName[SeqExpEnable], Ret[0x80000109]
Error   2026-06-02 03:32:33:418  DevID:MV-CS050-10GC(DB0498485)  Source-Line:libMvCameraControl.so(GenICamImpl.cpp-L1181)  ProcessName:grabImgWithTrigger(115179)     Description:[XML_GetNodeAccessMode]PropertyName[MultiLightControl], Ret[0x80000109]
Info    2026-06-02 03:32:33:422  DevID:MV-CS050-10GC(DB0498485)  Source-Line:libMvCameraControl.so(LiquidLensController.cpp-L2113)  ProcessName:grabImgWithTrigger(115179)     Description:[SetFastQuit][CLiquidLensController]SetFastQuit: Fast quit disabled
Info    2026-06-02 03:32:33:422  DevID:MV-CS050-10GC(DB0498485)  Source-Line:libMvCameraControl.so(GigEStream.cpp-L0070)  ProcessName:grabImgWithTrigger(115179)     Description:[StartAcquisition][GEV]Width[2448], Height[2048], PixelFormat[0x2180014], PayloadSize[15040512], ChunkCount[100], CompressMode[0], DeviceUptime[11060]
Info    2026-06-02 03:32:33:429  DevID:MV-CS050-10GC(DB0498485)  Source-Line:libMvCameraControl.so(GenICamImpl.cpp-L2637)  ProcessName:grabImgWithTrigger(115179)     Description:[RecordThreadProc][Record] Get GammaEnable value [1] 
Info    2026-06-02 03:32:33:431  DevID:MV-CS050-10GC(DB0498485)  Source-Line:libMvCameraControl.so(StreamGrab.cpp-L0872)  ProcessName:grabImgWithTrigger(115179)     Description:[StartGrabbing]StreamChannel[0], Start grabbing success, There is no registration callback.
Info    2026-06-02 03:32:33:432  DevID:MV-CS050-10GC(DB0498485)  Source-Line:libMvCameraControl.so(GenICamImpl.cpp-L2658)  ProcessName:grabImgWithTrigger(115179)     Description:[RecordThreadProc][Record] Get Gamma value [0.700000] 
Info    2026-06-02 03:32:33:435  DevID:MV-CS050-10GC(DB0498485)  Source-Line:libMvCameraControl.so(GenICamImpl.cpp-L2679)  ProcessName:grabImgWithTrigger(115179)     Description:[RecordThreadProc][Record] Get UserSetCurrent value [0]
Info    2026-06-02 03:32:33:437  DevID:MV-CS050-10GC(DB0498485)  Source-Line:libMvCameraControl.so(GenICamImpl.cpp-L2700)  ProcessName:grabImgWithTrigger(115179)     Description:[RecordThreadProc][Record] Get UserSetSelector value [0] 
Info    2026-06-02 03:32:33:438  DevID:MV-CS050-10GC(DB0498485)  Source-Line:libMvCameraControl.so(GenICamImpl.cpp-L2721)  ProcessName:grabImgWithTrigger(115179)     Description:[RecordThreadProc][Record] Get UserSetDefault value[0]
Info    2026-06-02 03:32:33:438  DevID:  Source-Line:libMvCameraControl.so(GenICamImpl.cpp-L2417)  ProcessName:grabImgWithTrigger(115179)     Description:[RecordThread]RecordThread End, ThreadId[1821036640]
Warning 2026-06-02 03:32:34:444  DevID:MV-CS050-10GC(DB0498485)  Source-Line:libMvCameraControl.so(StreamGrab.cpp-L1254)  ProcessName:grabImgWithTrigger(115179)     Description:[GetOneFrameTimeout]StreamChannel[0], Get image failed! Msec[1000], Ret[0x80000007]
Warning 2026-06-02 03:32:35:445  DevID:MV-CS050-10GC(DB0498485)  Source-Line:libMvCameraControl.so(StreamGrab.cpp-L1254)  ProcessName:grabImgWithTrigger(115179)     Description:[GetOneFrameTimeout]StreamChannel[0], Get image failed! Msec[1000], Ret[0x80000007]
Warning 2026-06-02 03:32:36:445  DevID:MV-CS050-10GC(DB0498485)  Source-Line:libMvCameraControl.so(StreamGrab.cpp-L1254)  ProcessName:grabImgWithTrigger(115179)     Description:[GetOneFrameTimeout]StreamChannel[0], Get image failed! Msec[1000], Ret[0x80000007]
Warning 2026-06-02 03:32:37:445  DevID:MV-CS050-10GC(DB0498485)  Source-Line:libMvCameraControl.so(StreamGrab.cpp-L1254)  ProcessName:grabImgWithTrigger(115179)     Description:[GetOneFrameTimeout]StreamChannel[0], Get image failed! Msec[1000], Ret[0x80000007]
Warning 2026-06-02 03:32:38:445  DevID:MV-CS050-10GC(DB0498485)  Source-Line:libMvCameraControl.so(StreamGrab.cpp-L1254)  ProcessName:grabImgWithTrigger(115179)     Description:[GetOneFrameTimeout]StreamChannel[0], Get image failed! Msec[1000], Ret[0x80000007]
Warning 2026-06-02 03:32:39:445  DevID:MV-CS050-10GC(DB0498485)  Source-Line:libMvCameraControl.so(StreamGrab.cpp-L1254)  ProcessName:grabImgWithTrigger(115179)     Description:[GetOneFrameTimeout]StreamChannel[0], Get image failed! Msec[1000], Ret[0x80000007]
Warning 2026-06-02 03:32:40:445  DevID:MV-CS050-10GC(DB0498485)  Source-Line:libMvCameraControl.so(StreamGrab.cpp-L1254)  ProcessName:grabImgWithTrigger(115179)     Description:[GetOneFrameTimeout]StreamChannel[0], Get image failed! Msec[1000], Ret[0x80000007]
Warning 2026-06-02 03:32:41:446  DevID:MV-CS050-10GC(DB0498485)  Source-Line:libMvCameraControl.so(StreamGrab.cpp-L1254)  ProcessName:grabImgWithTrigger(115179)     Description:[GetOneFrameTimeout]StreamChannel[0], Get image failed! Msec[1000], Ret[0x80000007]
Warning 2026-06-02 03:32:42:446  DevID:MV-CS050-10GC(DB0498485)  Source-Line:libMvCameraControl.so(StreamGrab.cpp-L1254)  ProcessName:grabImgWithTrigger(115179)     Description:[GetOneFrameTimeout]StreamChannel[0], Get image failed! Msec[1000], Ret[0x80000007]
Warning 2026-06-02 03:32:43:446  DevID:MV-CS050-10GC(DB0498485)  Source-Line:libMvCameraControl.so(StreamGrab.cpp-L1254)  ProcessName:grabImgWithTrigger(115179)     Description:[GetOneFrameTimeout]StreamChannel[0], Get image failed! Msec[1000], Ret[0x80000007]
Warning 2026-06-02 03:32:44:446  DevID:MV-CS050-10GC(DB0498485)  Source-Line:libMvCameraControl.so(StreamGrab.cpp-L1254)  ProcessName:grabImgWithTrigger(115179)     Description:[GetOneFrameTimeout]StreamChannel[0], Get image failed! Msec[1000], Ret[0x80000007]
Warning 2026-06-02 03:32:45:446  DevID:MV-CS050-10GC(DB0498485)  Source-Line:libMvCameraControl.so(StreamGrab.cpp-L1254)  ProcessName:grabImgWithTrigger(115179)     Description:[GetOneFrameTimeout]StreamChannel[0], Get image failed! Msec[1000], Ret[0x80000007]
Warning 2026-06-02 03:32:46:446  DevID:MV-CS050-10GC(DB0498485)  Source-Line:libMvCameraControl.so(StreamGrab.cpp-L1254)  ProcessName:grabImgWithTrigger(115179)     Description:[GetOneFrameTimeout]StreamChannel[0], Get image failed! Msec[1000], Ret[0x80000007]
Warning 2026-06-02 03:32:47:446  DevID:MV-CS050-10GC(DB0498485)  Source-Line:libMvCameraControl.so(StreamGrab.cpp-L1254)  ProcessName:grabImgWithTrigger(115179)     Description:[GetOneFrameTimeout]StreamChannel[0], Get image failed! Msec[1000], Ret[0x80000007]
Warning 2026-06-02 03:32:48:446  DevID:MV-CS050-10GC(DB0498485)  Source-Line:libMvCameraControl.so(StreamGrab.cpp-L1254)  ProcessName:grabImgWithTrigger(115179)     Description:[GetOneFrameTimeout]StreamChannel[0], Get image failed! Msec[1000], Ret[0x80000007]
Warning 2026-06-02 03:32:49:446  DevID:MV-CS050-10GC(DB0498485)  Source-Line:libMvCameraControl.so(StreamGrab.cpp-L1254)  ProcessName:grabImgWithTrigger(115179)     Description:[GetOneFrameTimeout]StreamChannel[0], Get image failed! Msec[1000], Ret[0x80000007]
Warning 2026-06-02 03:32:50:447  DevID:MV-CS050-10GC(DB0498485)  Source-Line:libMvCameraControl.so(StreamGrab.cpp-L1254)  ProcessName:grabImgWithTrigger(115179)     Description:[GetOneFrameTimeout]StreamChannel[0], Get image failed! Msec[1000], Ret[0x80000007]
Warning 2026-06-02 03:32:51:447  DevID:MV-CS050-10GC(DB0498485)  Source-Line:libMvCameraControl.so(StreamGrab.cpp-L1254)  ProcessName:grabImgWithTrigger(115179)     Description:[GetOneFrameTimeout]StreamChannel[0], Get image failed! Msec[1000], Ret[0x80000007]
Warning 2026-06-02 03:32:52:447  DevID:MV-CS050-10GC(DB0498485)  Source-Line:libMvCameraControl.so(StreamGrab.cpp-L1254)  ProcessName:grabImgWithTrigger(115179)     Description:[GetOneFrameTimeout]StreamChannel[0], Get image failed! Msec[1000], Ret[0x80000007]
Warning 2026-06-02 03:32:53:447  DevID:MV-CS050-10GC(DB0498485)  Source-Line:libMvCameraControl.so(StreamGrab.cpp-L1254)  ProcessName:grabImgWithTrigger(115179)     Description:[GetOneFrameTimeout]StreamChannel[0], Get image failed! Msec[1000], Ret[0x80000007]
Warning 2026-06-02 03:32:54:447  DevID:MV-CS050-10GC(DB0498485)  Source-Line:libMvCameraControl.so(StreamGrab.cpp-L1254)  ProcessName:grabImgWithTrigger(115179)     Description:[GetOneFrameTimeout]StreamChannel[0], Get image failed! Msec[1000], Ret[0x80000007]
Warning 2026-06-02 03:32:55:447  DevID:MV-CS050-10GC(DB0498485)  Source-Line:libMvCameraControl.so(StreamGrab.cpp-L1254)  ProcessName:grabImgWithTrigger(115179)     Description:[GetOneFrameTimeout]StreamChannel[0], Get image failed! Msec[1000], Ret[0x80000007]
Warning 2026-06-02 03:32:56:447  DevID:MV-CS050-10GC(DB0498485)  Source-Line:libMvCameraControl.so(StreamGrab.cpp-L1254)  ProcessName:grabImgWithTrigger(115179)     Description:[GetOneFrameTimeout]StreamChannel[0], Get image failed! Msec[1000], Ret[0x80000007]
Warning 2026-06-02 03:32:57:447  DevID:MV-CS050-10GC(DB0498485)  Source-Line:libMvCameraControl.so(StreamGrab.cpp-L1254)  ProcessName:grabImgWithTrigger(115179)     Description:[GetOneFrameTimeout]StreamChannel[0], Get image failed! Msec[1000], Ret[0x80000007]
Warning 2026-06-02 03:32:58:448  DevID:MV-CS050-10GC(DB0498485)  Source-Line:libMvCameraControl.so(StreamGrab.cpp-L1254)  ProcessName:grabImgWithTrigger(115179)     Description:[GetOneFrameTimeout]StreamChannel[0], Get image failed! Msec[1000], Ret[0x80000007]
Warning 2026-06-02 03:32:59:448  DevID:MV-CS050-10GC(DB0498485)  Source-Line:libMvCameraControl.so(StreamGrab.cpp-L1254)  ProcessName:grabImgWithTrigger(115179)     Description:[GetOneFrameTimeout]StreamChannel[0], Get image failed! Msec[1000], Ret[0x80000007]
Warning 2026-06-02 03:33:00:448  DevID:MV-CS050-10GC(DB0498485)  Source-Line:libMvCameraControl.so(StreamGrab.cpp-L1254)  ProcessName:grabImgWithTrigger(115179)     Description:[GetOneFrameTimeout]StreamChannel[0], Get image failed! Msec[1000], Ret[0x80000007]
Warning 2026-06-02 03:33:01:448  DevID:MV-CS050-10GC(DB0498485)  Source-Line:libMvCameraControl.so(StreamGrab.cpp-L1254)  ProcessName:grabImgWithTrigger(115179)     Description:[GetOneFrameTimeout]StreamChannel[0], Get image failed! Msec[1000], Ret[0x80000007]
Warning 2026-06-02 03:33:02:448  DevID:MV-CS050-10GC(DB0498485)  Source-Line:libMvCameraControl.so(StreamGrab.cpp-L1254)  ProcessName:grabImgWithTrigger(115179)     Description:[GetOneFrameTimeout]StreamChannel[0], Get image failed! Msec[1000], Ret[0x80000007]
Warning 2026-06-02 03:33:03:448  DevID:MV-CS050-10GC(DB0498485)  Source-Line:libMvCameraControl.so(StreamGrab.cpp-L1254)  ProcessName:grabImgWithTrigger(115179)     Description:[GetOneFrameTimeout]StreamChannel[0], Get image failed! Msec[1000], Ret[0x80000007]
Warning 2026-06-02 03:33:04:448  DevID:MV-CS050-10GC(DB0498485)  Source-Line:libMvCameraControl.so(StreamGrab.cpp-L1254)  ProcessName:grabImgWithTrigger(115179)     Description:[GetOneFrameTimeout]StreamChannel[0], Get image failed! Msec[1000], Ret[0x80000007]
Warning 2026-06-02 03:33:05:448  DevID:MV-CS050-10GC(DB0498485)  Source-Line:libMvCameraControl.so(StreamGrab.cpp-L1254)  ProcessName:grabImgWithTrigger(115179)     Description:[GetOneFrameTimeout]StreamChannel[0], Get image failed! Msec[1000], Ret[0x80000007]
Warning 2026-06-02 03:33:06:449  DevID:MV-CS050-10GC(DB0498485)  Source-Line:libMvCameraControl.so(StreamGrab.cpp-L1254)  ProcessName:grabImgWithTrigger(115179)     Description:[GetOneFrameTimeout]StreamChannel[0], Get image failed! Msec[1000], Ret[0x80000007]
Warning 2026-06-02 03:33:07:449  DevID:MV-CS050-10GC(DB0498485)  Source-Line:libMvCameraControl.so(StreamGrab.cpp-L1254)  ProcessName:grabImgWithTrigger(115179)     Description:[GetOneFrameTimeout]StreamChannel[0], Get image failed! Msec[1000], Ret[0x80000007]
Warning 2026-06-02 03:33:08:449  DevID:MV-CS050-10GC(DB0498485)  Source-Line:libMvCameraControl.so(StreamGrab.cpp-L1254)  ProcessName:grabImgWithTrigger(115179)     Description:[GetOneFrameTimeout]StreamChannel[0], Get image failed! Msec[1000], Ret[0x80000007]
Warning 2026-06-02 03:33:09:449  DevID:MV-CS050-10GC(DB0498485)  Source-Line:libMvCameraControl.so(StreamGrab.cpp-L1254)  ProcessName:grabImgWithTrigger(115179)     Description:[GetOneFrameTimeout]StreamChannel[0], Get image failed! Msec[1000], Ret[0x80000007]
Warning 2026-06-02 03:33:10:449  DevID:MV-CS050-10GC(DB0498485)  Source-Line:libMvCameraControl.so(StreamGrab.cpp-L1254)  ProcessName:grabImgWithTrigger(115179)     Description:[GetOneFrameTimeout]StreamChannel[0], Get image failed! Msec[1000], Ret[0x80000007]
Warning 2026-06-02 03:33:11:449  DevID:MV-CS050-10GC(DB0498485)  Source-Line:libMvCameraControl.so(StreamGrab.cpp-L1254)  ProcessName:grabImgWithTrigger(115179)     Description:[GetOneFrameTimeout]StreamChannel[0], Get image failed! Msec[1000], Ret[0x80000007]
Warning 2026-06-02 03:33:12:449  DevID:MV-CS050-10GC(DB0498485)  Source-Line:libMvCameraControl.so(StreamGrab.cpp-L1254)  ProcessName:grabImgWithTrigger(115179)     Description:[GetOneFrameTimeout]StreamChannel[0], Get image failed! Msec[1000], Ret[0x80000007]
Warning 2026-06-02 03:33:13:449  DevID:MV-CS050-10GC(DB0498485)  Source-Line:libMvCameraControl.so(StreamGrab.cpp-L1254)  ProcessName:grabImgWithTrigger(115179)     Description:[GetOneFrameTimeout]StreamChannel[0], Get image failed! Msec[1000], Ret[0x80000007]
Warning 2026-06-02 03:33:14:450  DevID:MV-CS050-10GC(DB0498485)  Source-Line:libMvCameraControl.so(StreamGrab.cpp-L1254)  ProcessName:grabImgWithTrigger(115179)     Description:[GetOneFrameTimeout]StreamChannel[0], Get image failed! Msec[1000], Ret[0x80000007]
Warning 2026-06-02 03:33:15:450  DevID:MV-CS050-10GC(DB0498485)  Source-Line:libMvCameraControl.so(StreamGrab.cpp-L1254)  ProcessName:grabImgWithTrigger(115179)     Description:[GetOneFrameTimeout]StreamChannel[0], Get image failed! Msec[1000], Ret[0x80000007]
Warning 2026-06-02 03:33:16:450  DevID:MV-CS050-10GC(DB0498485)  Source-Line:libMvCameraControl.so(StreamGrab.cpp-L1254)  ProcessName:grabImgWithTrigger(115179)     Description:[GetOneFrameTimeout]StreamChannel[0], Get image failed! Msec[1000], Ret[0x80000007]
Warning 2026-06-02 03:33:17:450  DevID:MV-CS050-10GC(DB0498485)  Source-Line:libMvCameraControl.so(StreamGrab.cpp-L1254)  ProcessName:grabImgWithTrigger(115179)     Description:[GetOneFrameTimeout]StreamChannel[0], Get image failed! Msec[1000], Ret[0x80000007]
Warning 2026-06-02 03:33:18:450  DevID:MV-CS050-10GC(DB0498485)  Source-Line:libMvCameraControl.so(StreamGrab.cpp-L1254)  ProcessName:grabImgWithTrigger(115179)     Description:[GetOneFrameTimeout]StreamChannel[0], Get image failed! Msec[1000], Ret[0x80000007]
Warning 2026-06-02 03:33:19:450  DevID:MV-CS050-10GC(DB0498485)  Source-Line:libMvCameraControl.so(StreamGrab.cpp-L1254)  ProcessName:grabImgWithTrigger(115179)     Description:[GetOneFrameTimeout]StreamChannel[0], Get image failed! Msec[1000], Ret[0x80000007]
Warning 2026-06-02 03:33:20:450  DevID:MV-CS050-10GC(DB0498485)  Source-Line:libMvCameraControl.so(StreamGrab.cpp-L1254)  ProcessName:grabImgWithTrigger(115179)     Description:[GetOneFrameTimeout]StreamChannel[0], Get image failed! Msec[1000], Ret[0x80000007]
Warning 2026-06-02 03:33:21:450  DevID:MV-CS050-10GC(DB0498485)  Source-Line:libMvCameraControl.so(StreamGrab.cpp-L1254)  ProcessName:grabImgWithTrigger(115179)     Description:[GetOneFrameTimeout]StreamChannel[0], Get image failed! Msec[1000], Ret[0x80000007]
Warning 2026-06-02 03:33:22:451  DevID:MV-CS050-10GC(DB0498485)  Source-Line:libMvCameraControl.so(StreamGrab.cpp-L1254)  ProcessName:grabImgWithTrigger(115179)     Description:[GetOneFrameTimeout]StreamChannel[0], Get image failed! Msec[1000], Ret[0x80000007]
Warning 2026-06-02 03:33:23:451  DevID:MV-CS050-10GC(DB0498485)  Source-Line:libMvCameraControl.so(StreamGrab.cpp-L1254)  ProcessName:grabImgWithTrigger(115179)     Description:[GetOneFrameTimeout]StreamChannel[0], Get image failed! Msec[1000], Ret[0x80000007]
Warning 2026-06-02 03:33:24:451  DevID:MV-CS050-10GC(DB0498485)  Source-Line:libMvCameraControl.so(StreamGrab.cpp-L1254)  ProcessName:grabImgWithTrigger(115179)     Description:[GetOneFrameTimeout]StreamChannel[0], Get image failed! Msec[1000], Ret[0x80000007]
Warning 2026-06-02 03:33:25:451  DevID:MV-CS050-10GC(DB0498485)  Source-Line:libMvCameraControl.so(StreamGrab.cpp-L1254)  ProcessName:grabImgWithTrigger(115179)     Description:[GetOneFrameTimeout]StreamChannel[0], Get image failed! Msec[1000], Ret[0x80000007]
Warning 2026-06-02 03:33:26:451  DevID:MV-CS050-10GC(DB0498485)  Source-Line:libMvCameraControl.so(StreamGrab.cpp-L1254)  ProcessName:grabImgWithTrigger(115179)     Description:[GetOneFrameTimeout]StreamChannel[0], Get image failed! Msec[1000], Ret[0x80000007]
Warning 2026-06-02 03:33:27:451  DevID:MV-CS050-10GC(DB0498485)  Source-Line:libMvCameraControl.so(StreamGrab.cpp-L1254)  ProcessName:grabImgWithTrigger(115179)     Description:[GetOneFrameTimeout]StreamChannel[0], Get image failed! Msec[1000], Ret[0x80000007]
Warning 2026-06-02 03:33:28:451  DevID:MV-CS050-10GC(DB0498485)  Source-Line:libMvCameraControl.so(StreamGrab.cpp-L1254)  ProcessName:grabImgWithTrigger(115179)     Description:[GetOneFrameTimeout]StreamChannel[0], Get image failed! Msec[1000], Ret[0x80000007]
Warning 2026-06-02 03:33:29:451  DevID:MV-CS050-10GC(DB0498485)  Source-Line:libMvCameraControl.so(StreamGrab.cpp-L1254)  ProcessName:grabImgWithTrigger(115179)     Description:[GetOneFrameTimeout]StreamChannel[0], Get image failed! Msec[1000], Ret[0x80000007]
Warning 2026-06-02 03:33:30:452  DevID:MV-CS050-10GC(DB0498485)  Source-Line:libMvCameraControl.so(StreamGrab.cpp-L1254)  ProcessName:grabImgWithTrigger(115179)     Description:[GetOneFrameTimeout]StreamChannel[0], Get image failed! Msec[1000], Ret[0x80000007]
Warning 2026-06-02 03:33:31:452  DevID:MV-CS050-10GC(DB0498485)  Source-Line:libMvCameraControl.so(StreamGrab.cpp-L1254)  ProcessName:grabImgWithTrigger(115179)     Description:[GetOneFrameTimeout]StreamChannel[0], Get image failed! Msec[1000], Ret[0x80000007]
Warning 2026-06-02 03:33:32:452  DevID:MV-CS050-10GC(DB0498485)  Source-Line:libMvCameraControl.so(StreamGrab.cpp-L1254)  ProcessName:grabImgWithTrigger(115179)     Description:[GetOneFrameTimeout]StreamChannel[0], Get image failed! Msec[1000], Ret[0x80000007]
Warning 2026-06-02 03:33:33:452  DevID:MV-CS050-10GC(DB0498485)  Source-Line:libMvCameraControl.so(StreamGrab.cpp-L1254)  ProcessName:grabImgWithTrigger(115179)     Description:[GetOneFrameTimeout]StreamChannel[0], Get image failed! Msec[1000], Ret[0x80000007]
Warning 2026-06-02 03:33:34:452  DevID:MV-CS050-10GC(DB0498485)  Source-Line:libMvCameraControl.so(StreamGrab.cpp-L1254)  ProcessName:grabImgWithTrigger(115179)     Description:[GetOneFrameTimeout]StreamChannel[0], Get image failed! Msec[1000], Ret[0x80000007]
Warning 2026-06-02 03:33:35:452  DevID:MV-CS050-10GC(DB0498485)  Source-Line:libMvCameraControl.so(StreamGrab.cpp-L1254)  ProcessName:grabImgWithTrigger(115179)     Description:[GetOneFrameTimeout]StreamChannel[0], Get image failed! Msec[1000], Ret[0x80000007]
Warning 2026-06-02 03:33:36:452  DevID:MV-CS050-10GC(DB0498485)  Source-Line:libMvCameraControl.so(StreamGrab.cpp-L1254)  ProcessName:grabImgWithTrigger(115179)     Description:[GetOneFrameTimeout]StreamChannel[0], Get image failed! Msec[1000], Ret[0x80000007]
Warning 2026-06-02 03:33:37:452  DevID:MV-CS050-10GC(DB0498485)  Source-Line:libMvCameraControl.so(StreamGrab.cpp-L1254)  ProcessName:grabImgWithTrigger(115179)     Description:[GetOneFrameTimeout]StreamChannel[0], Get image failed! Msec[1000], Ret[0x80000007]
Warning 2026-06-02 03:33:38:453  DevID:MV-CS050-10GC(DB0498485)  Source-Line:libMvCameraControl.so(StreamGrab.cpp-L1254)  ProcessName:grabImgWithTrigger(115179)     Description:[GetOneFrameTimeout]StreamChannel[0], Get image failed! Msec[1000], Ret[0x80000007]
Warning 2026-06-02 03:33:39:453  DevID:MV-CS050-10GC(DB0498485)  Source-Line:libMvCameraControl.so(StreamGrab.cpp-L1254)  ProcessName:grabImgWithTrigger(115179)     Description:[GetOneFrameTimeout]StreamChannel[0], Get image failed! Msec[1000], Ret[0x80000007]
Warning 2026-06-02 03:33:40:453  DevID:MV-CS050-10GC(DB0498485)  Source-Line:libMvCameraControl.so(StreamGrab.cpp-L1254)  ProcessName:grabImgWithTrigger(115179)     Description:[GetOneFrameTimeout]StreamChannel[0], Get image failed! Msec[1000], Ret[0x80000007]
Warning 2026-06-02 03:33:41:453  DevID:MV-CS050-10GC(DB0498485)  Source-Line:libMvCameraControl.so(StreamGrab.cpp-L1254)  ProcessName:grabImgWithTrigger(115179)     Description:[GetOneFrameTimeout]StreamChannel[0], Get image failed! Msec[1000], Ret[0x80000007]
Warning 2026-06-02 03:33:42:454  DevID:MV-CS050-10GC(DB0498485)  Source-Line:libMvCameraControl.so(StreamGrab.cpp-L1254)  ProcessName:grabImgWithTrigger(115179)     Description:[GetOneFrameTimeout]StreamChannel[0], Get image failed! Msec[1000], Ret[0x80000007]
Warning 2026-06-02 03:33:43:454  DevID:MV-CS050-10GC(DB0498485)  Source-Line:libMvCameraControl.so(StreamGrab.cpp-L1254)  ProcessName:grabImgWithTrigger(115179)     Description:[GetOneFrameTimeout]StreamChannel[0], Get image failed! Msec[1000], Ret[0x80000007]
Warning 2026-06-02 03:33:44:454  DevID:MV-CS050-10GC(DB0498485)  Source-Line:libMvCameraControl.so(StreamGrab.cpp-L1254)  ProcessName:grabImgWithTrigger(115179)     Description:[GetOneFrameTimeout]StreamChannel[0], Get image failed! Msec[1000], Ret[0x80000007]
Warning 2026-06-02 03:33:45:455  DevID:MV-CS050-10GC(DB0498485)  Source-Line:libMvCameraControl.so(StreamGrab.cpp-L1254)  ProcessName:grabImgWithTrigger(115179)     Description:[GetOneFrameTimeout]StreamChannel[0], Get image failed! Msec[1000], Ret[0x80000007]
Warning 2026-06-02 03:33:46:455  DevID:MV-CS050-10GC(DB0498485)  Source-Line:libMvCameraControl.so(StreamGrab.cpp-L1254)  ProcessName:grabImgWithTrigger(115179)     Description:[GetOneFrameTimeout]StreamChannel[0], Get image failed! Msec[1000], Ret[0x80000007]
Warning 2026-06-02 03:33:47:455  DevID:MV-CS050-10GC(DB0498485)  Source-Line:libMvCameraControl.so(StreamGrab.cpp-L1254)  ProcessName:grabImgWithTrigger(115179)     Description:[GetOneFrameTimeout]StreamChannel[0], Get image failed! Msec[1000], Ret[0x80000007]
Warning 2026-06-02 03:33:48:455  DevID:MV-CS050-10GC(DB0498485)  Source-Line:libMvCameraControl.so(StreamGrab.cpp-L1254)  ProcessName:grabImgWithTrigger(115179)     Description:[GetOneFrameTimeout]StreamChannel[0], Get image failed! Msec[1000], Ret[0x80000007]
Warning 2026-06-02 03:33:49:455  DevID:MV-CS050-10GC(DB0498485)  Source-Line:libMvCameraControl.so(StreamGrab.cpp-L1254)  ProcessName:grabImgWithTrigger(115179)     Description:[GetOneFrameTimeout]StreamChannel[0], Get image failed! Msec[1000], Ret[0x80000007]
Warning 2026-06-02 03:33:50:455  DevID:MV-CS050-10GC(DB0498485)  Source-Line:libMvCameraControl.so(StreamGrab.cpp-L1254)  ProcessName:grabImgWithTrigger(115179)     Description:[GetOneFrameTimeout]StreamChannel[0], Get image failed! Msec[1000], Ret[0x80000007]
Warning 2026-06-02 03:33:51:455  DevID:MV-CS050-10GC(DB0498485)  Source-Line:libMvCameraControl.so(StreamGrab.cpp-L1254)  ProcessName:grabImgWithTrigger(115179)     Description:[GetOneFrameTimeout]StreamChannel[0], Get image failed! Msec[1000], Ret[0x80000007]
Warning 2026-06-02 03:33:52:455  DevID:MV-CS050-10GC(DB0498485)  Source-Line:libMvCameraControl.so(StreamGrab.cpp-L1254)  ProcessName:grabImgWithTrigger(115179)     Description:[GetOneFrameTimeout]StreamChannel[0], Get image failed! Msec[1000], Ret[0x80000007]
Warning 2026-06-02 03:33:53:456  DevID:MV-CS050-10GC(DB0498485)  Source-Line:libMvCameraControl.so(StreamGrab.cpp-L1254)  ProcessName:grabImgWithTrigger(115179)     Description:[GetOneFrameTimeout]StreamChannel[0], Get image failed! Msec[1000], Ret[0x80000007]
Warning 2026-06-02 03:33:54:456  DevID:MV-CS050-10GC(DB0498485)  Source-Line:libMvCameraControl.so(StreamGrab.cpp-L1254)  ProcessName:grabImgWithTrigger(115179)     Description:[GetOneFrameTimeout]StreamChannel[0], Get image failed! Msec[1000], Ret[0x80000007]
Warning 2026-06-02 03:33:55:456  DevID:MV-CS050-10GC(DB0498485)  Source-Line:libMvCameraControl.so(StreamGrab.cpp-L1254)  ProcessName:grabImgWithTrigger(115179)     Description:[GetOneFrameTimeout]StreamChannel[0], Get image failed! Msec[1000], Ret[0x80000007]
Warning 2026-06-02 03:33:56:456  DevID:MV-CS050-10GC(DB0498485)  Source-Line:libMvCameraControl.so(StreamGrab.cpp-L1254)  ProcessName:grabImgWithTrigger(115179)     Description:[GetOneFrameTimeout]StreamChannel[0], Get image failed! Msec[1000], Ret[0x80000007]
Warning 2026-06-02 03:33:57:456  DevID:MV-CS050-10GC(DB0498485)  Source-Line:libMvCameraControl.so(StreamGrab.cpp-L1254)  ProcessName:grabImgWithTrigger(115179)     Description:[GetOneFrameTimeout]StreamChannel[0], Get image failed! Msec[1000], Ret[0x80000007]
Warning 2026-06-02 03:33:58:456  DevID:MV-CS050-10GC(DB0498485)  Source-Line:libMvCameraControl.so(StreamGrab.cpp-L1254)  ProcessName:grabImgWithTrigger(115179)     Description:[GetOneFrameTimeout]StreamChannel[0], Get image failed! Msec[1000], Ret[0x80000007]
Warning 2026-06-02 03:33:59:456  DevID:MV-CS050-10GC(DB0498485)  Source-Line:libMvCameraControl.so(StreamGrab.cpp-L1254)  ProcessName:grabImgWithTrigger(115179)     Description:[GetOneFrameTimeout]StreamChannel[0], Get image failed! Msec[1000], Ret[0x80000007]
Warning 2026-06-02 03:34:00:457  DevID:MV-CS050-10GC(DB0498485)  Source-Line:libMvCameraControl.so(StreamGrab.cpp-L1254)  ProcessName:grabImgWithTrigger(115179)     Description:[GetOneFrameTimeout]StreamChannel[0], Get image failed! Msec[1000], Ret[0x80000007]
Warning 2026-06-02 03:34:01:457  DevID:MV-CS050-10GC(DB0498485)  Source-Line:libMvCameraControl.so(StreamGrab.cpp-L1254)  ProcessName:grabImgWithTrigger(115179)     Description:[GetOneFrameTimeout]StreamChannel[0], Get image failed! Msec[1000], Ret[0x80000007]
Warning 2026-06-02 03:34:02:457  DevID:MV-CS050-10GC(DB0498485)  Source-Line:libMvCameraControl.so(StreamGrab.cpp-L1254)  ProcessName:grabImgWithTrigger(115179)     Description:[GetOneFrameTimeout]StreamChannel[0], Get image failed! Msec[1000], Ret[0x80000007]
Warning 2026-06-02 03:34:03:457  DevID:MV-CS050-10GC(DB0498485)  Source-Line:libMvCameraControl.so(StreamGrab.cpp-L1254)  ProcessName:grabImgWithTrigger(115179)     Description:[GetOneFrameTimeout]StreamChannel[0], Get image failed! Msec[1000], Ret[0x80000007]
Warning 2026-06-02 03:34:04:457  DevID:MV-CS050-10GC(DB0498485)  Source-Line:libMvCameraControl.so(StreamGrab.cpp-L1254)  ProcessName:grabImgWithTrigger(115179)     Description:[GetOneFrameTimeout]StreamChannel[0], Get image failed! Msec[1000], Ret[0x80000007]
Warning 2026-06-02 03:34:05:457  DevID:MV-CS050-10GC(DB0498485)  Source-Line:libMvCameraControl.so(StreamGrab.cpp-L1254)  ProcessName:grabImgWithTrigger(115179)     Description:[GetOneFrameTimeout]StreamChannel[0], Get image failed! Msec[1000], Ret[0x80000007]
Warning 2026-06-02 03:34:06:457  DevID:MV-CS050-10GC(DB0498485)  Source-Line:libMvCameraControl.so(StreamGrab.cpp-L1254)  ProcessName:grabImgWithTrigger(115179)     Description:[GetOneFrameTimeout]StreamChannel[0], Get image failed! Msec[1000], Ret[0x80000007]
Warning 2026-06-02 03:34:07:457  DevID:MV-CS050-10GC(DB0498485)  Source-Line:libMvCameraControl.so(StreamGrab.cpp-L1254)  ProcessName:grabImgWithTrigger(115179)     Description:[GetOneFrameTimeout]StreamChannel[0], Get image failed! Msec[1000], Ret[0x80000007]
Warning 2026-06-02 03:34:08:457  DevID:MV-CS050-10GC(DB0498485)  Source-Line:libMvCameraControl.so(StreamGrab.cpp-L1254)  ProcessName:grabImgWithTrigger(115179)     Description:[GetOneFrameTimeout]StreamChannel[0], Get image failed! Msec[1000], Ret[0x80000007]
Warning 2026-06-02 03:34:09:458  DevID:MV-CS050-10GC(DB0498485)  Source-Line:libMvCameraControl.so(StreamGrab.cpp-L1254)  ProcessName:grabImgWithTrigger(115179)     Description:[GetOneFrameTimeout]StreamChannel[0], Get image failed! Msec[1000], Ret[0x80000007]
Warning 2026-06-02 03:34:10:458  DevID:MV-CS050-10GC(DB0498485)  Source-Line:libMvCameraControl.so(StreamGrab.cpp-L1254)  ProcessName:grabImgWithTrigger(115179)     Description:[GetOneFrameTimeout]StreamChannel[0], Get image failed! Msec[1000], Ret[0x80000007]
Warning 2026-06-02 03:34:11:458  DevID:MV-CS050-10GC(DB0498485)  Source-Line:libMvCameraControl.so(StreamGrab.cpp-L1254)  ProcessName:grabImgWithTrigger(115179)     Description:[GetOneFrameTimeout]StreamChannel[0], Get image failed! Msec[1000], Ret[0x80000007]
Warning 2026-06-02 03:34:12:458  DevID:MV-CS050-10GC(DB0498485)  Source-Line:libMvCameraControl.so(StreamGrab.cpp-L1254)  ProcessName:grabImgWithTrigger(115179)     Description:[GetOneFrameTimeout]StreamChannel[0], Get image failed! Msec[1000], Ret[0x80000007]
Warning 2026-06-02 03:34:13:458  DevID:MV-CS050-10GC(DB0498485)  Source-Line:libMvCameraControl.so(StreamGrab.cpp-L1254)  ProcessName:grabImgWithTrigger(115179)     Description:[GetOneFrameTimeout]StreamChannel[0], Get image failed! Msec[1000], Ret[0x80000007]
Warning 2026-06-02 03:34:14:458  DevID:MV-CS050-10GC(DB0498485)  Source-Line:libMvCameraControl.so(StreamGrab.cpp-L1254)  ProcessName:grabImgWithTrigger(115179)     Description:[GetOneFrameTimeout]StreamChannel[0], Get image failed! Msec[1000], Ret[0x80000007]
Warning 2026-06-02 03:34:15:458  DevID:MV-CS050-10GC(DB0498485)  Source-Line:libMvCameraControl.so(StreamGrab.cpp-L1254)  ProcessName:grabImgWithTrigger(115179)     Description:[GetOneFrameTimeout]StreamChannel[0], Get image failed! Msec[1000], Ret[0x80000007]
Warning 2026-06-02 03:34:16:458  DevID:MV-CS050-10GC(DB0498485)  Source-Line:libMvCameraControl.so(StreamGrab.cpp-L1254)  ProcessName:grabImgWithTrigger(115179)     Description:[GetOneFrameTimeout]StreamChannel[0], Get image failed! Msec[1000], Ret[0x80000007]
Warning 2026-06-02 03:34:17:458  DevID:MV-CS050-10GC(DB0498485)  Source-Line:libMvCameraControl.so(StreamGrab.cpp-L1254)  ProcessName:grabImgWithTrigger(115179)     Description:[GetOneFrameTimeout]StreamChannel[0], Get image failed! Msec[1000], Ret[0x80000007]
Warning 2026-06-02 03:34:18:459  DevID:MV-CS050-10GC(DB0498485)  Source-Line:libMvCameraControl.so(StreamGrab.cpp-L1254)  ProcessName:grabImgWithTrigger(115179)     Description:[GetOneFrameTimeout]StreamChannel[0], Get image failed! Msec[1000], Ret[0x80000007]
Warning 2026-06-02 03:34:19:459  DevID:MV-CS050-10GC(DB0498485)  Source-Line:libMvCameraControl.so(StreamGrab.cpp-L1254)  ProcessName:grabImgWithTrigger(115179)     Description:[GetOneFrameTimeout]StreamChannel[0], Get image failed! Msec[1000], Ret[0x80000007]
Warning 2026-06-02 03:34:20:459  DevID:MV-CS050-10GC(DB0498485)  Source-Line:libMvCameraControl.so(StreamGrab.cpp-L1254)  ProcessName:grabImgWithTrigger(115179)     Description:[GetOneFrameTimeout]StreamChannel[0], Get image failed! Msec[1000], Ret[0x80000007]
Warning 2026-06-02 03:34:21:459  DevID:MV-CS050-10GC(DB0498485)  Source-Line:libMvCameraControl.so(StreamGrab.cpp-L1254)  ProcessName:grabImgWithTrigger(115179)     Description:[GetOneFrameTimeout]StreamChannel[0], Get image failed! Msec[1000], Ret[0x80000007]
Warning 2026-06-02 03:34:22:459  DevID:MV-CS050-10GC(DB0498485)  Source-Line:libMvCameraControl.so(StreamGrab.cpp-L1254)  ProcessName:grabImgWithTrigger(115179)     Description:[GetOneFrameTimeout]StreamChannel[0], Get image failed! Msec[1000], Ret[0x80000007]
Warning 2026-06-02 03:34:23:459  DevID:MV-CS050-10GC(DB0498485)  Source-Line:libMvCameraControl.so(StreamGrab.cpp-L1254)  ProcessName:grabImgWithTrigger(115179)     Description:[GetOneFrameTimeout]StreamChannel[0], Get image failed! Msec[1000], Ret[0x80000007]
Warning 2026-06-02 03:34:24:459  DevID:MV-CS050-10GC(DB0498485)  Source-Line:libMvCameraControl.so(StreamGrab.cpp-L1254)  ProcessName:grabImgWithTrigger(115179)     Description:[GetOneFrameTimeout]StreamChannel[0], Get image failed! Msec[1000], Ret[0x80000007]
Warning 2026-06-02 03:34:25:459  DevID:MV-CS050-10GC(DB0498485)  Source-Line:libMvCameraControl.so(StreamGrab.cpp-L1254)  ProcessName:grabImgWithTrigger(115179)     Description:[GetOneFrameTimeout]StreamChannel[0], Get image failed! Msec[1000], Ret[0x80000007]
Warning 2026-06-02 03:34:26:460  DevID:MV-CS050-10GC(DB0498485)  Source-Line:libMvCameraControl.so(StreamGrab.cpp-L1254)  ProcessName:grabImgWithTrigger(115179)     Description:[GetOneFrameTimeout]StreamChannel[0], Get image failed! Msec[1000], Ret[0x80000007]
Warning 2026-06-02 03:34:27:460  DevID:MV-CS050-10GC(DB0498485)  Source-Line:libMvCameraControl.so(StreamGrab.cpp-L1254)  ProcessName:grabImgWithTrigger(115179)     Description:[GetOneFrameTimeout]StreamChannel[0], Get image failed! Msec[1000], Ret[0x80000007]
Warning 2026-06-02 03:34:28:460  DevID:MV-CS050-10GC(DB0498485)  Source-Line:libMvCameraControl.so(StreamGrab.cpp-L1254)  ProcessName:grabImgWithTrigger(115179)     Description:[GetOneFrameTimeout]StreamChannel[0], Get image failed! Msec[1000], Ret[0x80000007]
Warning 2026-06-02 03:34:29:460  DevID:MV-CS050-10GC(DB0498485)  Source-Line:libMvCameraControl.so(StreamGrab.cpp-L1254)  ProcessName:grabImgWithTrigger(115179)     Description:[GetOneFrameTimeout]StreamChannel[0], Get image failed! Msec[1000], Ret[0x80000007]
Warning 2026-06-02 03:34:30:460  DevID:MV-CS050-10GC(DB0498485)  Source-Line:libMvCameraControl.so(StreamGrab.cpp-L1254)  ProcessName:grabImgWithTrigger(115179)     Description:[GetOneFrameTimeout]StreamChannel[0], Get image failed! Msec[1000], Ret[0x80000007]
Warning 2026-06-02 03:34:31:460  DevID:MV-CS050-10GC(DB0498485)  Source-Line:libMvCameraControl.so(StreamGrab.cpp-L1254)  ProcessName:grabImgWithTrigger(115179)     Description:[GetOneFrameTimeout]StreamChannel[0], Get image failed! Msec[1000], Ret[0x80000007]
Warning 2026-06-02 03:34:32:460  DevID:MV-CS050-10GC(DB0498485)  Source-Line:libMvCameraControl.so(StreamGrab.cpp-L1254)  ProcessName:grabImgWithTrigger(115179)     Description:[GetOneFrameTimeout]StreamChannel[0], Get image failed! Msec[1000], Ret[0x80000007]
Warning 2026-06-02 03:34:33:460  DevID:MV-CS050-10GC(DB0498485)  Source-Line:libMvCameraControl.so(StreamGrab.cpp-L1254)  ProcessName:grabImgWithTrigger(115179)     Description:[GetOneFrameTimeout]StreamChannel[0], Get image failed! Msec[1000], Ret[0x80000007]
Warning 2026-06-02 03:34:34:461  DevID:MV-CS050-10GC(DB0498485)  Source-Line:libMvCameraControl.so(StreamGrab.cpp-L1254)  ProcessName:grabImgWithTrigger(115179)     Description:[GetOneFrameTimeout]StreamChannel[0], Get image failed! Msec[1000], Ret[0x80000007]
Warning 2026-06-02 03:34:35:461  DevID:MV-CS050-10GC(DB0498485)  Source-Line:libMvCameraControl.so(StreamGrab.cpp-L1254)  ProcessName:grabImgWithTrigger(115179)     Description:[GetOneFrameTimeout]StreamChannel[0], Get image failed! Msec[1000], Ret[0x80000007]
Warning 2026-06-02 03:34:36:461  DevID:MV-CS050-10GC(DB0498485)  Source-Line:libMvCameraControl.so(StreamGrab.cpp-L1254)  ProcessName:grabImgWithTrigger(115179)     Description:[GetOneFrameTimeout]StreamChannel[0], Get image failed! Msec[1000], Ret[0x80000007]
Warning 2026-06-02 03:34:37:461  DevID:MV-CS050-10GC(DB0498485)  Source-Line:libMvCameraControl.so(StreamGrab.cpp-L1254)  ProcessName:grabImgWithTrigger(115179)     Description:[GetOneFrameTimeout]StreamChannel[0], Get image failed! Msec[1000], Ret[0x80000007]
Warning 2026-06-02 03:34:38:461  DevID:MV-CS050-10GC(DB0498485)  Source-Line:libMvCameraControl.so(StreamGrab.cpp-L1254)  ProcessName:grabImgWithTrigger(115179)     Description:[GetOneFrameTimeout]StreamChannel[0], Get image failed! Msec[1000], Ret[0x80000007]
Warning 2026-06-02 03:34:39:461  DevID:MV-CS050-10GC(DB0498485)  Source-Line:libMvCameraControl.so(StreamGrab.cpp-L1254)  ProcessName:grabImgWithTrigger(115179)     Description:[GetOneFrameTimeout]StreamChannel[0], Get image failed! Msec[1000], Ret[0x80000007]
Warning 2026-06-02 03:34:40:461  DevID:MV-CS050-10GC(DB0498485)  Source-Line:libMvCameraControl.so(StreamGrab.cpp-L1254)  ProcessName:grabImgWithTrigger(115179)     Description:[GetOneFrameTimeout]StreamChannel[0], Get image failed! Msec[1000], Ret[0x80000007]
Warning 2026-06-02 03:34:41:462  DevID:MV-CS050-10GC(DB0498485)  Source-Line:libMvCameraControl.so(StreamGrab.cpp-L1254)  ProcessName:grabImgWithTrigger(115179)     Description:[GetOneFrameTimeout]StreamChannel[0], Get image failed! Msec[1000], Ret[0x80000007]
Warning 2026-06-02 03:34:42:462  DevID:MV-CS050-10GC(DB0498485)  Source-Line:libMvCameraControl.so(StreamGrab.cpp-L1254)  ProcessName:grabImgWithTrigger(115179)     Description:[GetOneFrameTimeout]StreamChannel[0], Get image failed! Msec[1000], Ret[0x80000007]
Warning 2026-06-02 03:34:43:462  DevID:MV-CS050-10GC(DB0498485)  Source-Line:libMvCameraControl.so(StreamGrab.cpp-L1254)  ProcessName:grabImgWithTrigger(115179)     Description:[GetOneFrameTimeout]StreamChannel[0], Get image failed! Msec[1000], Ret[0x80000007]
Warning 2026-06-02 03:34:44:462  DevID:MV-CS050-10GC(DB0498485)  Source-Line:libMvCameraControl.so(StreamGrab.cpp-L1254)  ProcessName:grabImgWithTrigger(115179)     Description:[GetOneFrameTimeout]StreamChannel[0], Get image failed! Msec[1000], Ret[0x80000007]
Warning 2026-06-02 03:34:45:462  DevID:MV-CS050-10GC(DB0498485)  Source-Line:libMvCameraControl.so(StreamGrab.cpp-L1254)  ProcessName:grabImgWithTrigger(115179)     Description:[GetOneFrameTimeout]StreamChannel[0], Get image failed! Msec[1000], Ret[0x80000007]
Warning 2026-06-02 03:34:46:462  DevID:MV-CS050-10GC(DB0498485)  Source-Line:libMvCameraControl.so(StreamGrab.cpp-L1254)  ProcessName:grabImgWithTrigger(115179)     Description:[GetOneFrameTimeout]StreamChannel[0], Get image failed! Msec[1000], Ret[0x80000007]
Warning 2026-06-02 03:34:47:462  DevID:MV-CS050-10GC(DB0498485)  Source-Line:libMvCameraControl.so(StreamGrab.cpp-L1254)  ProcessName:grabImgWithTrigger(115179)     Description:[GetOneFrameTimeout]StreamChannel[0], Get image failed! Msec[1000], Ret[0x80000007]
Warning 2026-06-02 03:34:48:463  DevID:MV-CS050-10GC(DB0498485)  Source-Line:libMvCameraControl.so(StreamGrab.cpp-L1254)  ProcessName:grabImgWithTrigger(115179)     Description:[GetOneFrameTimeout]StreamChannel[0], Get image failed! Msec[1000], Ret[0x80000007]
Warning 2026-06-02 03:34:49:463  DevID:MV-CS050-10GC(DB0498485)  Source-Line:libMvCameraControl.so(StreamGrab.cpp-L1254)  ProcessName:grabImgWithTrigger(115179)     Description:[GetOneFrameTimeout]StreamChannel[0], Get image failed! Msec[1000], Ret[0x80000007]
Warning 2026-06-02 03:34:50:463  DevID:MV-CS050-10GC(DB0498485)  Source-Line:libMvCameraControl.so(StreamGrab.cpp-L1254)  ProcessName:grabImgWithTrigger(115179)     Description:[GetOneFrameTimeout]StreamChannel[0], Get image failed! Msec[1000], Ret[0x80000007]
Warning 2026-06-02 03:34:51:463  DevID:MV-CS050-10GC(DB0498485)  Source-Line:libMvCameraControl.so(StreamGrab.cpp-L1254)  ProcessName:grabImgWithTrigger(115179)     Description:[GetOneFrameTimeout]StreamChannel[0], Get image failed! Msec[1000], Ret[0x80000007]
Info    2026-06-02 03:34:51:755  DevID:  Source-Line:libMvCameraControl.so(GigELoadLibrary.cpp-L1611)  ProcessName:grabImgWithTrigger(116116)     Description:[LoadGigEAllFunctions]Load MVGigEVisionSDK success
Error   2026-06-02 03:34:51:755  DevID:  Source-Line:libMvCameraControl.so(GenTLLoadLibraryEx.cpp-L0222)  ProcessName:grabImgWithTrigger(116116)     Description:[LoadCtiLibInter]Load CTI failed! CTI path[/opt/MVS/lib/aarch64/libMvProducerVIR.so], nRet[0x8000000c]
Error   2026-06-02 03:34:51:758  DevID:  Source-Line:libMvCameraControl.so(GenTLLoadLibraryEx.cpp-L0222)  ProcessName:grabImgWithTrigger(116116)     Description:[LoadCtiLibInter]Load CTI failed! CTI path[/opt/MVS/lib/aarch64/libMvProducerVIR.so], nRet[0x8000000c]
Info    2026-06-02 03:34:51:857  DevID:MV-CS050-10GC(DB0498485)  Source-Line:libMvCameraControl.so(GigEDevice.cpp-L0375)  ProcessName:grabImgWithTrigger(116116)     Description:[Init]GEV INFO DeviceIP[192.168.127.3], NetIP[192.168.127.110], ManufacturerInfo[Hikrobot], DeviceVersion[V4.0.43 250414 1530132], UserID[]
Info    2026-06-02 03:34:51:857  DevID:MV-CS050-10GC(DB0498485)  Source-Line:libMvCameraControl.so(MediaProcess.cpp-L0880)  ProcessName:grabImgWithTrigger(116116)     Description:[SetBayerCvtQuality]Set Bayer CvtQuality success! BayerCvtQuality[1]
Info    2026-06-02 03:34:51:857  DevID:MV-CS050-10GC(DB0498485)  Source-Line:libMvCameraControl.so(MediaProcess.cpp-L1876)  ProcessName:grabImgWithTrigger(116116)     Description:[SetBayerThreadNum]Set Bayer Thread Num success! BayerThreadNum[4]
Info    2026-06-02 03:34:51:857  DevID:MV-CS050-10GC(DB0498485)  Source-Line:libMvCameraControl.so(MediaProcess.cpp-L0880)  ProcessName:grabImgWithTrigger(116116)     Description:[SetBayerCvtQuality]Set Bayer CvtQuality success! BayerCvtQuality[1]
Info    2026-06-02 03:34:51:857  DevID:MV-CS050-10GC(DB0498485)  Source-Line:libMvCameraControl.so(MediaProcess.cpp-L1876)  ProcessName:grabImgWithTrigger(116116)     Description:[SetBayerThreadNum]Set Bayer Thread Num success! BayerThreadNum[4]
Error   2026-06-02 03:34:51:883  DevID:MV-CS050-10GC(DB0498485)  Source-Line:libMvCameraControl.so(GigEDevice.cpp-L0877)  ProcessName:grabImgWithTrigger(116116)     Description:[OpenDevice]Open device failed! PrivilegeMode[1], SwitchoverKey[0], Ret[0x80000203]
Error   2026-06-02 03:34:51:883  DevID:MV-CS050-10GC(DB0498485)  Source-Line:libMvCameraControl.so(StreamGrab.cpp-L0885)  ProcessName:grabImgWithTrigger(116116)     Description:[StopGrabbing]StreamChannel[0], bGrabbing[0], pDevStream[0xaaaacfeb2ec0]
Error   2026-06-02 03:34:52:199  DevID:  Source-Line:libMvCameraControl.so(GenTLLoadLibraryEx.cpp-L0222)  ProcessName:grabImgWithTrigger(116142)     Description:[LoadCtiLibInter]Load CTI failed! CTI path[/opt/MVS/lib/aarch64/libMvProducerVIR.so], nRet[0x8000000c]
Error   2026-06-02 03:34:52:200  DevID:  Source-Line:libMvCameraControl.so(GenTLLoadLibraryEx.cpp-L0222)  ProcessName:grabImgWithTrigger(116142)     Description:[LoadCtiLibInter]Load CTI failed! CTI path[/opt/MVS/lib/aarch64/libMvProducerVIR.so], nRet[0x8000000c]
Info    2026-06-02 03:34:52:201  DevID:  Source-Line:libMvCameraControl.so(GigELoadLibrary.cpp-L1611)  ProcessName:grabImgWithTrigger(116142)     Description:[LoadGigEAllFunctions]Load MVGigEVisionSDK success
Info    2026-06-02 03:34:52:303  DevID:MV-CS050-10GC(DB0498485)  Source-Line:libMvCameraControl.so(GigEDevice.cpp-L0375)  ProcessName:grabImgWithTrigger(116142)     Description:[Init]GEV INFO DeviceIP[192.168.127.3], NetIP[192.168.127.110], ManufacturerInfo[Hikrobot], DeviceVersion[V4.0.43 250414 1530132], UserID[]
Info    2026-06-02 03:34:52:303  DevID:MV-CS050-10GC(DB0498485)  Source-Line:libMvCameraControl.so(MediaProcess.cpp-L0880)  ProcessName:grabImgWithTrigger(116142)     Description:[SetBayerCvtQuality]Set Bayer CvtQuality success! BayerCvtQuality[1]
Info    2026-06-02 03:34:52:303  DevID:MV-CS050-10GC(DB0498485)  Source-Line:libMvCameraControl.so(MediaProcess.cpp-L1876)  ProcessName:grabImgWithTrigger(116142)     Description:[SetBayerThreadNum]Set Bayer Thread Num success! BayerThreadNum[4]
Info    2026-06-02 03:34:52:303  DevID:MV-CS050-10GC(DB0498485)  Source-Line:libMvCameraControl.so(MediaProcess.cpp-L0880)  ProcessName:grabImgWithTrigger(116142)     Description:[SetBayerCvtQuality]Set Bayer CvtQuality success! BayerCvtQuality[1]
Info    2026-06-02 03:34:52:303  DevID:MV-CS050-10GC(DB0498485)  Source-Line:libMvCameraControl.so(MediaProcess.cpp-L1876)  ProcessName:grabImgWithTrigger(116142)     Description:[SetBayerThreadNum]Set Bayer Thread Num success! BayerThreadNum[4]
Error   2026-06-02 03:34:52:326  DevID:MV-CS050-10GC(DB0498485)  Source-Line:libMvCameraControl.so(GigEDevice.cpp-L0877)  ProcessName:grabImgWithTrigger(116142)     Description:[OpenDevice]Open device failed! PrivilegeMode[1], SwitchoverKey[0], Ret[0x80000203]
Error   2026-06-02 03:34:52:326  DevID:MV-CS050-10GC(DB0498485)  Source-Line:libMvCameraControl.so(StreamGrab.cpp-L0885)  ProcessName:grabImgWithTrigger(116142)     Description:[StopGrabbing]StreamChannel[0], bGrabbing[0], pDevStream[0xaaab12e8aa60]
Error   2026-06-02 03:34:52:642  DevID:  Source-Line:libMvCameraControl.so(GenTLLoadLibraryEx.cpp-L0222)  ProcessName:grabImgWithTrigger(116168)     Description:[LoadCtiLibInter]Load CTI failed! CTI path[/opt/MVS/lib/aarch64/libMvProducerVIR.so], nRet[0x8000000c]
Info    2026-06-02 03:34:52:643  DevID:  Source-Line:libMvCameraControl.so(GigELoadLibrary.cpp-L1611)  ProcessName:grabImgWithTrigger(116168)     Description:[LoadGigEAllFunctions]Load MVGigEVisionSDK success
Error   2026-06-02 03:34:52:666  DevID:  Source-Line:libMvCameraControl.so(GenTLLoadLibraryEx.cpp-L0222)  ProcessName:grabImgWithTrigger(116168)     Description:[LoadCtiLibInter]Load CTI failed! CTI path[/opt/MVS/lib/aarch64/libMvProducerVIR.so], nRet[0x8000000c]
Info    2026-06-02 03:34:52:746  DevID:MV-CS050-10GC(DB0498485)  Source-Line:libMvCameraControl.so(GigEDevice.cpp-L0375)  ProcessName:grabImgWithTrigger(116168)     Description:[Init]GEV INFO DeviceIP[192.168.127.3], NetIP[192.168.127.110], ManufacturerInfo[Hikrobot], DeviceVersion[V4.0.43 250414 1530132], UserID[]
Info    2026-06-02 03:34:52:746  DevID:MV-CS050-10GC(DB0498485)  Source-Line:libMvCameraControl.so(MediaProcess.cpp-L0880)  ProcessName:grabImgWithTrigger(116168)     Description:[SetBayerCvtQuality]Set Bayer CvtQuality success! BayerCvtQuality[1]
Info    2026-06-02 03:34:52:746  DevID:MV-CS050-10GC(DB0498485)  Source-Line:libMvCameraControl.so(MediaProcess.cpp-L1876)  ProcessName:grabImgWithTrigger(116168)     Description:[SetBayerThreadNum]Set Bayer Thread Num success! BayerThreadNum[4]
Info    2026-06-02 03:34:52:746  DevID:MV-CS050-10GC(DB0498485)  Source-Line:libMvCameraControl.so(MediaProcess.cpp-L0880)  ProcessName:grabImgWithTrigger(116168)     Description:[SetBayerCvtQuality]Set Bayer CvtQuality success! BayerCvtQuality[1]
Info    2026-06-02 03:34:52:746  DevID:MV-CS050-10GC(DB0498485)  Source-Line:libMvCameraControl.so(MediaProcess.cpp-L1876)  ProcessName:grabImgWithTrigger(116168)     Description:[SetBayerThreadNum]Set Bayer Thread Num success! BayerThreadNum[4]
Error   2026-06-02 03:34:52:770  DevID:MV-CS050-10GC(DB0498485)  Source-Line:libMvCameraControl.so(GigEDevice.cpp-L0877)  ProcessName:grabImgWithTrigger(116168)     Description:[OpenDevice]Open device failed! PrivilegeMode[1], SwitchoverKey[0], Ret[0x80000203]
Error   2026-06-02 03:34:52:770  DevID:MV-CS050-10GC(DB0498485)  Source-Line:libMvCameraControl.so(StreamGrab.cpp-L0885)  ProcessName:grabImgWithTrigger(116168)     Description:[StopGrabbing]StreamChannel[0], bGrabbing[0], pDevStream[0xaaaad8212d30]
Info    2026-06-02 03:34:53:308  DevID:  Source-Line:libMvCameraControl.so(GigELoadLibrary.cpp-L1611)  ProcessName:grabImgWithTrigger(116194)     Description:[LoadGigEAllFunctions]Load MVGigEVisionSDK success
Error   2026-06-02 03:34:53:326  DevID:  Source-Line:libMvCameraControl.so(GenTLLoadLibraryEx.cpp-L0222)  ProcessName:grabImgWithTrigger(116194)     Description:[LoadCtiLibInter]Load CTI failed! CTI path[/opt/MVS/lib/aarch64/libMvProducerVIR.so], nRet[0x8000000c]
Error   2026-06-02 03:34:53:327  DevID:  Source-Line:libMvCameraControl.so(GenTLLoadLibraryEx.cpp-L0222)  ProcessName:grabImgWithTrigger(116194)     Description:[LoadCtiLibInter]Load CTI failed! CTI path[/opt/MVS/lib/aarch64/libMvProducerVIR.so], nRet[0x8000000c]
Info    2026-06-02 03:34:53:410  DevID:MV-CS050-10GC(DB0498485)  Source-Line:libMvCameraControl.so(GigEDevice.cpp-L0375)  ProcessName:grabImgWithTrigger(116194)     Description:[Init]GEV INFO DeviceIP[192.168.127.3], NetIP[192.168.127.110], ManufacturerInfo[Hikrobot], DeviceVersion[V4.0.43 250414 1530132], UserID[]
Info    2026-06-02 03:34:53:410  DevID:MV-CS050-10GC(DB0498485)  Source-Line:libMvCameraControl.so(MediaProcess.cpp-L0880)  ProcessName:grabImgWithTrigger(116194)     Description:[SetBayerCvtQuality]Set Bayer CvtQuality success! BayerCvtQuality[1]
Info    2026-06-02 03:34:53:410  DevID:MV-CS050-10GC(DB0498485)  Source-Line:libMvCameraControl.so(MediaProcess.cpp-L1876)  ProcessName:grabImgWithTrigger(116194)     Description:[SetBayerThreadNum]Set Bayer Thread Num success! BayerThreadNum[4]
Info    2026-06-02 03:34:53:410  DevID:MV-CS050-10GC(DB0498485)  Source-Line:libMvCameraControl.so(MediaProcess.cpp-L0880)  ProcessName:grabImgWithTrigger(116194)     Description:[SetBayerCvtQuality]Set Bayer CvtQuality success! BayerCvtQuality[1]
Info    2026-06-02 03:34:53:410  DevID:MV-CS050-10GC(DB0498485)  Source-Line:libMvCameraControl.so(MediaProcess.cpp-L1876)  ProcessName:grabImgWithTrigger(116194)     Description:[SetBayerThreadNum]Set Bayer Thread Num success! BayerThreadNum[4]
Error   2026-06-02 03:34:53:432  DevID:MV-CS050-10GC(DB0498485)  Source-Line:libMvCameraControl.so(GigEDevice.cpp-L0877)  ProcessName:grabImgWithTrigger(116194)     Description:[OpenDevice]Open device failed! PrivilegeMode[1], SwitchoverKey[0], Ret[0x80000203]
Error   2026-06-02 03:34:53:432  DevID:MV-CS050-10GC(DB0498485)  Source-Line:libMvCameraControl.so(StreamGrab.cpp-L0885)  ProcessName:grabImgWithTrigger(116194)     Description:[StopGrabbing]StreamChannel[0], bGrabbing[0], pDevStream[0xaaaac56d74e0]
Info    2026-06-02 03:34:53:742  DevID:  Source-Line:libMvCameraControl.so(GigELoadLibrary.cpp-L1611)  ProcessName:grabImgWithTrigger(116230)     Description:[LoadGigEAllFunctions]Load MVGigEVisionSDK success
Error   2026-06-02 03:34:53:747  DevID:  Source-Line:libMvCameraControl.so(GenTLLoadLibraryEx.cpp-L0222)  ProcessName:grabImgWithTrigger(116230)     Description:[LoadCtiLibInter]Load CTI failed! CTI path[/opt/MVS/lib/aarch64/libMvProducerVIR.so], nRet[0x8000000c]
Error   2026-06-02 03:34:53:769  DevID:  Source-Line:libMvCameraControl.so(GenTLLoadLibraryEx.cpp-L0222)  ProcessName:grabImgWithTrigger(116230)     Description:[LoadCtiLibInter]Load CTI failed! CTI path[/opt/MVS/lib/aarch64/libMvProducerVIR.so], nRet[0x8000000c]
Info    2026-06-02 03:34:53:845  DevID:MV-CS050-10GC(DB0498485)  Source-Line:libMvCameraControl.so(GigEDevice.cpp-L0375)  ProcessName:grabImgWithTrigger(116230)     Description:[Init]GEV INFO DeviceIP[192.168.127.3], NetIP[192.168.127.110], ManufacturerInfo[Hikrobot], DeviceVersion[V4.0.43 250414 1530132], UserID[]
Info    2026-06-02 03:34:53:845  DevID:MV-CS050-10GC(DB0498485)  Source-Line:libMvCameraControl.so(MediaProcess.cpp-L0880)  ProcessName:grabImgWithTrigger(116230)     Description:[SetBayerCvtQuality]Set Bayer CvtQuality success! BayerCvtQuality[1]
Info    2026-06-02 03:34:53:845  DevID:MV-CS050-10GC(DB0498485)  Source-Line:libMvCameraControl.so(MediaProcess.cpp-L1876)  ProcessName:grabImgWithTrigger(116230)     Description:[SetBayerThreadNum]Set Bayer Thread Num success! BayerThreadNum[4]
Info    2026-06-02 03:34:53:845  DevID:MV-CS050-10GC(DB0498485)  Source-Line:libMvCameraControl.so(MediaProcess.cpp-L0880)  ProcessName:grabImgWithTrigger(116230)     Description:[SetBayerCvtQuality]Set Bayer CvtQuality success! BayerCvtQuality[1]
Info    2026-06-02 03:34:53:845  DevID:MV-CS050-10GC(DB0498485)  Source-Line:libMvCameraControl.so(MediaProcess.cpp-L1876)  ProcessName:grabImgWithTrigger(116230)     Description:[SetBayerThreadNum]Set Bayer Thread Num success! BayerThreadNum[4]
Error   2026-06-02 03:34:53:869  DevID:MV-CS050-10GC(DB0498485)  Source-Line:libMvCameraControl.so(GigEDevice.cpp-L0877)  ProcessName:grabImgWithTrigger(116230)     Description:[OpenDevice]Open device failed! PrivilegeMode[1], SwitchoverKey[0], Ret[0x80000203]
Error   2026-06-02 03:34:53:869  DevID:MV-CS050-10GC(DB0498485)  Source-Line:libMvCameraControl.so(StreamGrab.cpp-L0885)  ProcessName:grabImgWithTrigger(116230)     Description:[StopGrabbing]StreamChannel[0], bGrabbing[0], pDevStream[0xaaaac7fc2d30]
Info    2026-06-02 03:34:54:171  DevID:  Source-Line:libMvCameraControl.so(GigELoadLibrary.cpp-L1611)  ProcessName:grabImgWithTrigger(116262)     Description:[LoadGigEAllFunctions]Load MVGigEVisionSDK success
Error   2026-06-02 03:34:54:172  DevID:  Source-Line:libMvCameraControl.so(GenTLLoadLibraryEx.cpp-L0222)  ProcessName:grabImgWithTrigger(116262)     Description:[LoadCtiLibInter]Load CTI failed! CTI path[/opt/MVS/lib/aarch64/libMvProducerVIR.so], nRet[0x8000000c]
Error   2026-06-02 03:34:54:173  DevID:  Source-Line:libMvCameraControl.so(GenTLLoadLibraryEx.cpp-L0222)  ProcessName:grabImgWithTrigger(116262)     Description:[LoadCtiLibInter]Load CTI failed! CTI path[/opt/MVS/lib/aarch64/libMvProducerVIR.so], nRet[0x8000000c]
Info    2026-06-02 03:34:54:273  DevID:MV-CS050-10GC(DB0498485)  Source-Line:libMvCameraControl.so(GigEDevice.cpp-L0375)  ProcessName:grabImgWithTrigger(116262)     Description:[Init]GEV INFO DeviceIP[192.168.127.3], NetIP[192.168.127.110], ManufacturerInfo[Hikrobot], DeviceVersion[V4.0.43 250414 1530132], UserID[]
Info    2026-06-02 03:34:54:273  DevID:MV-CS050-10GC(DB0498485)  Source-Line:libMvCameraControl.so(MediaProcess.cpp-L0880)  ProcessName:grabImgWithTrigger(116262)     Description:[SetBayerCvtQuality]Set Bayer CvtQuality success! BayerCvtQuality[1]
Info    2026-06-02 03:34:54:273  DevID:MV-CS050-10GC(DB0498485)  Source-Line:libMvCameraControl.so(MediaProcess.cpp-L1876)  ProcessName:grabImgWithTrigger(116262)     Description:[SetBayerThreadNum]Set Bayer Thread Num success! BayerThreadNum[4]
Info    2026-06-02 03:34:54:273  DevID:MV-CS050-10GC(DB0498485)  Source-Line:libMvCameraControl.so(MediaProcess.cpp-L0880)  ProcessName:grabImgWithTrigger(116262)     Description:[SetBayerCvtQuality]Set Bayer CvtQuality success! BayerCvtQuality[1]
Info    2026-06-02 03:34:54:273  DevID:MV-CS050-10GC(DB0498485)  Source-Line:libMvCameraControl.so(MediaProcess.cpp-L1876)  ProcessName:grabImgWithTrigger(116262)     Description:[SetBayerThreadNum]Set Bayer Thread Num success! BayerThreadNum[4]
Error   2026-06-02 03:34:54:298  DevID:MV-CS050-10GC(DB0498485)  Source-Line:libMvCameraControl.so(GigEDevice.cpp-L0877)  ProcessName:grabImgWithTrigger(116262)     Description:[OpenDevice]Open device failed! PrivilegeMode[1], SwitchoverKey[0], Ret[0x80000203]
Error   2026-06-02 03:34:54:298  DevID:MV-CS050-10GC(DB0498485)  Source-Line:libMvCameraControl.so(StreamGrab.cpp-L0885)  ProcessName:grabImgWithTrigger(116262)     Description:[StopGrabbing]StreamChannel[0], bGrabbing[0], pDevStream[0xaaaab4a42ec0]
Error   2026-06-02 03:34:54:601  DevID:  Source-Line:libMvCameraControl.so(GenTLLoadLibraryEx.cpp-L0222)  ProcessName:grabImgWithTrigger(116294)     Description:[LoadCtiLibInter]Load CTI failed! CTI path[/opt/MVS/lib/aarch64/libMvProducerVIR.so], nRet[0x8000000c]
Error   2026-06-02 03:34:54:602  DevID:  Source-Line:libMvCameraControl.so(GenTLLoadLibraryEx.cpp-L0222)  ProcessName:grabImgWithTrigger(116294)     Description:[LoadCtiLibInter]Load CTI failed! CTI path[/opt/MVS/lib/aarch64/libMvProducerVIR.so], nRet[0x8000000c]
Info    2026-06-02 03:34:54:603  DevID:  Source-Line:libMvCameraControl.so(GigELoadLibrary.cpp-L1611)  ProcessName:grabImgWithTrigger(116294)     Description:[LoadGigEAllFunctions]Load MVGigEVisionSDK success
Info    2026-06-02 03:34:54:706  DevID:MV-CS050-10GC(DB0498485)  Source-Line:libMvCameraControl.so(GigEDevice.cpp-L0375)  ProcessName:grabImgWithTrigger(116294)     Description:[Init]GEV INFO DeviceIP[192.168.127.3], NetIP[192.168.127.110], ManufacturerInfo[Hikrobot], DeviceVersion[V4.0.43 250414 1530132], UserID[]
Info    2026-06-02 03:34:54:706  DevID:MV-CS050-10GC(DB0498485)  Source-Line:libMvCameraControl.so(MediaProcess.cpp-L0880)  ProcessName:grabImgWithTrigger(116294)     Description:[SetBayerCvtQuality]Set Bayer CvtQuality success! BayerCvtQuality[1]
Info    2026-06-02 03:34:54:707  DevID:MV-CS050-10GC(DB0498485)  Source-Line:libMvCameraControl.so(MediaProcess.cpp-L1876)  ProcessName:grabImgWithTrigger(116294)     Description:[SetBayerThreadNum]Set Bayer Thread Num success! BayerThreadNum[4]
Info    2026-06-02 03:34:54:707  DevID:MV-CS050-10GC(DB0498485)  Source-Line:libMvCameraControl.so(MediaProcess.cpp-L0880)  ProcessName:grabImgWithTrigger(116294)     Description:[SetBayerCvtQuality]Set Bayer CvtQuality success! BayerCvtQuality[1]
Info    2026-06-02 03:34:54:707  DevID:MV-CS050-10GC(DB0498485)  Source-Line:libMvCameraControl.so(MediaProcess.cpp-L1876)  ProcessName:grabImgWithTrigger(116294)     Description:[SetBayerThreadNum]Set Bayer Thread Num success! BayerThreadNum[4]
Info    2026-06-02 03:34:54:749  DevID:  Source-Line:libMvCameraControl.so(CacheXmlToFile.cpp-L0576)  ProcessName:grabImgWithTrigger(116294)     Description:[ReadCacheFile]ReadLocalFile XMLPath[SchemaVersion.1.0@Hikrobot#GEV#MV-CS050-10GC#V4.0.43 250414 1530132@XMLVersion.1.0.0.zip]
Info    2026-06-02 03:34:54:749  DevID:MV-CS050-10GC(DB0498485)  Source-Line:libMvCameraControl.so(GigEDevice.cpp-L0576)  ProcessName:grabImgWithTrigger(116294)     Description:[GetXmlInfo]Get GenICamXML From local File, len [0x197c9] Type[1]
Info    2026-06-02 03:34:54:950  DevID:MV-CS050-10GC(DB0498485)  Source-Line:libMvCameraControl.so(GigEDevice.cpp-L0922)  ProcessName:grabImgWithTrigger(116294)     Description:[OpenDevice]Load XML success
Info    2026-06-02 03:34:54:953  DevID:MV-CS050-10GC(DB0498485)  Source-Line:libMvCameraControl.so(GenICamImpl.cpp-L0802)  ProcessName:grabImgWithTrigger(116294)     Description:[InvalidateNodes]Invalidate Nodes success
Info    2026-06-02 03:34:54:953  DevID:MV-CS050-10GC(DB0498485)  Source-Line:libMvCameraControl.so(GigEDevice.cpp-L0935)  ProcessName:grabImgWithTrigger(116294)     Description:[OpenDevice]Invalidate Nodes success
Info    2026-06-02 03:34:54:956  DevID:MV-CS050-10GC(DB0498485)  Source-Line:libMvCameraControl.so(StreamGrab.cpp-L0237)  ProcessName:grabImgWithTrigger(116294)     Description:[Open]Stream channel[0] opened
Info    2026-06-02 03:34:54:959  DevID:MV-CS050-10GC(DB0498485)  Source-Line:libMvCameraControl.so(GigEDevice.cpp-L0967)  ProcessName:grabImgWithTrigger(116294)     Description:[OpenDevice]Open device success! PrivilegeMode[1], SwitchoverKey[0], DeviceUptime[11202],DeviceFirmwareVersion[V4.0.43 2504141530132 23120701]
Info    2026-06-02 03:34:54:959  DevID:MV-CS050-10GC(DB0498485)  Source-Line:libMvCameraControl.so(MediaProcess.cpp-L0880)  ProcessName:grabImgWithTrigger(116294)     Description:[SetBayerCvtQuality]Set Bayer CvtQuality success! BayerCvtQuality[1]
Info    2026-06-02 03:34:54:959  DevID:MV-CS050-10GC(DB0498485)  Source-Line:libMvCameraControl.so(MediaProcess.cpp-L1876)  ProcessName:grabImgWithTrigger(116294)     Description:[SetBayerThreadNum]Set Bayer Thread Num success! BayerThreadNum[4]
Info    2026-06-02 03:34:54:959  DevID:MV-CS050-10GC(DB0498485)  Source-Line:libMvCameraControl.so(GigEDevice.cpp-L0986)  ProcessName:grabImgWithTrigger(116294)     Description:[OpenDevice]OpenDevice, cost time 252.000000ms 
Info    2026-06-02 03:34:54:960  DevID:  Source-Line:libMvCameraControl.so(GenICamImpl.cpp-L2412)  ProcessName:grabImgWithTrigger(116294)     Description:[RecordThread]RecordThread Start, ThreadId[2303053920]
Info    2026-06-02 03:34:54:987  DevID:MV-CS050-10GC(DB0498485)  Source-Line:libMvCameraControl.so(GenICamImpl.cpp-L2443)  ProcessName:grabImgWithTrigger(116294)     Description:[RecordThreadProc][Record] Get BlackLevel value [240]
Info    2026-06-02 03:34:54:989  DevID:MV-CS050-10GC(DB0498485)  Source-Line:libMvCameraControl.so(GenICamImpl.cpp-L2465)  ProcessName:grabImgWithTrigger(116294)     Description:[RecordThreadProc][Record] Get BalanceWhiteAuto Value [1] (0:off 1:contineu; 2:once):
Info    2026-06-02 03:34:54:990  DevID:MV-CS050-10GC(DB0498485)  Source-Line:libMvCameraControl.so(GenICamImpl.cpp-L2531)  ProcessName:grabImgWithTrigger(116294)     Description:[RecordThreadProc][Record] Get ExposureAuto value [0]
Info    2026-06-02 03:34:54:995  DevID:MV-CS050-10GC(DB0498485)  Source-Line:libMvCameraControl.so(GenICamImpl.cpp-L2553)  ProcessName:grabImgWithTrigger(116294)     Description:[RecordThreadProc][Record] Get ExposureTime value [5000.000000] 
Info    2026-06-02 03:34:54:997  DevID:MV-CS050-10GC(DB0498485)  Source-Line:libMvCameraControl.so(GenICamImpl.cpp-L2574)  ProcessName:grabImgWithTrigger(116294)     Description:[RecordThreadProc][Record] Get GainAuto value [2] (0:off 1:contineu; 2:once):
Info    2026-06-02 03:34:55:007  DevID:MV-CS050-10GC(DB0498485)  Source-Line:libMvCameraControl.so(GenICamImpl.cpp-L2595)  ProcessName:grabImgWithTrigger(116294)     Description:[RecordThreadProc][Record] Get Gain value [23.981199] 
Info    2026-06-02 03:34:55:015  DevID:MV-CS050-10GC(DB0498485)  Source-Line:libMvCameraControl.so(GenICamImpl.cpp-L2616)  ProcessName:grabImgWithTrigger(116294)     Description:[RecordThreadProc][Record] Get PixelFormat value [35127316] :
Info    2026-06-02 03:34:55:018  DevID:MV-CS050-10GC(DB0498485)  Source-Line:libMvCameraControl.so(GenICamImpl.cpp-L2637)  ProcessName:grabImgWithTrigger(116294)     Description:[RecordThreadProc][Record] Get GammaEnable value [1] 
Info    2026-06-02 03:34:55:026  DevID:MV-CS050-10GC(DB0498485)  Source-Line:libMvCameraControl.so(GenICamImpl.cpp-L2658)  ProcessName:grabImgWithTrigger(116294)     Description:[RecordThreadProc][Record] Get Gamma value [0.700000] 
Info    2026-06-02 03:34:55:027  DevID:MV-CS050-10GC(DB0498485)  Source-Line:libMvCameraControl.so(GenICamImpl.cpp-L2679)  ProcessName:grabImgWithTrigger(116294)     Description:[RecordThreadProc][Record] Get UserSetCurrent value [0]
Info    2026-06-02 03:34:55:029  DevID:MV-CS050-10GC(DB0498485)  Source-Line:libMvCameraControl.so(GenICamImpl.cpp-L2700)  ProcessName:grabImgWithTrigger(116294)     Description:[RecordThreadProc][Record] Get UserSetSelector value [0] 
Info    2026-06-02 03:34:55:030  DevID:MV-CS050-10GC(DB0498485)  Source-Line:libMvCameraControl.so(GenICamImpl.cpp-L2721)  ProcessName:grabImgWithTrigger(116294)     Description:[RecordThreadProc][Record] Get UserSetDefault value[0]
Info    2026-06-02 03:34:55:030  DevID:  Source-Line:libMvCameraControl.so(GenICamImpl.cpp-L2417)  ProcessName:grabImgWithTrigger(116294)     Description:[RecordThread]RecordThread End, ThreadId[2303053920]
Error   2026-06-02 03:34:55:070  DevID:MV-CS050-10GC(DB0498485)  Source-Line:libMvCameraControl.so(GenICamImpl.cpp-L1181)  ProcessName:grabImgWithTrigger(116294)     Description:[XML_GetNodeAccessMode]PropertyName[SeqExpEnable], Ret[0x80000109]
Error   2026-06-02 03:34:55:070  DevID:MV-CS050-10GC(DB0498485)  Source-Line:libMvCameraControl.so(GenICamImpl.cpp-L1181)  ProcessName:grabImgWithTrigger(116294)     Description:[XML_GetNodeAccessMode]PropertyName[MultiLightControl], Ret[0x80000109]
Info    2026-06-02 03:34:55:073  DevID:MV-CS050-10GC(DB0498485)  Source-Line:libMvCameraControl.so(LiquidLensController.cpp-L2113)  ProcessName:grabImgWithTrigger(116294)     Description:[SetFastQuit][CLiquidLensController]SetFastQuit: Fast quit disabled
Info    2026-06-02 03:34:55:073  DevID:MV-CS050-10GC(DB0498485)  Source-Line:libMvCameraControl.so(GigEStream.cpp-L0070)  ProcessName:grabImgWithTrigger(116294)     Description:[StartAcquisition][GEV]Width[2448], Height[2048], PixelFormat[0x2180014], PayloadSize[15040512], ChunkCount[100], CompressMode[0], DeviceUptime[11202]
Info    2026-06-02 03:34:55:081  DevID:MV-CS050-10GC(DB0498485)  Source-Line:libMvCameraControl.so(StreamGrab.cpp-L0872)  ProcessName:grabImgWithTrigger(116294)     Description:[StartGrabbing]StreamChannel[0], Start grabbing success, There is no registration callback.
Warning 2026-06-02 03:34:56:094  DevID:MV-CS050-10GC(DB0498485)  Source-Line:libMvCameraControl.so(StreamGrab.cpp-L1254)  ProcessName:grabImgWithTrigger(116294)     Description:[GetOneFrameTimeout]StreamChannel[0], Get image failed! Msec[1000], Ret[0x80000007]
Warning 2026-06-02 03:34:57:094  DevID:MV-CS050-10GC(DB0498485)  Source-Line:libMvCameraControl.so(StreamGrab.cpp-L1254)  ProcessName:grabImgWithTrigger(116294)     Description:[GetOneFrameTimeout]StreamChannel[0], Get image failed! Msec[1000], Ret[0x80000007]
Warning 2026-06-02 03:34:58:094  DevID:MV-CS050-10GC(DB0498485)  Source-Line:libMvCameraControl.so(StreamGrab.cpp-L1254)  ProcessName:grabImgWithTrigger(116294)     Description:[GetOneFrameTimeout]StreamChannel[0], Get image failed! Msec[1000], Ret[0x80000007]
Warning 2026-06-02 03:34:59:094  DevID:MV-CS050-10GC(DB0498485)  Source-Line:libMvCameraControl.so(StreamGrab.cpp-L1254)  ProcessName:grabImgWithTrigger(116294)     Description:[GetOneFrameTimeout]StreamChannel[0], Get image failed! Msec[1000], Ret[0x80000007]
Warning 2026-06-02 03:35:00:094  DevID:MV-CS050-10GC(DB0498485)  Source-Line:libMvCameraControl.so(StreamGrab.cpp-L1254)  ProcessName:grabImgWithTrigger(116294)     Description:[GetOneFrameTimeout]StreamChannel[0], Get image failed! Msec[1000], Ret[0x80000007]
Warning 2026-06-02 03:35:01:095  DevID:MV-CS050-10GC(DB0498485)  Source-Line:libMvCameraControl.so(StreamGrab.cpp-L1254)  ProcessName:grabImgWithTrigger(116294)     Description:[GetOneFrameTimeout]StreamChannel[0], Get image failed! Msec[1000], Ret[0x80000007]
Warning 2026-06-02 03:35:02:095  DevID:MV-CS050-10GC(DB0498485)  Source-Line:libMvCameraControl.so(StreamGrab.cpp-L1254)  ProcessName:grabImgWithTrigger(116294)     Description:[GetOneFrameTimeout]StreamChannel[0], Get image failed! Msec[1000], Ret[0x80000007]
Warning 2026-06-02 03:35:03:095  DevID:MV-CS050-10GC(DB0498485)  Source-Line:libMvCameraControl.so(StreamGrab.cpp-L1254)  ProcessName:grabImgWithTrigger(116294)     Description:[GetOneFrameTimeout]StreamChannel[0], Get image failed! Msec[1000], Ret[0x80000007]
Warning 2026-06-02 03:35:04:095  DevID:MV-CS050-10GC(DB0498485)  Source-Line:libMvCameraControl.so(StreamGrab.cpp-L1254)  ProcessName:grabImgWithTrigger(116294)     Description:[GetOneFrameTimeout]StreamChannel[0], Get image failed! Msec[1000], Ret[0x80000007]
Warning 2026-06-02 03:35:05:095  DevID:MV-CS050-10GC(DB0498485)  Source-Line:libMvCameraControl.so(StreamGrab.cpp-L1254)  ProcessName:grabImgWithTrigger(116294)     Description:[GetOneFrameTimeout]StreamChannel[0], Get image failed! Msec[1000], Ret[0x80000007]
Warning 2026-06-02 03:35:06:095  DevID:MV-CS050-10GC(DB0498485)  Source-Line:libMvCameraControl.so(StreamGrab.cpp-L1254)  ProcessName:grabImgWithTrigger(116294)     Description:[GetOneFrameTimeout]StreamChannel[0], Get image failed! Msec[1000], Ret[0x80000007]
Warning 2026-06-02 03:35:07:095  DevID:MV-CS050-10GC(DB0498485)  Source-Line:libMvCameraControl.so(StreamGrab.cpp-L1254)  ProcessName:grabImgWithTrigger(116294)     Description:[GetOneFrameTimeout]StreamChannel[0], Get image failed! Msec[1000], Ret[0x80000007]
Warning 2026-06-02 03:35:08:095  DevID:MV-CS050-10GC(DB0498485)  Source-Line:libMvCameraControl.so(StreamGrab.cpp-L1254)  ProcessName:grabImgWithTrigger(116294)     Description:[GetOneFrameTimeout]StreamChannel[0], Get image failed! Msec[1000], Ret[0x80000007]
Warning 2026-06-02 03:35:09:096  DevID:MV-CS050-10GC(DB0498485)  Source-Line:libMvCameraControl.so(StreamGrab.cpp-L1254)  ProcessName:grabImgWithTrigger(116294)     Description:[GetOneFrameTimeout]StreamChannel[0], Get image failed! Msec[1000], Ret[0x80000007]
Warning 2026-06-02 03:35:10:096  DevID:MV-CS050-10GC(DB0498485)  Source-Line:libMvCameraControl.so(StreamGrab.cpp-L1254)  ProcessName:grabImgWithTrigger(116294)     Description:[GetOneFrameTimeout]StreamChannel[0], Get image failed! Msec[1000], Ret[0x80000007]
Warning 2026-06-02 03:35:11:096  DevID:MV-CS050-10GC(DB0498485)  Source-Line:libMvCameraControl.so(StreamGrab.cpp-L1254)  ProcessName:grabImgWithTrigger(116294)     Description:[GetOneFrameTimeout]StreamChannel[0], Get image failed! Msec[1000], Ret[0x80000007]
Warning 2026-06-02 03:35:12:096  DevID:MV-CS050-10GC(DB0498485)  Source-Line:libMvCameraControl.so(StreamGrab.cpp-L1254)  ProcessName:grabImgWithTrigger(116294)     Description:[GetOneFrameTimeout]StreamChannel[0], Get image failed! Msec[1000], Ret[0x80000007]
Warning 2026-06-02 03:35:13:096  DevID:MV-CS050-10GC(DB0498485)  Source-Line:libMvCameraControl.so(StreamGrab.cpp-L1254)  ProcessName:grabImgWithTrigger(116294)     Description:[GetOneFrameTimeout]StreamChannel[0], Get image failed! Msec[1000], Ret[0x80000007]
Warning 2026-06-02 03:35:14:096  DevID:MV-CS050-10GC(DB0498485)  Source-Line:libMvCameraControl.so(StreamGrab.cpp-L1254)  ProcessName:grabImgWithTrigger(116294)     Description:[GetOneFrameTimeout]StreamChannel[0], Get image failed! Msec[1000], Ret[0x80000007]
Error   2026-06-02 03:35:14:598  DevID:  Source-Line:libMvCameraControl.so(GenTLLoadLibraryEx.cpp-L0222)  ProcessName:grabImgWithTrigger(116649)     Description:[LoadCtiLibInter]Load CTI failed! CTI path[/opt/MVS/lib/aarch64/libMvProducerVIR.so], nRet[0x8000000c]
Error   2026-06-02 03:35:14:600  DevID:  Source-Line:libMvCameraControl.so(GenTLLoadLibraryEx.cpp-L0222)  ProcessName:grabImgWithTrigger(116649)     Description:[LoadCtiLibInter]Load CTI failed! CTI path[/opt/MVS/lib/aarch64/libMvProducerVIR.so], nRet[0x8000000c]
Info    2026-06-02 03:35:14:600  DevID:  Source-Line:libMvCameraControl.so(GigELoadLibrary.cpp-L1611)  ProcessName:grabImgWithTrigger(116649)     Description:[LoadGigEAllFunctions]Load MVGigEVisionSDK success
Info    2026-06-02 03:35:14:702  DevID:MV-CS050-10GC(DB0498485)  Source-Line:libMvCameraControl.so(GigEDevice.cpp-L0375)  ProcessName:grabImgWithTrigger(116649)     Description:[Init]GEV INFO DeviceIP[192.168.127.3], NetIP[192.168.127.110], ManufacturerInfo[Hikrobot], DeviceVersion[V4.0.43 250414 1530132], UserID[]
Info    2026-06-02 03:35:14:702  DevID:MV-CS050-10GC(DB0498485)  Source-Line:libMvCameraControl.so(MediaProcess.cpp-L0880)  ProcessName:grabImgWithTrigger(116649)     Description:[SetBayerCvtQuality]Set Bayer CvtQuality success! BayerCvtQuality[1]
Info    2026-06-02 03:35:14:703  DevID:MV-CS050-10GC(DB0498485)  Source-Line:libMvCameraControl.so(MediaProcess.cpp-L1876)  ProcessName:grabImgWithTrigger(116649)     Description:[SetBayerThreadNum]Set Bayer Thread Num success! BayerThreadNum[4]
Info    2026-06-02 03:35:14:703  DevID:MV-CS050-10GC(DB0498485)  Source-Line:libMvCameraControl.so(MediaProcess.cpp-L0880)  ProcessName:grabImgWithTrigger(116649)     Description:[SetBayerCvtQuality]Set Bayer CvtQuality success! BayerCvtQuality[1]
Info    2026-06-02 03:35:14:703  DevID:MV-CS050-10GC(DB0498485)  Source-Line:libMvCameraControl.so(MediaProcess.cpp-L1876)  ProcessName:grabImgWithTrigger(116649)     Description:[SetBayerThreadNum]Set Bayer Thread Num success! BayerThreadNum[4]
Error   2026-06-02 03:35:14:725  DevID:MV-CS050-10GC(DB0498485)  Source-Line:libMvCameraControl.so(GigEDevice.cpp-L0877)  ProcessName:grabImgWithTrigger(116649)     Description:[OpenDevice]Open device failed! PrivilegeMode[1], SwitchoverKey[0], Ret[0x80000203]
Error   2026-06-02 03:35:14:726  DevID:MV-CS050-10GC(DB0498485)  Source-Line:libMvCameraControl.so(StreamGrab.cpp-L0885)  ProcessName:grabImgWithTrigger(116649)     Description:[StopGrabbing]StreamChannel[0], bGrabbing[0], pDevStream[0xaaaab9e6a450]
Warning 2026-06-02 03:35:15:096  DevID:MV-CS050-10GC(DB0498485)  Source-Line:libMvCameraControl.so(StreamGrab.cpp-L1254)  ProcessName:grabImgWithTrigger(116294)     Description:[GetOneFrameTimeout]StreamChannel[0], Get image failed! Msec[1000], Ret[0x80000007]
Warning 2026-06-02 03:35:16:096  DevID:MV-CS050-10GC(DB0498485)  Source-Line:libMvCameraControl.so(StreamGrab.cpp-L1254)  ProcessName:grabImgWithTrigger(116294)     Description:[GetOneFrameTimeout]StreamChannel[0], Get image failed! Msec[1000], Ret[0x80000007]
Warning 2026-06-02 03:35:17:096  DevID:MV-CS050-10GC(DB0498485)  Source-Line:libMvCameraControl.so(StreamGrab.cpp-L1254)  ProcessName:grabImgWithTrigger(116294)     Description:[GetOneFrameTimeout]StreamChannel[0], Get image failed! Msec[1000], Ret[0x80000007]
Warning 2026-06-02 03:35:18:097  DevID:MV-CS050-10GC(DB0498485)  Source-Line:libMvCameraControl.so(StreamGrab.cpp-L1254)  ProcessName:grabImgWithTrigger(116294)     Description:[GetOneFrameTimeout]StreamChannel[0], Get image failed! Msec[1000], Ret[0x80000007]
Warning 2026-06-02 03:35:19:097  DevID:MV-CS050-10GC(DB0498485)  Source-Line:libMvCameraControl.so(StreamGrab.cpp-L1254)  ProcessName:grabImgWithTrigger(116294)     Description:[GetOneFrameTimeout]StreamChannel[0], Get image failed! Msec[1000], Ret[0x80000007]
Warning 2026-06-02 03:35:20:097  DevID:MV-CS050-10GC(DB0498485)  Source-Line:libMvCameraControl.so(StreamGrab.cpp-L1254)  ProcessName:grabImgWithTrigger(116294)     Description:[GetOneFrameTimeout]StreamChannel[0], Get image failed! Msec[1000], Ret[0x80000007]
Warning 2026-06-02 03:35:21:097  DevID:MV-CS050-10GC(DB0498485)  Source-Line:libMvCameraControl.so(StreamGrab.cpp-L1254)  ProcessName:grabImgWithTrigger(116294)     Description:[GetOneFrameTimeout]StreamChannel[0], Get image failed! Msec[1000], Ret[0x80000007]
Warning 2026-06-02 03:35:22:097  DevID:MV-CS050-10GC(DB0498485)  Source-Line:libMvCameraControl.so(StreamGrab.cpp-L1254)  ProcessName:grabImgWithTrigger(116294)     Description:[GetOneFrameTimeout]StreamChannel[0], Get image failed! Msec[1000], Ret[0x80000007]
Warning 2026-06-02 03:35:23:097  DevID:MV-CS050-10GC(DB0498485)  Source-Line:libMvCameraControl.so(StreamGrab.cpp-L1254)  ProcessName:grabImgWithTrigger(116294)     Description:[GetOneFrameTimeout]StreamChannel[0], Get image failed! Msec[1000], Ret[0x80000007]
Warning 2026-06-02 03:35:24:097  DevID:MV-CS050-10GC(DB0498485)  Source-Line:libMvCameraControl.so(StreamGrab.cpp-L1254)  ProcessName:grabImgWithTrigger(116294)     Description:[GetOneFrameTimeout]StreamChannel[0], Get image failed! Msec[1000], Ret[0x80000007]
Warning 2026-06-02 03:35:25:097  DevID:MV-CS050-10GC(DB0498485)  Source-Line:libMvCameraControl.so(StreamGrab.cpp-L1254)  ProcessName:grabImgWithTrigger(116294)     Description:[GetOneFrameTimeout]StreamChannel[0], Get image failed! Msec[1000], Ret[0x80000007]
Warning 2026-06-02 03:35:26:097  DevID:MV-CS050-10GC(DB0498485)  Source-Line:libMvCameraControl.so(StreamGrab.cpp-L1254)  ProcessName:grabImgWithTrigger(116294)     Description:[GetOneFrameTimeout]StreamChannel[0], Get image failed! Msec[1000], Ret[0x80000007]
Warning 2026-06-02 03:35:27:098  DevID:MV-CS050-10GC(DB0498485)  Source-Line:libMvCameraControl.so(StreamGrab.cpp-L1254)  ProcessName:grabImgWithTrigger(116294)     Description:[GetOneFrameTimeout]StreamChannel[0], Get image failed! Msec[1000], Ret[0x80000007]
Warning 2026-06-02 03:35:28:098  DevID:MV-CS050-10GC(DB0498485)  Source-Line:libMvCameraControl.so(StreamGrab.cpp-L1254)  ProcessName:grabImgWithTrigger(116294)     Description:[GetOneFrameTimeout]StreamChannel[0], Get image failed! Msec[1000], Ret[0x80000007]
Warning 2026-06-02 03:35:29:098  DevID:MV-CS050-10GC(DB0498485)  Source-Line:libMvCameraControl.so(StreamGrab.cpp-L1254)  ProcessName:grabImgWithTrigger(116294)     Description:[GetOneFrameTimeout]StreamChannel[0], Get image failed! Msec[1000], Ret[0x80000007]
Warning 2026-06-02 03:35:30:098  DevID:MV-CS050-10GC(DB0498485)  Source-Line:libMvCameraControl.so(StreamGrab.cpp-L1254)  ProcessName:grabImgWithTrigger(116294)     Description:[GetOneFrameTimeout]StreamChannel[0], Get image failed! Msec[1000], Ret[0x80000007]
Warning 2026-06-02 03:35:31:098  DevID:MV-CS050-10GC(DB0498485)  Source-Line:libMvCameraControl.so(StreamGrab.cpp-L1254)  ProcessName:grabImgWithTrigger(116294)     Description:[GetOneFrameTimeout]StreamChannel[0], Get image failed! Msec[1000], Ret[0x80000007]
Warning 2026-06-02 03:35:32:098  DevID:MV-CS050-10GC(DB0498485)  Source-Line:libMvCameraControl.so(StreamGrab.cpp-L1254)  ProcessName:grabImgWithTrigger(116294)     Description:[GetOneFrameTimeout]StreamChannel[0], Get image failed! Msec[1000], Ret[0x80000007]
Warning 2026-06-02 03:35:33:098  DevID:MV-CS050-10GC(DB0498485)  Source-Line:libMvCameraControl.so(StreamGrab.cpp-L1254)  ProcessName:grabImgWithTrigger(116294)     Description:[GetOneFrameTimeout]StreamChannel[0], Get image failed! Msec[1000], Ret[0x80000007]
Warning 2026-06-02 03:35:34:098  DevID:MV-CS050-10GC(DB0498485)  Source-Line:libMvCameraControl.so(StreamGrab.cpp-L1254)  ProcessName:grabImgWithTrigger(116294)     Description:[GetOneFrameTimeout]StreamChannel[0], Get image failed! Msec[1000], Ret[0x80000007]
Warning 2026-06-02 03:35:35:098  DevID:MV-CS050-10GC(DB0498485)  Source-Line:libMvCameraControl.so(StreamGrab.cpp-L1254)  ProcessName:grabImgWithTrigger(116294)     Description:[GetOneFrameTimeout]StreamChannel[0], Get image failed! Msec[1000], Ret[0x80000007]
Warning 2026-06-02 03:35:36:099  DevID:MV-CS050-10GC(DB0498485)  Source-Line:libMvCameraControl.so(StreamGrab.cpp-L1254)  ProcessName:grabImgWithTrigger(116294)     Description:[GetOneFrameTimeout]StreamChannel[0], Get image failed! Msec[1000], Ret[0x80000007]
Info    2026-06-02 03:35:36:881  DevID:  Source-Line:libMvCameraControl.so(GigELoadLibrary.cpp-L1611)  ProcessName:grabImgWithTrigger(116823)     Description:[LoadGigEAllFunctions]Load MVGigEVisionSDK success
Error   2026-06-02 03:35:36:882  DevID:  Source-Line:libMvCameraControl.so(GenTLLoadLibraryEx.cpp-L0222)  ProcessName:grabImgWithTrigger(116823)     Description:[LoadCtiLibInter]Load CTI failed! CTI path[/opt/MVS/lib/aarch64/libMvProducerVIR.so], nRet[0x8000000c]
Error   2026-06-02 03:35:36:885  DevID:  Source-Line:libMvCameraControl.so(GenTLLoadLibraryEx.cpp-L0222)  ProcessName:grabImgWithTrigger(116823)     Description:[LoadCtiLibInter]Load CTI failed! CTI path[/opt/MVS/lib/aarch64/libMvProducerVIR.so], nRet[0x8000000c]
Info    2026-06-02 03:35:36:984  DevID:MV-CS050-10GC(DB0498485)  Source-Line:libMvCameraControl.so(GigEDevice.cpp-L0375)  ProcessName:grabImgWithTrigger(116823)     Description:[Init]GEV INFO DeviceIP[192.168.127.3], NetIP[192.168.127.110], ManufacturerInfo[Hikrobot], DeviceVersion[V4.0.43 250414 1530132], UserID[]
Info    2026-06-02 03:35:36:984  DevID:MV-CS050-10GC(DB0498485)  Source-Line:libMvCameraControl.so(MediaProcess.cpp-L0880)  ProcessName:grabImgWithTrigger(116823)     Description:[SetBayerCvtQuality]Set Bayer CvtQuality success! BayerCvtQuality[1]
Info    2026-06-02 03:35:36:984  DevID:MV-CS050-10GC(DB0498485)  Source-Line:libMvCameraControl.so(MediaProcess.cpp-L1876)  ProcessName:grabImgWithTrigger(116823)     Description:[SetBayerThreadNum]Set Bayer Thread Num success! BayerThreadNum[4]
Info    2026-06-02 03:35:36:984  DevID:MV-CS050-10GC(DB0498485)  Source-Line:libMvCameraControl.so(MediaProcess.cpp-L0880)  ProcessName:grabImgWithTrigger(116823)     Description:[SetBayerCvtQuality]Set Bayer CvtQuality success! BayerCvtQuality[1]
Info    2026-06-02 03:35:36:984  DevID:MV-CS050-10GC(DB0498485)  Source-Line:libMvCameraControl.so(MediaProcess.cpp-L1876)  ProcessName:grabImgWithTrigger(116823)     Description:[SetBayerThreadNum]Set Bayer Thread Num success! BayerThreadNum[4]
Error   2026-06-02 03:35:37:014  DevID:MV-CS050-10GC(DB0498485)  Source-Line:libMvCameraControl.so(GigEDevice.cpp-L0877)  ProcessName:grabImgWithTrigger(116823)     Description:[OpenDevice]Open device failed! PrivilegeMode[1], SwitchoverKey[0], Ret[0x80000203]
Error   2026-06-02 03:35:37:015  DevID:MV-CS050-10GC(DB0498485)  Source-Line:libMvCameraControl.so(StreamGrab.cpp-L0885)  ProcessName:grabImgWithTrigger(116823)     Description:[StopGrabbing]StreamChannel[0], bGrabbing[0], pDevStream[0xaaab18ef4b40]
Info    2026-06-02 03:35:37:419  DevID:  Source-Line:libMvCameraControl.so(GigELoadLibrary.cpp-L1611)  ProcessName:grabImgWithTrigger(116894)     Description:[LoadGigEAllFunctions]Load MVGigEVisionSDK success
Error   2026-06-02 03:35:37:446  DevID:  Source-Line:libMvCameraControl.so(GenTLLoadLibraryEx.cpp-L0222)  ProcessName:grabImgWithTrigger(116894)     Description:[LoadCtiLibInter]Load CTI failed! CTI path[/opt/MVS/lib/aarch64/libMvProducerVIR.so], nRet[0x8000000c]
Error   2026-06-02 03:35:37:446  DevID:  Source-Line:libMvCameraControl.so(GenTLLoadLibraryEx.cpp-L0222)  ProcessName:grabImgWithTrigger(116894)     Description:[LoadCtiLibInter]Load CTI failed! CTI path[/opt/MVS/lib/aarch64/libMvProducerVIR.so], nRet[0x8000000c]
Info    2026-06-02 03:35:37:522  DevID:MV-CS050-10GC(DB0498485)  Source-Line:libMvCameraControl.so(GigEDevice.cpp-L0375)  ProcessName:grabImgWithTrigger(116894)     Description:[Init]GEV INFO DeviceIP[192.168.127.3], NetIP[192.168.127.110], ManufacturerInfo[Hikrobot], DeviceVersion[V4.0.43 250414 1530132], UserID[]
Info    2026-06-02 03:35:37:522  DevID:MV-CS050-10GC(DB0498485)  Source-Line:libMvCameraControl.so(MediaProcess.cpp-L0880)  ProcessName:grabImgWithTrigger(116894)     Description:[SetBayerCvtQuality]Set Bayer CvtQuality success! BayerCvtQuality[1]
Info    2026-06-02 03:35:37:522  DevID:MV-CS050-10GC(DB0498485)  Source-Line:libMvCameraControl.so(MediaProcess.cpp-L1876)  ProcessName:grabImgWithTrigger(116894)     Description:[SetBayerThreadNum]Set Bayer Thread Num success! BayerThreadNum[4]
Info    2026-06-02 03:35:37:522  DevID:MV-CS050-10GC(DB0498485)  Source-Line:libMvCameraControl.so(MediaProcess.cpp-L0880)  ProcessName:grabImgWithTrigger(116894)     Description:[SetBayerCvtQuality]Set Bayer CvtQuality success! BayerCvtQuality[1]
Info    2026-06-02 03:35:37:522  DevID:MV-CS050-10GC(DB0498485)  Source-Line:libMvCameraControl.so(MediaProcess.cpp-L1876)  ProcessName:grabImgWithTrigger(116894)     Description:[SetBayerThreadNum]Set Bayer Thread Num success! BayerThreadNum[4]
Error   2026-06-02 03:35:37:554  DevID:MV-CS050-10GC(DB0498485)  Source-Line:libMvCameraControl.so(GigEDevice.cpp-L0877)  ProcessName:grabImgWithTrigger(116894)     Description:[OpenDevice]Open device failed! PrivilegeMode[1], SwitchoverKey[0], Ret[0x80000203]
Error   2026-06-02 03:35:37:554  DevID:MV-CS050-10GC(DB0498485)  Source-Line:libMvCameraControl.so(StreamGrab.cpp-L0885)  ProcessName:grabImgWithTrigger(116894)     Description:[StopGrabbing]StreamChannel[0], bGrabbing[0], pDevStream[0xaaab11e82d30]
Error   2026-06-02 03:35:37:951  DevID:  Source-Line:libMvCameraControl.so(GenTLLoadLibraryEx.cpp-L0222)  ProcessName:grabImgWithTrigger(116920)     Description:[LoadCtiLibInter]Load CTI failed! CTI path[/opt/MVS/lib/aarch64/libMvProducerVIR.so], nRet[0x8000000c]
Info    2026-06-02 03:35:37:951  DevID:  Source-Line:libMvCameraControl.so(GigELoadLibrary.cpp-L1611)  ProcessName:grabImgWithTrigger(116920)     Description:[LoadGigEAllFunctions]Load MVGigEVisionSDK success
Error   2026-06-02 03:35:37:952  DevID:  Source-Line:libMvCameraControl.so(GenTLLoadLibraryEx.cpp-L0222)  ProcessName:grabImgWithTrigger(116920)     Description:[LoadCtiLibInter]Load CTI failed! CTI path[/opt/MVS/lib/aarch64/libMvProducerVIR.so], nRet[0x8000000c]
Info    2026-06-02 03:35:38:054  DevID:MV-CS050-10GC(DB0498485)  Source-Line:libMvCameraControl.so(GigEDevice.cpp-L0375)  ProcessName:grabImgWithTrigger(116920)     Description:[Init]GEV INFO DeviceIP[192.168.127.3], NetIP[192.168.127.110], ManufacturerInfo[Hikrobot], DeviceVersion[V4.0.43 250414 1530132], UserID[]
Info    2026-06-02 03:35:38:054  DevID:MV-CS050-10GC(DB0498485)  Source-Line:libMvCameraControl.so(MediaProcess.cpp-L0880)  ProcessName:grabImgWithTrigger(116920)     Description:[SetBayerCvtQuality]Set Bayer CvtQuality success! BayerCvtQuality[1]
Info    2026-06-02 03:35:38:054  DevID:MV-CS050-10GC(DB0498485)  Source-Line:libMvCameraControl.so(MediaProcess.cpp-L1876)  ProcessName:grabImgWithTrigger(116920)     Description:[SetBayerThreadNum]Set Bayer Thread Num success! BayerThreadNum[4]
Info    2026-06-02 03:35:38:054  DevID:MV-CS050-10GC(DB0498485)  Source-Line:libMvCameraControl.so(MediaProcess.cpp-L0880)  ProcessName:grabImgWithTrigger(116920)     Description:[SetBayerCvtQuality]Set Bayer CvtQuality success! BayerCvtQuality[1]
Info    2026-06-02 03:35:38:054  DevID:MV-CS050-10GC(DB0498485)  Source-Line:libMvCameraControl.so(MediaProcess.cpp-L1876)  ProcessName:grabImgWithTrigger(116920)     Description:[SetBayerThreadNum]Set Bayer Thread Num success! BayerThreadNum[4]
Error   2026-06-02 03:35:38:077  DevID:MV-CS050-10GC(DB0498485)  Source-Line:libMvCameraControl.so(GigEDevice.cpp-L0877)  ProcessName:grabImgWithTrigger(116920)     Description:[OpenDevice]Open device failed! PrivilegeMode[1], SwitchoverKey[0], Ret[0x80000203]
Error   2026-06-02 03:35:38:077  DevID:MV-CS050-10GC(DB0498485)  Source-Line:libMvCameraControl.so(StreamGrab.cpp-L0885)  ProcessName:grabImgWithTrigger(116920)     Description:[StopGrabbing]StreamChannel[0], bGrabbing[0], pDevStream[0xaaaaef562c50]
Error   2026-06-02 03:35:46:147  DevID:  Source-Line:libMvCameraControl.so(GenTLLoadLibraryEx.cpp-L0222)  ProcessName:grabImgWithTrigger(117137)     Description:[LoadCtiLibInter]Load CTI failed! CTI path[/opt/MVS/lib/aarch64/libMvProducerVIR.so], nRet[0x8000000c]
Info    2026-06-02 03:35:46:148  DevID:  Source-Line:libMvCameraControl.so(GigELoadLibrary.cpp-L1611)  ProcessName:grabImgWithTrigger(117137)     Description:[LoadGigEAllFunctions]Load MVGigEVisionSDK success
Error   2026-06-02 03:35:46:174  DevID:  Source-Line:libMvCameraControl.so(GenTLLoadLibraryEx.cpp-L0222)  ProcessName:grabImgWithTrigger(117137)     Description:[LoadCtiLibInter]Load CTI failed! CTI path[/opt/MVS/lib/aarch64/libMvProducerVIR.so], nRet[0x8000000c]
Info    2026-06-02 03:35:46:250  DevID:MV-CS050-10GC(DB0498485)  Source-Line:libMvCameraControl.so(GigEDevice.cpp-L0375)  ProcessName:grabImgWithTrigger(117137)     Description:[Init]GEV INFO DeviceIP[192.168.127.3], NetIP[192.168.127.110], ManufacturerInfo[Hikrobot], DeviceVersion[V4.0.43 250414 1530132], UserID[]
Info    2026-06-02 03:35:46:250  DevID:MV-CS050-10GC(DB0498485)  Source-Line:libMvCameraControl.so(MediaProcess.cpp-L0880)  ProcessName:grabImgWithTrigger(117137)     Description:[SetBayerCvtQuality]Set Bayer CvtQuality success! BayerCvtQuality[1]
Info    2026-06-02 03:35:46:250  DevID:MV-CS050-10GC(DB0498485)  Source-Line:libMvCameraControl.so(MediaProcess.cpp-L1876)  ProcessName:grabImgWithTrigger(117137)     Description:[SetBayerThreadNum]Set Bayer Thread Num success! BayerThreadNum[4]
Info    2026-06-02 03:35:46:250  DevID:MV-CS050-10GC(DB0498485)  Source-Line:libMvCameraControl.so(MediaProcess.cpp-L0880)  ProcessName:grabImgWithTrigger(117137)     Description:[SetBayerCvtQuality]Set Bayer CvtQuality success! BayerCvtQuality[1]
Info    2026-06-02 03:35:46:250  DevID:MV-CS050-10GC(DB0498485)  Source-Line:libMvCameraControl.so(MediaProcess.cpp-L1876)  ProcessName:grabImgWithTrigger(117137)     Description:[SetBayerThreadNum]Set Bayer Thread Num success! BayerThreadNum[4]
Info    2026-06-02 03:35:46:290  DevID:  Source-Line:libMvCameraControl.so(CacheXmlToFile.cpp-L0576)  ProcessName:grabImgWithTrigger(117137)     Description:[ReadCacheFile]ReadLocalFile XMLPath[SchemaVersion.1.0@Hikrobot#GEV#MV-CS050-10GC#V4.0.43 250414 1530132@XMLVersion.1.0.0.zip]
Info    2026-06-02 03:35:46:290  DevID:MV-CS050-10GC(DB0498485)  Source-Line:libMvCameraControl.so(GigEDevice.cpp-L0576)  ProcessName:grabImgWithTrigger(117137)     Description:[GetXmlInfo]Get GenICamXML From local File, len [0x197c9] Type[1]
Info    2026-06-02 03:35:46:492  DevID:MV-CS050-10GC(DB0498485)  Source-Line:libMvCameraControl.so(GigEDevice.cpp-L0922)  ProcessName:grabImgWithTrigger(117137)     Description:[OpenDevice]Load XML success
Info    2026-06-02 03:35:46:495  DevID:MV-CS050-10GC(DB0498485)  Source-Line:libMvCameraControl.so(GenICamImpl.cpp-L0802)  ProcessName:grabImgWithTrigger(117137)     Description:[InvalidateNodes]Invalidate Nodes success
Info    2026-06-02 03:35:46:495  DevID:MV-CS050-10GC(DB0498485)  Source-Line:libMvCameraControl.so(GigEDevice.cpp-L0935)  ProcessName:grabImgWithTrigger(117137)     Description:[OpenDevice]Invalidate Nodes success
Info    2026-06-02 03:35:46:498  DevID:MV-CS050-10GC(DB0498485)  Source-Line:libMvCameraControl.so(StreamGrab.cpp-L0237)  ProcessName:grabImgWithTrigger(117137)     Description:[Open]Stream channel[0] opened
Info    2026-06-02 03:35:46:501  DevID:MV-CS050-10GC(DB0498485)  Source-Line:libMvCameraControl.so(GigEDevice.cpp-L0967)  ProcessName:grabImgWithTrigger(117137)     Description:[OpenDevice]Open device success! PrivilegeMode[1], SwitchoverKey[0], DeviceUptime[11253],DeviceFirmwareVersion[V4.0.43 2504141530132 23120701]
Info    2026-06-02 03:35:46:501  DevID:MV-CS050-10GC(DB0498485)  Source-Line:libMvCameraControl.so(MediaProcess.cpp-L0880)  ProcessName:grabImgWithTrigger(117137)     Description:[SetBayerCvtQuality]Set Bayer CvtQuality success! BayerCvtQuality[1]
Info    2026-06-02 03:35:46:502  DevID:MV-CS050-10GC(DB0498485)  Source-Line:libMvCameraControl.so(MediaProcess.cpp-L1876)  ProcessName:grabImgWithTrigger(117137)     Description:[SetBayerThreadNum]Set Bayer Thread Num success! BayerThreadNum[4]
Info    2026-06-02 03:35:46:502  DevID:MV-CS050-10GC(DB0498485)  Source-Line:libMvCameraControl.so(GigEDevice.cpp-L0986)  ProcessName:grabImgWithTrigger(117137)     Description:[OpenDevice]OpenDevice, cost time 252.000000ms 
Info    2026-06-02 03:35:46:502  DevID:  Source-Line:libMvCameraControl.so(GenICamImpl.cpp-L2412)  ProcessName:grabImgWithTrigger(117137)     Description:[RecordThread]RecordThread Start, ThreadId[1961414752]
Info    2026-06-02 03:35:46:534  DevID:MV-CS050-10GC(DB0498485)  Source-Line:libMvCameraControl.so(GenICamImpl.cpp-L2443)  ProcessName:grabImgWithTrigger(117137)     Description:[RecordThreadProc][Record] Get BlackLevel value [240]
Info    2026-06-02 03:35:46:541  DevID:MV-CS050-10GC(DB0498485)  Source-Line:libMvCameraControl.so(GenICamImpl.cpp-L2465)  ProcessName:grabImgWithTrigger(117137)     Description:[RecordThreadProc][Record] Get BalanceWhiteAuto Value [1] (0:off 1:contineu; 2:once):
Info    2026-06-02 03:35:46:545  DevID:MV-CS050-10GC(DB0498485)  Source-Line:libMvCameraControl.so(GenICamImpl.cpp-L2531)  ProcessName:grabImgWithTrigger(117137)     Description:[RecordThreadProc][Record] Get ExposureAuto value [0]
Info    2026-06-02 03:35:46:556  DevID:MV-CS050-10GC(DB0498485)  Source-Line:libMvCameraControl.so(GenICamImpl.cpp-L2553)  ProcessName:grabImgWithTrigger(117137)     Description:[RecordThreadProc][Record] Get ExposureTime value [5000.000000] 
Info    2026-06-02 03:35:46:565  DevID:MV-CS050-10GC(DB0498485)  Source-Line:libMvCameraControl.so(GenICamImpl.cpp-L2574)  ProcessName:grabImgWithTrigger(117137)     Description:[RecordThreadProc][Record] Get GainAuto value [2] (0:off 1:contineu; 2:once):
Info    2026-06-02 03:35:46:590  DevID:MV-CS050-10GC(DB0498485)  Source-Line:libMvCameraControl.so(GenICamImpl.cpp-L2595)  ProcessName:grabImgWithTrigger(117137)     Description:[RecordThreadProc][Record] Get Gain value [23.981199] 
Error   2026-06-02 03:35:46:604  DevID:MV-CS050-10GC(DB0498485)  Source-Line:libMvCameraControl.so(GenICamImpl.cpp-L1181)  ProcessName:grabImgWithTrigger(117137)     Description:[XML_GetNodeAccessMode]PropertyName[SeqExpEnable], Ret[0x80000109]
Error   2026-06-02 03:35:46:604  DevID:MV-CS050-10GC(DB0498485)  Source-Line:libMvCameraControl.so(GenICamImpl.cpp-L1181)  ProcessName:grabImgWithTrigger(117137)     Description:[XML_GetNodeAccessMode]PropertyName[MultiLightControl], Ret[0x80000109]
Info    2026-06-02 03:35:46:607  DevID:MV-CS050-10GC(DB0498485)  Source-Line:libMvCameraControl.so(LiquidLensController.cpp-L2113)  ProcessName:grabImgWithTrigger(117137)     Description:[SetFastQuit][CLiquidLensController]SetFastQuit: Fast quit disabled
Info    2026-06-02 03:35:46:607  DevID:MV-CS050-10GC(DB0498485)  Source-Line:libMvCameraControl.so(GigEStream.cpp-L0070)  ProcessName:grabImgWithTrigger(117137)     Description:[StartAcquisition][GEV]Width[2448], Height[2048], PixelFormat[0x2180014], PayloadSize[15040512], ChunkCount[100], CompressMode[0], DeviceUptime[11253]
Info    2026-06-02 03:35:46:614  DevID:MV-CS050-10GC(DB0498485)  Source-Line:libMvCameraControl.so(GenICamImpl.cpp-L2616)  ProcessName:grabImgWithTrigger(117137)     Description:[RecordThreadProc][Record] Get PixelFormat value [35127316] :
Info    2026-06-02 03:35:46:616  DevID:MV-CS050-10GC(DB0498485)  Source-Line:libMvCameraControl.so(StreamGrab.cpp-L0872)  ProcessName:grabImgWithTrigger(117137)     Description:[StartGrabbing]StreamChannel[0], Start grabbing success, There is no registration callback.
Info    2026-06-02 03:35:46:616  DevID:MV-CS050-10GC(DB0498485)  Source-Line:libMvCameraControl.so(GenICamImpl.cpp-L2637)  ProcessName:grabImgWithTrigger(117137)     Description:[RecordThreadProc][Record] Get GammaEnable value [1] 
Info    2026-06-02 03:35:46:617  DevID:MV-CS050-10GC(DB0498485)  Source-Line:libMvCameraControl.so(GenICamImpl.cpp-L2658)  ProcessName:grabImgWithTrigger(117137)     Description:[RecordThreadProc][Record] Get Gamma value [0.700000] 
Info    2026-06-02 03:35:46:618  DevID:MV-CS050-10GC(DB0498485)  Source-Line:libMvCameraControl.so(GenICamImpl.cpp-L2679)  ProcessName:grabImgWithTrigger(117137)     Description:[RecordThreadProc][Record] Get UserSetCurrent value [0]
Info    2026-06-02 03:35:46:620  DevID:MV-CS050-10GC(DB0498485)  Source-Line:libMvCameraControl.so(GenICamImpl.cpp-L2700)  ProcessName:grabImgWithTrigger(117137)     Description:[RecordThreadProc][Record] Get UserSetSelector value [0] 
Info    2026-06-02 03:35:46:621  DevID:MV-CS050-10GC(DB0498485)  Source-Line:libMvCameraControl.so(GenICamImpl.cpp-L2721)  ProcessName:grabImgWithTrigger(117137)     Description:[RecordThreadProc][Record] Get UserSetDefault value[0]
Info    2026-06-02 03:35:46:621  DevID:  Source-Line:libMvCameraControl.so(GenICamImpl.cpp-L2417)  ProcessName:grabImgWithTrigger(117137)     Description:[RecordThread]RecordThread End, ThreadId[1961414752]
Info    2026-06-02 03:35:56:317  DevID:MV-CS050-10GC(DB0498485)  Source-Line:libMvCameraControl.so(LiquidLensController.cpp-L2109)  ProcessName:grabImgWithTrigger(117137)     Description:[SetFastQuit][CLiquidLensController]SetFastQuit: Fast quit enabled
Info    2026-06-02 03:35:56:330  DevID:MV-CS050-10GC(DB0498485)  Source-Line:libMvCameraControl.so(StreamGrab.cpp-L0937)  ProcessName:grabImgWithTrigger(117137)     Description:[StopGrabbing]Stop grabbing success! DeviceUptime[11263]
Info    2026-06-02 03:35:56:330  DevID:MV-CS050-10GC(DB0498485)  Source-Line:libMvCameraControl.so(GigEDevice.cpp-L0760)  ProcessName:grabImgWithTrigger(117137)     Description:[CloseGigEDevice] Close device begin!
Error   2026-06-02 03:35:56:330  DevID:MV-CS050-10GC(DB0498485)  Source-Line:libMvCameraControl.so(StreamGrab.cpp-L0885)  ProcessName:grabImgWithTrigger(117137)     Description:[StopGrabbing]StreamChannel[0], bGrabbing[0], pDevStream[0xaaaab590e960]
Info    2026-06-02 03:35:56:330  DevID:MV-CS050-10GC(DB0498485)  Source-Line:libMvCameraControl.so(StreamGrab.cpp-L0273)  ProcessName:grabImgWithTrigger(117137)     Description:[Close]Stream channel[0] closed
Info    2026-06-02 03:35:56:331  DevID:MV-CS050-10GC(DB0498485)  Source-Line:libMvCameraControl.so(GigEDevice.cpp-L0777)  ProcessName:grabImgWithTrigger(117137)     Description:[CloseGigEDevice]DeviceUptime[11263]
Info    2026-06-02 03:35:56:337  DevID:MV-CS050-10GC(DB0498485)  Source-Line:libMvCameraControl.so(GigEDevice.cpp-L0803)  ProcessName:grabImgWithTrigger(117137)     Description:[CloseGigEDevice]Close device success!
Info    2026-06-02 03:35:56:338  DevID:MV-CS050-10GC(DB0498485)  Source-Line:libMvCameraControl.so(GigEDeviceEvent.cpp-L0046)  ProcessName:grabImgWithTrigger(117137)     Description:[Deinit]GigEDeviceEvent Deinit  RecvAllEvent  [0],
Info    2026-06-02 03:36:37:795  DevID:  Source-Line:libMvCameraControl.so(GigELoadLibrary.cpp-L1611)  ProcessName:grabImgWithTrigger(117416)     Description:[LoadGigEAllFunctions]Load MVGigEVisionSDK success
Error   2026-06-02 03:36:37:795  DevID:  Source-Line:libMvCameraControl.so(GenTLLoadLibraryEx.cpp-L0222)  ProcessName:grabImgWithTrigger(117416)     Description:[LoadCtiLibInter]Load CTI failed! CTI path[/opt/MVS/lib/aarch64/libMvProducerVIR.so], nRet[0x8000000c]
Error   2026-06-02 03:36:37:796  DevID:  Source-Line:libMvCameraControl.so(GenTLLoadLibraryEx.cpp-L0222)  ProcessName:grabImgWithTrigger(117416)     Description:[LoadCtiLibInter]Load CTI failed! CTI path[/opt/MVS/lib/aarch64/libMvProducerVIR.so], nRet[0x8000000c]
Info    2026-06-02 03:36:37:902  DevID:MV-CS050-10GC(DB0498485)  Source-Line:libMvCameraControl.so(GigEDevice.cpp-L0375)  ProcessName:grabImgWithTrigger(117416)     Description:[Init]GEV INFO DeviceIP[192.168.127.3], NetIP[192.168.127.110], ManufacturerInfo[Hikrobot], DeviceVersion[V4.0.43 250414 1530132], UserID[]
Info    2026-06-02 03:36:37:902  DevID:MV-CS050-10GC(DB0498485)  Source-Line:libMvCameraControl.so(MediaProcess.cpp-L0880)  ProcessName:grabImgWithTrigger(117416)     Description:[SetBayerCvtQuality]Set Bayer CvtQuality success! BayerCvtQuality[1]
Info    2026-06-02 03:36:37:902  DevID:MV-CS050-10GC(DB0498485)  Source-Line:libMvCameraControl.so(MediaProcess.cpp-L1876)  ProcessName:grabImgWithTrigger(117416)     Description:[SetBayerThreadNum]Set Bayer Thread Num success! BayerThreadNum[4]
Info    2026-06-02 03:36:37:902  DevID:MV-CS050-10GC(DB0498485)  Source-Line:libMvCameraControl.so(MediaProcess.cpp-L0880)  ProcessName:grabImgWithTrigger(117416)     Description:[SetBayerCvtQuality]Set Bayer CvtQuality success! BayerCvtQuality[1]
Info    2026-06-02 03:36:37:902  DevID:MV-CS050-10GC(DB0498485)  Source-Line:libMvCameraControl.so(MediaProcess.cpp-L1876)  ProcessName:grabImgWithTrigger(117416)     Description:[SetBayerThreadNum]Set Bayer Thread Num success! BayerThreadNum[4]
Info    2026-06-02 03:36:37:954  DevID:  Source-Line:libMvCameraControl.so(CacheXmlToFile.cpp-L0576)  ProcessName:grabImgWithTrigger(117416)     Description:[ReadCacheFile]ReadLocalFile XMLPath[SchemaVersion.1.0@Hikrobot#GEV#MV-CS050-10GC#V4.0.43 250414 1530132@XMLVersion.1.0.0.zip]
Info    2026-06-02 03:36:37:954  DevID:MV-CS050-10GC(DB0498485)  Source-Line:libMvCameraControl.so(GigEDevice.cpp-L0576)  ProcessName:grabImgWithTrigger(117416)     Description:[GetXmlInfo]Get GenICamXML From local File, len [0x197c9] Type[1]
Info    2026-06-02 03:36:38:217  DevID:MV-CS050-10GC(DB0498485)  Source-Line:libMvCameraControl.so(GigEDevice.cpp-L0922)  ProcessName:grabImgWithTrigger(117416)     Description:[OpenDevice]Load XML success
Info    2026-06-02 03:36:38:220  DevID:MV-CS050-10GC(DB0498485)  Source-Line:libMvCameraControl.so(GenICamImpl.cpp-L0802)  ProcessName:grabImgWithTrigger(117416)     Description:[InvalidateNodes]Invalidate Nodes success
Info    2026-06-02 03:36:38:220  DevID:MV-CS050-10GC(DB0498485)  Source-Line:libMvCameraControl.so(GigEDevice.cpp-L0935)  ProcessName:grabImgWithTrigger(117416)     Description:[OpenDevice]Invalidate Nodes success
Info    2026-06-02 03:36:38:223  DevID:MV-CS050-10GC(DB0498485)  Source-Line:libMvCameraControl.so(StreamGrab.cpp-L0237)  ProcessName:grabImgWithTrigger(117416)     Description:[Open]Stream channel[0] opened
Info    2026-06-02 03:36:38:226  DevID:MV-CS050-10GC(DB0498485)  Source-Line:libMvCameraControl.so(GigEDevice.cpp-L0967)  ProcessName:grabImgWithTrigger(117416)     Description:[OpenDevice]Open device success! PrivilegeMode[1], SwitchoverKey[0], DeviceUptime[11305],DeviceFirmwareVersion[V4.0.43 2504141530132 23120701]
Info    2026-06-02 03:36:38:226  DevID:MV-CS050-10GC(DB0498485)  Source-Line:libMvCameraControl.so(MediaProcess.cpp-L0880)  ProcessName:grabImgWithTrigger(117416)     Description:[SetBayerCvtQuality]Set Bayer CvtQuality success! BayerCvtQuality[1]
Info    2026-06-02 03:36:38:226  DevID:MV-CS050-10GC(DB0498485)  Source-Line:libMvCameraControl.so(MediaProcess.cpp-L1876)  ProcessName:grabImgWithTrigger(117416)     Description:[SetBayerThreadNum]Set Bayer Thread Num success! BayerThreadNum[4]
Info    2026-06-02 03:36:38:226  DevID:MV-CS050-10GC(DB0498485)  Source-Line:libMvCameraControl.so(GigEDevice.cpp-L0986)  ProcessName:grabImgWithTrigger(117416)     Description:[OpenDevice]OpenDevice, cost time 324.000000ms 
Info    2026-06-02 03:36:38:226  DevID:  Source-Line:libMvCameraControl.so(GenICamImpl.cpp-L2412)  ProcessName:grabImgWithTrigger(117416)     Description:[RecordThread]RecordThread Start, ThreadId[2376650848]
Info    2026-06-02 03:36:38:263  DevID:MV-CS050-10GC(DB0498485)  Source-Line:libMvCameraControl.so(GenICamImpl.cpp-L2443)  ProcessName:grabImgWithTrigger(117416)     Description:[RecordThreadProc][Record] Get BlackLevel value [240]
Info    2026-06-02 03:36:38:265  DevID:MV-CS050-10GC(DB0498485)  Source-Line:libMvCameraControl.so(GenICamImpl.cpp-L2465)  ProcessName:grabImgWithTrigger(117416)     Description:[RecordThreadProc][Record] Get BalanceWhiteAuto Value [1] (0:off 1:contineu; 2:once):
Info    2026-06-02 03:36:38:266  DevID:MV-CS050-10GC(DB0498485)  Source-Line:libMvCameraControl.so(GenICamImpl.cpp-L2531)  ProcessName:grabImgWithTrigger(117416)     Description:[RecordThreadProc][Record] Get ExposureAuto value [0]
Info    2026-06-02 03:36:38:270  DevID:MV-CS050-10GC(DB0498485)  Source-Line:libMvCameraControl.so(GenICamImpl.cpp-L2553)  ProcessName:grabImgWithTrigger(117416)     Description:[RecordThreadProc][Record] Get ExposureTime value [5000.000000] 
Info    2026-06-02 03:36:38:278  DevID:MV-CS050-10GC(DB0498485)  Source-Line:libMvCameraControl.so(GenICamImpl.cpp-L2574)  ProcessName:grabImgWithTrigger(117416)     Description:[RecordThreadProc][Record] Get GainAuto value [2] (0:off 1:contineu; 2:once):
Info    2026-06-02 03:36:38:283  DevID:MV-CS050-10GC(DB0498485)  Source-Line:libMvCameraControl.so(GenICamImpl.cpp-L2595)  ProcessName:grabImgWithTrigger(117416)     Description:[RecordThreadProc][Record] Get Gain value [23.981199] 
Info    2026-06-02 03:36:38:301  DevID:MV-CS050-10GC(DB0498485)  Source-Line:libMvCameraControl.so(GenICamImpl.cpp-L2616)  ProcessName:grabImgWithTrigger(117416)     Description:[RecordThreadProc][Record] Get PixelFormat value [35127316] :
Info    2026-06-02 03:36:38:310  DevID:MV-CS050-10GC(DB0498485)  Source-Line:libMvCameraControl.so(GenICamImpl.cpp-L2637)  ProcessName:grabImgWithTrigger(117416)     Description:[RecordThreadProc][Record] Get GammaEnable value [1] 
Error   2026-06-02 03:36:38:347  DevID:MV-CS050-10GC(DB0498485)  Source-Line:libMvCameraControl.so(GenICamImpl.cpp-L1181)  ProcessName:grabImgWithTrigger(117416)     Description:[XML_GetNodeAccessMode]PropertyName[SeqExpEnable], Ret[0x80000109]
Error   2026-06-02 03:36:38:347  DevID:MV-CS050-10GC(DB0498485)  Source-Line:libMvCameraControl.so(GenICamImpl.cpp-L1181)  ProcessName:grabImgWithTrigger(117416)     Description:[XML_GetNodeAccessMode]PropertyName[MultiLightControl], Ret[0x80000109]
Info    2026-06-02 03:36:38:350  DevID:MV-CS050-10GC(DB0498485)  Source-Line:libMvCameraControl.so(LiquidLensController.cpp-L2113)  ProcessName:grabImgWithTrigger(117416)     Description:[SetFastQuit][CLiquidLensController]SetFastQuit: Fast quit disabled
Info    2026-06-02 03:36:38:350  DevID:MV-CS050-10GC(DB0498485)  Source-Line:libMvCameraControl.so(GigEStream.cpp-L0070)  ProcessName:grabImgWithTrigger(117416)     Description:[StartAcquisition][GEV]Width[2448], Height[2048], PixelFormat[0x2180014], PayloadSize[15040512], ChunkCount[100], CompressMode[0], DeviceUptime[11305]
Info    2026-06-02 03:36:38:366  DevID:MV-CS050-10GC(DB0498485)  Source-Line:libMvCameraControl.so(GenICamImpl.cpp-L2658)  ProcessName:grabImgWithTrigger(117416)     Description:[RecordThreadProc][Record] Get Gamma value [0.700000] 
Info    2026-06-02 03:36:38:368  DevID:MV-CS050-10GC(DB0498485)  Source-Line:libMvCameraControl.so(StreamGrab.cpp-L0872)  ProcessName:grabImgWithTrigger(117416)     Description:[StartGrabbing]StreamChannel[0], Start grabbing success, There is no registration callback.
Info    2026-06-02 03:36:38:369  DevID:MV-CS050-10GC(DB0498485)  Source-Line:libMvCameraControl.so(GenICamImpl.cpp-L2679)  ProcessName:grabImgWithTrigger(117416)     Description:[RecordThreadProc][Record] Get UserSetCurrent value [0]
Info    2026-06-02 03:36:38:371  DevID:MV-CS050-10GC(DB0498485)  Source-Line:libMvCameraControl.so(GenICamImpl.cpp-L2700)  ProcessName:grabImgWithTrigger(117416)     Description:[RecordThreadProc][Record] Get UserSetSelector value [0] 
Info    2026-06-02 03:36:38:372  DevID:MV-CS050-10GC(DB0498485)  Source-Line:libMvCameraControl.so(GenICamImpl.cpp-L2721)  ProcessName:grabImgWithTrigger(117416)     Description:[RecordThreadProc][Record] Get UserSetDefault value[0]
Info    2026-06-02 03:36:38:372  DevID:  Source-Line:libMvCameraControl.so(GenICamImpl.cpp-L2417)  ProcessName:grabImgWithTrigger(117416)     Description:[RecordThread]RecordThread End, ThreadId[2376650848]
Info    2026-06-02 03:36:44:361  DevID:MV-CS050-10GC(DB0498485)  Source-Line:libMvCameraControl.so(LiquidLensController.cpp-L2109)  ProcessName:grabImgWithTrigger(117416)     Description:[SetFastQuit][CLiquidLensController]SetFastQuit: Fast quit enabled
Info    2026-06-02 03:36:44:374  DevID:MV-CS050-10GC(DB0498485)  Source-Line:libMvCameraControl.so(StreamGrab.cpp-L0937)  ProcessName:grabImgWithTrigger(117416)     Description:[StopGrabbing]Stop grabbing success! DeviceUptime[11311]
Info    2026-06-02 03:36:44:374  DevID:MV-CS050-10GC(DB0498485)  Source-Line:libMvCameraControl.so(GigEDevice.cpp-L0760)  ProcessName:grabImgWithTrigger(117416)     Description:[CloseGigEDevice] Close device begin!
Error   2026-06-02 03:36:44:374  DevID:MV-CS050-10GC(DB0498485)  Source-Line:libMvCameraControl.so(StreamGrab.cpp-L0885)  ProcessName:grabImgWithTrigger(117416)     Description:[StopGrabbing]StreamChannel[0], bGrabbing[0], pDevStream[0xaaab0d4cc4d0]
Info    2026-06-02 03:36:44:374  DevID:MV-CS050-10GC(DB0498485)  Source-Line:libMvCameraControl.so(StreamGrab.cpp-L0273)  ProcessName:grabImgWithTrigger(117416)     Description:[Close]Stream channel[0] closed
Info    2026-06-02 03:36:44:376  DevID:MV-CS050-10GC(DB0498485)  Source-Line:libMvCameraControl.so(GigEDevice.cpp-L0777)  ProcessName:grabImgWithTrigger(117416)     Description:[CloseGigEDevice]DeviceUptime[11311]
Info    2026-06-02 03:36:44:384  DevID:MV-CS050-10GC(DB0498485)  Source-Line:libMvCameraControl.so(GigEDevice.cpp-L0803)  ProcessName:grabImgWithTrigger(117416)     Description:[CloseGigEDevice]Close device success!
Info    2026-06-02 03:36:44:384  DevID:MV-CS050-10GC(DB0498485)  Source-Line:libMvCameraControl.so(GigEDeviceEvent.cpp-L0046)  ProcessName:grabImgWithTrigger(117416)     Description:[Deinit]GigEDeviceEvent Deinit  RecvAllEvent  [0],
Error   2026-06-02 03:39:28:754  DevID:  Source-Line:libMvCameraControl.so(GenTLLoadLibraryEx.cpp-L0222)  ProcessName:grabImgWithTrigger(118085)     Description:[LoadCtiLibInter]Load CTI failed! CTI path[/opt/MVS/lib/aarch64/libMvProducerVIR.so], nRet[0x8000000c]
Info    2026-06-02 03:39:28:756  DevID:  Source-Line:libMvCameraControl.so(GigELoadLibrary.cpp-L1611)  ProcessName:grabImgWithTrigger(118085)     Description:[LoadGigEAllFunctions]Load MVGigEVisionSDK success
Error   2026-06-02 03:39:28:780  DevID:  Source-Line:libMvCameraControl.so(GenTLLoadLibraryEx.cpp-L0222)  ProcessName:grabImgWithTrigger(118085)     Description:[LoadCtiLibInter]Load CTI failed! CTI path[/opt/MVS/lib/aarch64/libMvProducerVIR.so], nRet[0x8000000c]
Info    2026-06-02 03:39:28:858  DevID:MV-CS050-10GC(DB0498485)  Source-Line:libMvCameraControl.so(GigEDevice.cpp-L0375)  ProcessName:grabImgWithTrigger(118085)     Description:[Init]GEV INFO DeviceIP[192.168.127.3], NetIP[192.168.127.110], ManufacturerInfo[Hikrobot], DeviceVersion[V4.0.43 250414 1530132], UserID[]
Info    2026-06-02 03:39:28:858  DevID:MV-CS050-10GC(DB0498485)  Source-Line:libMvCameraControl.so(MediaProcess.cpp-L0880)  ProcessName:grabImgWithTrigger(118085)     Description:[SetBayerCvtQuality]Set Bayer CvtQuality success! BayerCvtQuality[1]
Info    2026-06-02 03:39:28:858  DevID:MV-CS050-10GC(DB0498485)  Source-Line:libMvCameraControl.so(MediaProcess.cpp-L1876)  ProcessName:grabImgWithTrigger(118085)     Description:[SetBayerThreadNum]Set Bayer Thread Num success! BayerThreadNum[4]
Info    2026-06-02 03:39:28:858  DevID:MV-CS050-10GC(DB0498485)  Source-Line:libMvCameraControl.so(MediaProcess.cpp-L0880)  ProcessName:grabImgWithTrigger(118085)     Description:[SetBayerCvtQuality]Set Bayer CvtQuality success! BayerCvtQuality[1]
Info    2026-06-02 03:39:28:858  DevID:MV-CS050-10GC(DB0498485)  Source-Line:libMvCameraControl.so(MediaProcess.cpp-L1876)  ProcessName:grabImgWithTrigger(118085)     Description:[SetBayerThreadNum]Set Bayer Thread Num success! BayerThreadNum[4]
Info    2026-06-02 03:39:28:901  DevID:  Source-Line:libMvCameraControl.so(CacheXmlToFile.cpp-L0576)  ProcessName:grabImgWithTrigger(118085)     Description:[ReadCacheFile]ReadLocalFile XMLPath[SchemaVersion.1.0@Hikrobot#GEV#MV-CS050-10GC#V4.0.43 250414 1530132@XMLVersion.1.0.0.zip]
Info    2026-06-02 03:39:28:901  DevID:MV-CS050-10GC(DB0498485)  Source-Line:libMvCameraControl.so(GigEDevice.cpp-L0576)  ProcessName:grabImgWithTrigger(118085)     Description:[GetXmlInfo]Get GenICamXML From local File, len [0x197c9] Type[1]
Info    2026-06-02 03:39:29:110  DevID:MV-CS050-10GC(DB0498485)  Source-Line:libMvCameraControl.so(GigEDevice.cpp-L0922)  ProcessName:grabImgWithTrigger(118085)     Description:[OpenDevice]Load XML success
Info    2026-06-02 03:39:29:114  DevID:MV-CS050-10GC(DB0498485)  Source-Line:libMvCameraControl.so(GenICamImpl.cpp-L0802)  ProcessName:grabImgWithTrigger(118085)     Description:[InvalidateNodes]Invalidate Nodes success
Info    2026-06-02 03:39:29:114  DevID:MV-CS050-10GC(DB0498485)  Source-Line:libMvCameraControl.so(GigEDevice.cpp-L0935)  ProcessName:grabImgWithTrigger(118085)     Description:[OpenDevice]Invalidate Nodes success
Info    2026-06-02 03:39:29:117  DevID:MV-CS050-10GC(DB0498485)  Source-Line:libMvCameraControl.so(StreamGrab.cpp-L0237)  ProcessName:grabImgWithTrigger(118085)     Description:[Open]Stream channel[0] opened
Info    2026-06-02 03:39:29:119  DevID:MV-CS050-10GC(DB0498485)  Source-Line:libMvCameraControl.so(GigEDevice.cpp-L0967)  ProcessName:grabImgWithTrigger(118085)     Description:[OpenDevice]Open device success! PrivilegeMode[1], SwitchoverKey[0], DeviceUptime[11476],DeviceFirmwareVersion[V4.0.43 2504141530132 23120701]
Info    2026-06-02 03:39:29:119  DevID:MV-CS050-10GC(DB0498485)  Source-Line:libMvCameraControl.so(MediaProcess.cpp-L0880)  ProcessName:grabImgWithTrigger(118085)     Description:[SetBayerCvtQuality]Set Bayer CvtQuality success! BayerCvtQuality[1]
Info    2026-06-02 03:39:29:119  DevID:MV-CS050-10GC(DB0498485)  Source-Line:libMvCameraControl.so(MediaProcess.cpp-L1876)  ProcessName:grabImgWithTrigger(118085)     Description:[SetBayerThreadNum]Set Bayer Thread Num success! BayerThreadNum[4]
Info    2026-06-02 03:39:29:119  DevID:MV-CS050-10GC(DB0498485)  Source-Line:libMvCameraControl.so(GigEDevice.cpp-L0986)  ProcessName:grabImgWithTrigger(118085)     Description:[OpenDevice]OpenDevice, cost time 261.000000ms 
Info    2026-06-02 03:39:29:119  DevID:  Source-Line:libMvCameraControl.so(GenICamImpl.cpp-L2412)  ProcessName:grabImgWithTrigger(118085)     Description:[RecordThread]RecordThread Start, ThreadId[2348798048]
Info    2026-06-02 03:39:29:147  DevID:MV-CS050-10GC(DB0498485)  Source-Line:libMvCameraControl.so(GenICamImpl.cpp-L2443)  ProcessName:grabImgWithTrigger(118085)     Description:[RecordThreadProc][Record] Get BlackLevel value [240]
Info    2026-06-02 03:39:29:155  DevID:MV-CS050-10GC(DB0498485)  Source-Line:libMvCameraControl.so(GenICamImpl.cpp-L2465)  ProcessName:grabImgWithTrigger(118085)     Description:[RecordThreadProc][Record] Get BalanceWhiteAuto Value [1] (0:off 1:contineu; 2:once):
Info    2026-06-02 03:39:29:159  DevID:MV-CS050-10GC(DB0498485)  Source-Line:libMvCameraControl.so(GenICamImpl.cpp-L2531)  ProcessName:grabImgWithTrigger(118085)     Description:[RecordThreadProc][Record] Get ExposureAuto value [0]
Info    2026-06-02 03:39:29:170  DevID:MV-CS050-10GC(DB0498485)  Source-Line:libMvCameraControl.so(GenICamImpl.cpp-L2553)  ProcessName:grabImgWithTrigger(118085)     Description:[RecordThreadProc][Record] Get ExposureTime value [5000.000000] 
Info    2026-06-02 03:39:29:179  DevID:MV-CS050-10GC(DB0498485)  Source-Line:libMvCameraControl.so(GenICamImpl.cpp-L2574)  ProcessName:grabImgWithTrigger(118085)     Description:[RecordThreadProc][Record] Get GainAuto value [2] (0:off 1:contineu; 2:once):
Info    2026-06-02 03:39:29:187  DevID:MV-CS050-10GC(DB0498485)  Source-Line:libMvCameraControl.so(GenICamImpl.cpp-L2595)  ProcessName:grabImgWithTrigger(118085)     Description:[RecordThreadProc][Record] Get Gain value [23.981199] 
Info    2026-06-02 03:39:29:209  DevID:MV-CS050-10GC(DB0498485)  Source-Line:libMvCameraControl.so(GenICamImpl.cpp-L2616)  ProcessName:grabImgWithTrigger(118085)     Description:[RecordThreadProc][Record] Get PixelFormat value [35127316] :
Info    2026-06-02 03:39:29:210  DevID:MV-CS050-10GC(DB0498485)  Source-Line:libMvCameraControl.so(GenICamImpl.cpp-L2637)  ProcessName:grabImgWithTrigger(118085)     Description:[RecordThreadProc][Record] Get GammaEnable value [1] 
Info    2026-06-02 03:39:29:220  DevID:MV-CS050-10GC(DB0498485)  Source-Line:libMvCameraControl.so(GenICamImpl.cpp-L2658)  ProcessName:grabImgWithTrigger(118085)     Description:[RecordThreadProc][Record] Get Gamma value [0.700000] 
Error   2026-06-02 03:39:29:221  DevID:MV-CS050-10GC(DB0498485)  Source-Line:libMvCameraControl.so(GenICamImpl.cpp-L1181)  ProcessName:grabImgWithTrigger(118085)     Description:[XML_GetNodeAccessMode]PropertyName[SeqExpEnable], Ret[0x80000109]
Error   2026-06-02 03:39:29:221  DevID:MV-CS050-10GC(DB0498485)  Source-Line:libMvCameraControl.so(GenICamImpl.cpp-L1181)  ProcessName:grabImgWithTrigger(118085)     Description:[XML_GetNodeAccessMode]PropertyName[MultiLightControl], Ret[0x80000109]
Info    2026-06-02 03:39:29:225  DevID:MV-CS050-10GC(DB0498485)  Source-Line:libMvCameraControl.so(LiquidLensController.cpp-L2113)  ProcessName:grabImgWithTrigger(118085)     Description:[SetFastQuit][CLiquidLensController]SetFastQuit: Fast quit disabled
Info    2026-06-02 03:39:29:225  DevID:MV-CS050-10GC(DB0498485)  Source-Line:libMvCameraControl.so(GigEStream.cpp-L0070)  ProcessName:grabImgWithTrigger(118085)     Description:[StartAcquisition][GEV]Width[2448], Height[2048], PixelFormat[0x2180014], PayloadSize[15040512], ChunkCount[100], CompressMode[0], DeviceUptime[11476]
Info    2026-06-02 03:39:29:226  DevID:MV-CS050-10GC(DB0498485)  Source-Line:libMvCameraControl.so(GenICamImpl.cpp-L2679)  ProcessName:grabImgWithTrigger(118085)     Description:[RecordThreadProc][Record] Get UserSetCurrent value [0]
Info    2026-06-02 03:39:29:233  DevID:MV-CS050-10GC(DB0498485)  Source-Line:libMvCameraControl.so(GenICamImpl.cpp-L2700)  ProcessName:grabImgWithTrigger(118085)     Description:[RecordThreadProc][Record] Get UserSetSelector value [0] 
Info    2026-06-02 03:39:29:235  DevID:MV-CS050-10GC(DB0498485)  Source-Line:libMvCameraControl.so(StreamGrab.cpp-L0872)  ProcessName:grabImgWithTrigger(118085)     Description:[StartGrabbing]StreamChannel[0], Start grabbing success, There is no registration callback.
Info    2026-06-02 03:39:29:236  DevID:MV-CS050-10GC(DB0498485)  Source-Line:libMvCameraControl.so(GenICamImpl.cpp-L2721)  ProcessName:grabImgWithTrigger(118085)     Description:[RecordThreadProc][Record] Get UserSetDefault value[0]
Info    2026-06-02 03:39:29:236  DevID:  Source-Line:libMvCameraControl.so(GenICamImpl.cpp-L2417)  ProcessName:grabImgWithTrigger(118085)     Description:[RecordThread]RecordThread End, ThreadId[2348798048]
Info    2026-06-02 03:42:19:347  DevID:MV-CS050-10GC(DB0498485)  Source-Line:libMvCameraControl.so(LiquidLensController.cpp-L2109)  ProcessName:grabImgWithTrigger(118085)     Description:[SetFastQuit][CLiquidLensController]SetFastQuit: Fast quit enabled
Info    2026-06-02 03:42:19:360  DevID:MV-CS050-10GC(DB0498485)  Source-Line:libMvCameraControl.so(StreamGrab.cpp-L0937)  ProcessName:grabImgWithTrigger(118085)     Description:[StopGrabbing]Stop grabbing success! DeviceUptime[11646]
Info    2026-06-02 03:42:19:360  DevID:MV-CS050-10GC(DB0498485)  Source-Line:libMvCameraControl.so(GigEDevice.cpp-L0760)  ProcessName:grabImgWithTrigger(118085)     Description:[CloseGigEDevice] Close device begin!
Error   2026-06-02 03:42:19:360  DevID:MV-CS050-10GC(DB0498485)  Source-Line:libMvCameraControl.so(StreamGrab.cpp-L0885)  ProcessName:grabImgWithTrigger(118085)     Description:[StopGrabbing]StreamChannel[0], bGrabbing[0], pDevStream[0xaaaab6532d30]
Info    2026-06-02 03:42:19:360  DevID:MV-CS050-10GC(DB0498485)  Source-Line:libMvCameraControl.so(StreamGrab.cpp-L0273)  ProcessName:grabImgWithTrigger(118085)     Description:[Close]Stream channel[0] closed
Info    2026-06-02 03:42:19:361  DevID:MV-CS050-10GC(DB0498485)  Source-Line:libMvCameraControl.so(GigEDevice.cpp-L0777)  ProcessName:grabImgWithTrigger(118085)     Description:[CloseGigEDevice]DeviceUptime[11646]
Info    2026-06-02 03:42:19:366  DevID:MV-CS050-10GC(DB0498485)  Source-Line:libMvCameraControl.so(GigEDevice.cpp-L0803)  ProcessName:grabImgWithTrigger(118085)     Description:[CloseGigEDevice]Close device success!
Info    2026-06-02 03:42:19:366  DevID:MV-CS050-10GC(DB0498485)  Source-Line:libMvCameraControl.so(GigEDeviceEvent.cpp-L0046)  ProcessName:grabImgWithTrigger(118085)     Description:[Deinit]GigEDeviceEvent Deinit  RecvAllEvent  [0],
